"sig","time_branch","parent_node","child_node","ref_branch","rate","log_rate","candidate"
"clade:Aulostomidae_Aulostomus_maculatus_CEO156|Callionymidae_Anaora_tentaculata_CEO61|Callionymidae_Callionymus_australis_CSIROGT893|Callionymidae_Callionymus_bairdi_USNMAC4YY15|Callionymidae_Callionymus_belcheri_CEO149|Callionymidae_Callionymus_calcaratus_CEO76|Callionymidae_Callionymus_curvicornis_CEO154|Callionymidae_Callionymus_delicatulus_CEO94|Callionymidae_Callionymus_grossi_CEO150|Callionymidae_Callionymus_limiceps_CEO152|Callionymidae_Callionymus_lunatus_CEO4|Callionymidae_Callionymus_marquesensis_USNMAG7PU28|Callionymidae_Callionymus_moretonensis_CSIROGT6463|Callionymidae_Callionymus_ogilbyi_CSIROGT4778|Callionymidae_Callionymus_russelli_CSIRODGQ0686b|Callionymidae_Callionymus_scaber_CEO64|Callionymidae_Callionymus_sereti_CSIROGT4601|Callionymidae_Dactylopus_dactylopus_CSIROGT4079|Callionymidae_Diplogrammus_goramensis_CEO93|Callionymidae_Draculo_mirabilis_CEO155|Callionymidae_Synchiropus_agassizii_CEO81|Callionymidae_Synchiropus_altivelis_CEO148|Callionymidae_Synchiropus_apricus_CSIROGT882|Callionymidae_Synchiropus_atrilabiatus_CEO85|Callionymidae_Synchiropus_calauropomus_CSIROGT4799|Callionymidae_Synchiropus_goodenbeani_CEO82|Callionymidae_Synchiropus_masudai_CEO74|Callionymidae_Synchiropus_morrisoni_USNMAC1VE19|Callionymidae_Synchiropus_moyeri_CEO89|Callionymidae_Synchiropus_ocellatus_CEO24|Callionymidae_Synchiropus_phaeton_USNM405116|Callionymidae_Synchiropus_picturatus_CEO23|Callionymidae_Synchiropus_rameus_CSIROGT4623|Callionymidae_Synchiropus_splendidus_CEO135|Callionymidae_Synchiropus_stellatus_CEO78|Centriscidae_Aeoliscus_strigatus_CEO32|Centriscidae_Centriscops_humerosus_CSIROGT8057|Centriscidae_Centriscus_cristatus_CSIROGT4449|Centriscidae_Centriscus_scutatus_CEO59|Centriscidae_Macroramphosus_gracilis_CEO68|Centriscidae_Macroramphosus_scolopax_CEO28|Centriscidae_Notopogon_fernandezianus_CSIROGT902|Centriscidae_Notopogon_lilliei_CSIROGT7994|Dactylopteridae_Dactyloptena_orientalis_CEO33|Dactylopteridae_Dactyloptena_papilio_CSIROGT6501|Dactylopteridae_Dactyloptena_peterseni_CEO69|Dactylopteridae_Dactylopterus_volitans_CEO70|Draconettidae_Draconetta_xenica_CSIROGT11264|Fistulariidae_Fistularia_commersonii_CEO40B|Fistulariidae_Fistularia_corneta_CEO62|Fistulariidae_Fistularia_petimba_CEO88|Mullidae_Mulloidichthys_dentatus_CEO43|Mullidae_Mulloidichthys_flavolineatus_KU5644|Mullidae_Mulloidichthys_martinicus_CEO27|Mullidae_Mulloidichthys_vanicolensis_CEO44|Mullidae_Mullus_argentinae_UNMDPT0134|Mullidae_Mullus_auratus_CEO95|Mullidae_Parupeneus_barberinoides_CEO30|Mullidae_Parupeneus_barberinus_CEO47|Mullidae_Parupeneus_crassilabris_USNMAG9RE44|Mullidae_Parupeneus_cyclostomus_CEO45|Mullidae_Parupeneus_forsskali_FMNHRS1304T54|Mullidae_Parupeneus_inayatae_CSIROIN00502|Mullidae_Parupeneus_indicus_USNMAG9RD89|Mullidae_Parupeneus_insularis_USNMAG5NQ87|Mullidae_Parupeneus_jansenii_CSIROGT4602|Mullidae_Parupeneus_multifasciatus_CEO46|Mullidae_Parupeneus_pleurostigma_KU743|Mullidae_Parupeneus_procerigena_KU6817|Mullidae_Parupeneus_rubescens_CEO66|Mullidae_Pseudupeneus_grandisquamis_CEO41|Mullidae_Pseudupeneus_maculatus_CEO55|Mullidae_Pseudupeneus_prayensis_USNMAD9NF17|Mullidae_Upeneichthys_lineatus_CEO63|Mullidae_Upeneichthys_stotti_CSIROGT5950|Mullidae_Upeneichthys_vlamingii_CSIROGT266|Mullidae_Upeneus_asymmetricus_CSIROIN01738|Mullidae_Upeneus_australiae_CSIROGT4135|Mullidae_Upeneus_filifer_CSIROCMR003702A|Mullidae_Upeneus_guttatus_CSIROGT4122|Mullidae_Upeneus_japonicus_KU10324|Mullidae_Upeneus_moluccensis_KU6747|Mullidae_Upeneus_nigromarginatus_USNMAG9RE99|Mullidae_Upeneus_quadrilineatus_CSIROIN02060|Mullidae_Upeneus_sulphureus_USNMAG9RC75|Mullidae_Upeneus_sundaicus_CSIROGT4266|Mullidae_Upeneus_torres_CSIROGT1917|Mullidae_Upeneus_tragula_CEO48|Pegasidae_Eurypegasus_draconis_CEO49|Pegasidae_Pegasus_tetrabelos_CSIROGT7822|Pegasidae_Pegasus_volitans_CEO58|Solenostomidae_Solenostomus_cyanopterus_CEO37|Solenostomidae_Solenostomus_paradoxus_CEO42B|Syngnathidae_Bryx_randalli_USNMAC5ZB14|Syngnathidae_Choeroichthys_sculptus_CEO3|Syngnathidae_Corythoichthys_amplexus_CEO80|Syngnathidae_Corythoichthys_flavofasciatus_CEO92|Syngnathidae_Corythoichthys_haematopterus_CEO34|Syngnathidae_Corythoichthys_intestinalis_CEO86|Syngnathidae_Corythoichthys_schultzi_CEO72|Syngnathidae_Cosmocampus_albirostris_USNMAC5ZM66|Syngnathidae_Cosmocampus_arctus_CEO26|Syngnathidae_Doryichthys_boaja_CEO141|Syngnathidae_Doryichthys_martensii_CEO19|Syngnathidae_Doryrhamphus_excisus_CEO137|Syngnathidae_Doryrhamphus_janssi_CEO2|Syngnathidae_Doryrhamphus_melanopleura_CSIROGT3241|Syngnathidae_Dunckerocampus_boylei_CEO51|Syngnathidae_Dunckerocampus_dactyliophorus_CEO35|Syngnathidae_Dunckerocampus_pessuliferus_CEO140|Syngnathidae_Enneacampus_ansorgii_CEO11|Syngnathidae_Entelurus_aequoreus_CEO113|Syngnathidae_Festucalex_wassi_CEO10|Syngnathidae_Filicampus_tigris_CSIROGT4369|Syngnathidae_Halicampus_crinitus_CEO79|Syngnathidae_Halicampus_dunckeri_CEO8|Syngnathidae_Haliichthys_taeniophorus_CSIROGT4114|Syngnathidae_Hippichthys_penicillus_CEO121|Syngnathidae_Hippocampus_abdominalis_CEO144|Syngnathidae_Hippocampus_barbouri_CEO9|Syngnathidae_Hippocampus_comes_CEO132|Syngnathidae_Hippocampus_erectus_CEO134|Syngnathidae_Hippocampus_ingens_CEO39|Syngnathidae_Hippocampus_kelloggi_UW153288|Syngnathidae_Hippocampus_kuda_CEO52|Syngnathidae_Hippocampus_reidi_CEO53|Syngnathidae_Hippocampus_subelongatus_CEO131|Syngnathidae_Hippocampus_zosterae_USNMAC2WR35|Syngnathidae_Hypselognathus_rostratus_CEO108|Syngnathidae_Idiotropiscis_lumnitzeri_CEO91|Syngnathidae_Micrognathus_andersonii_USNMAG9RQ99|Syngnathidae_Microphis_brachyurus_CEO116|Syngnathidae_Microphis_cuncalus_CEO17|Syngnathidae_Microphis_deocata_CEO18|Syngnathidae_Microphis_lineatus_STRIBFT18819|Syngnathidae_Nerophis_ophidion_CEO112|Syngnathidae_Phycodurus_eques_CEO50|Syngnathidae_Phyllopteryx_taeniolatus_CEO83|Syngnathidae_Pseudophallus_starksii_STRIBFT05080|Syngnathidae_Siokunichthys_nigrolineatus_CEO102|Syngnathidae_Solegnathus_guentheri_CSIROGT192|Syngnathidae_Solegnathus_hardwickii_CSIRODGQ0572a|Syngnathidae_Solegnathus_spinosissimus_CSIROGT7988|Syngnathidae_Stigmatopora_nigra_CEO153|Syngnathidae_Syngnathoides_biaculeatus_CEO101|Syngnathidae_Syngnathus_abaster_CEO125|Syngnathidae_Syngnathus_acus_CEO109|Syngnathidae_Syngnathus_auliscus_CEO25|Syngnathidae_Syngnathus_californiensis_CEO56|Syngnathidae_Syngnathus_exilis_CEO57|Syngnathidae_Syngnathus_floridae_CEO105|Syngnathidae_Syngnathus_fuscus_CEO123|Syngnathidae_Syngnathus_leptorhynchus_CEO12|Syngnathidae_Syngnathus_louisianae_CEO104|Syngnathidae_Syngnathus_pelagicus_CEO99|Syngnathidae_Syngnathus_rostellatus_CEO110|Syngnathidae_Syngnathus_scovelli_CEO71|Syngnathidae_Syngnathus_springeri_CEO100|Syngnathidae_Syngnathus_taenionotus_CEO126|Syngnathidae_Syngnathus_typhle_CEO111|Syngnathidae_Trachyrhamphus_bicoarctatus_CEO7|Syngnathidae_Vanacampus_phillipi_CEO106|Syngnathidae_Vanacampus_poecilolaemus_CEO107",29.87982791,165,166,0.01069697363,0.000357999840635628,-7.93497801671555,"RelTime"
"clade:Aulostomidae_Aulostomus_maculatus_CEO156|Centriscidae_Aeoliscus_strigatus_CEO32|Centriscidae_Centriscops_humerosus_CSIROGT8057|Centriscidae_Centriscus_cristatus_CSIROGT4449|Centriscidae_Centriscus_scutatus_CEO59|Centriscidae_Macroramphosus_gracilis_CEO68|Centriscidae_Macroramphosus_scolopax_CEO28|Centriscidae_Notopogon_fernandezianus_CSIROGT902|Centriscidae_Notopogon_lilliei_CSIROGT7994|Fistulariidae_Fistularia_commersonii_CEO40B|Fistulariidae_Fistularia_corneta_CEO62|Fistulariidae_Fistularia_petimba_CEO88",3.749628943,167,168,0.001055477986,0.000281488649155651,-8.17541843391279,"RelTime"
"clade:Aulostomidae_Aulostomus_maculatus_CEO156|Centriscidae_Aeoliscus_strigatus_CEO32|Centriscidae_Centriscops_humerosus_CSIROGT8057|Centriscidae_Centriscus_cristatus_CSIROGT4449|Centriscidae_Centriscus_scutatus_CEO59|Centriscidae_Macroramphosus_gracilis_CEO68|Centriscidae_Macroramphosus_scolopax_CEO28|Centriscidae_Notopogon_fernandezianus_CSIROGT902|Centriscidae_Notopogon_lilliei_CSIROGT7994|Fistulariidae_Fistularia_commersonii_CEO40B|Fistulariidae_Fistularia_corneta_CEO62|Fistulariidae_Fistularia_petimba_CEO88|Solenostomidae_Solenostomus_cyanopterus_CEO37|Solenostomidae_Solenostomus_paradoxus_CEO42B|Syngnathidae_Bryx_randalli_USNMAC5ZB14|Syngnathidae_Choeroichthys_sculptus_CEO3|Syngnathidae_Corythoichthys_amplexus_CEO80|Syngnathidae_Corythoichthys_flavofasciatus_CEO92|Syngnathidae_Corythoichthys_haematopterus_CEO34|Syngnathidae_Corythoichthys_intestinalis_CEO86|Syngnathidae_Corythoichthys_schultzi_CEO72|Syngnathidae_Cosmocampus_albirostris_USNMAC5ZM66|Syngnathidae_Cosmocampus_arctus_CEO26|Syngnathidae_Doryichthys_boaja_CEO141|Syngnathidae_Doryichthys_martensii_CEO19|Syngnathidae_Doryrhamphus_excisus_CEO137|Syngnathidae_Doryrhamphus_janssi_CEO2|Syngnathidae_Doryrhamphus_melanopleura_CSIROGT3241|Syngnathidae_Dunckerocampus_boylei_CEO51|Syngnathidae_Dunckerocampus_dactyliophorus_CEO35|Syngnathidae_Dunckerocampus_pessuliferus_CEO140|Syngnathidae_Enneacampus_ansorgii_CEO11|Syngnathidae_Entelurus_aequoreus_CEO113|Syngnathidae_Festucalex_wassi_CEO10|Syngnathidae_Filicampus_tigris_CSIROGT4369|Syngnathidae_Halicampus_crinitus_CEO79|Syngnathidae_Halicampus_dunckeri_CEO8|Syngnathidae_Haliichthys_taeniophorus_CSIROGT4114|Syngnathidae_Hippichthys_penicillus_CEO121|Syngnathidae_Hippocampus_abdominalis_CEO144|Syngnathidae_Hippocampus_barbouri_CEO9|Syngnathidae_Hippocampus_comes_CEO132|Syngnathidae_Hippocampus_erectus_CEO134|Syngnathidae_Hippocampus_ingens_CEO39|Syngnathidae_Hippocampus_kelloggi_UW153288|Syngnathidae_Hippocampus_kuda_CEO52|Syngnathidae_Hippocampus_reidi_CEO53|Syngnathidae_Hippocampus_subelongatus_CEO131|Syngnathidae_Hippocampus_zosterae_USNMAC2WR35|Syngnathidae_Hypselognathus_rostratus_CEO108|Syngnathidae_Idiotropiscis_lumnitzeri_CEO91|Syngnathidae_Micrognathus_andersonii_USNMAG9RQ99|Syngnathidae_Microphis_brachyurus_CEO116|Syngnathidae_Microphis_cuncalus_CEO17|Syngnathidae_Microphis_deocata_CEO18|Syngnathidae_Microphis_lineatus_STRIBFT18819|Syngnathidae_Nerophis_ophidion_CEO112|Syngnathidae_Phycodurus_eques_CEO50|Syngnathidae_Phyllopteryx_taeniolatus_CEO83|Syngnathidae_Pseudophallus_starksii_STRIBFT05080|Syngnathidae_Siokunichthys_nigrolineatus_CEO102|Syngnathidae_Solegnathus_guentheri_CSIROGT192|Syngnathidae_Solegnathus_hardwickii_CSIRODGQ0572a|Syngnathidae_Solegnathus_spinosissimus_CSIROGT7988|Syngnathidae_Stigmatopora_nigra_CEO153|Syngnathidae_Syngnathoides_biaculeatus_CEO101|Syngnathidae_Syngnathus_abaster_CEO125|Syngnathidae_Syngnathus_acus_CEO109|Syngnathidae_Syngnathus_auliscus_CEO25|Syngnathidae_Syngnathus_californiensis_CEO56|Syngnathidae_Syngnathus_exilis_CEO57|Syngnathidae_Syngnathus_floridae_CEO105|Syngnathidae_Syngnathus_fuscus_CEO123|Syngnathidae_Syngnathus_leptorhynchus_CEO12|Syngnathidae_Syngnathus_louisianae_CEO104|Syngnathidae_Syngnathus_pelagicus_CEO99|Syngnathidae_Syngnathus_rostellatus_CEO110|Syngnathidae_Syngnathus_scovelli_CEO71|Syngnathidae_Syngnathus_springeri_CEO100|Syngnathidae_Syngnathus_taenionotus_CEO126|Syngnathidae_Syngnathus_typhle_CEO111|Syngnathidae_Trachyrhamphus_bicoarctatus_CEO7|Syngnathidae_Vanacampus_phillipi_CEO106|Syngnathidae_Vanacampus_poecilolaemus_CEO107",4.744390052,166,167,0.003381841716,0.000712808533643726,-7.24629770987636,"RelTime"
"clade:Aulostomidae_Aulostomus_maculatus_CEO156|Fistulariidae_Fistularia_commersonii_CEO40B|Fistulariidae_Fistularia_corneta_CEO62|Fistulariidae_Fistularia_petimba_CEO88",12.86575873,168,169,0.006277724398,0.000487940472827443,-7.6253171414625,"RelTime"
"clade:Callionymidae_Anaora_tentaculata_CEO61|Callionymidae_Callionymus_australis_CSIROGT893|Callionymidae_Callionymus_bairdi_USNMAC4YY15|Callionymidae_Callionymus_belcheri_CEO149|Callionymidae_Callionymus_calcaratus_CEO76|Callionymidae_Callionymus_curvicornis_CEO154|Callionymidae_Callionymus_delicatulus_CEO94|Callionymidae_Callionymus_grossi_CEO150|Callionymidae_Callionymus_limiceps_CEO152|Callionymidae_Callionymus_lunatus_CEO4|Callionymidae_Callionymus_marquesensis_USNMAG7PU28|Callionymidae_Callionymus_moretonensis_CSIROGT6463|Callionymidae_Callionymus_ogilbyi_CSIROGT4778|Callionymidae_Callionymus_russelli_CSIRODGQ0686b|Callionymidae_Callionymus_scaber_CEO64|Callionymidae_Callionymus_sereti_CSIROGT4601|Callionymidae_Dactylopus_dactylopus_CSIROGT4079|Callionymidae_Diplogrammus_goramensis_CEO93|Callionymidae_Draculo_mirabilis_CEO155|Callionymidae_Synchiropus_agassizii_CEO81|Callionymidae_Synchiropus_altivelis_CEO148|Callionymidae_Synchiropus_apricus_CSIROGT882|Callionymidae_Synchiropus_atrilabiatus_CEO85|Callionymidae_Synchiropus_calauropomus_CSIROGT4799|Callionymidae_Synchiropus_goodenbeani_CEO82|Callionymidae_Synchiropus_masudai_CEO74|Callionymidae_Synchiropus_morrisoni_USNMAC1VE19|Callionymidae_Synchiropus_moyeri_CEO89|Callionymidae_Synchiropus_ocellatus_CEO24|Callionymidae_Synchiropus_phaeton_USNM405116|Callionymidae_Synchiropus_picturatus_CEO23|Callionymidae_Synchiropus_rameus_CSIROGT4623|Callionymidae_Synchiropus_splendidus_CEO135|Callionymidae_Synchiropus_stellatus_CEO78",48.87100332,294,295,0.07181402,0.00146946072561213,-6.52285979882372,"RelTime"
"clade:Callionymidae_Anaora_tentaculata_CEO61|Callionymidae_Callionymus_australis_CSIROGT893|Callionymidae_Callionymus_bairdi_USNMAC4YY15|Callionymidae_Callionymus_belcheri_CEO149|Callionymidae_Callionymus_calcaratus_CEO76|Callionymidae_Callionymus_curvicornis_CEO154|Callionymidae_Callionymus_delicatulus_CEO94|Callionymidae_Callionymus_grossi_CEO150|Callionymidae_Callionymus_limiceps_CEO152|Callionymidae_Callionymus_lunatus_CEO4|Callionymidae_Callionymus_marquesensis_USNMAG7PU28|Callionymidae_Callionymus_moretonensis_CSIROGT6463|Callionymidae_Callionymus_ogilbyi_CSIROGT4778|Callionymidae_Callionymus_russelli_CSIRODGQ0686b|Callionymidae_Callionymus_scaber_CEO64|Callionymidae_Callionymus_sereti_CSIROGT4601|Callionymidae_Dactylopus_dactylopus_CSIROGT4079|Callionymidae_Diplogrammus_goramensis_CEO93|Callionymidae_Draculo_mirabilis_CEO155|Callionymidae_Synchiropus_agassizii_CEO81|Callionymidae_Synchiropus_altivelis_CEO148|Callionymidae_Synchiropus_apricus_CSIROGT882|Callionymidae_Synchiropus_atrilabiatus_CEO85|Callionymidae_Synchiropus_calauropomus_CSIROGT4799|Callionymidae_Synchiropus_goodenbeani_CEO82|Callionymidae_Synchiropus_masudai_CEO74|Callionymidae_Synchiropus_morrisoni_USNMAC1VE19|Callionymidae_Synchiropus_moyeri_CEO89|Callionymidae_Synchiropus_ocellatus_CEO24|Callionymidae_Synchiropus_phaeton_USNM405116|Callionymidae_Synchiropus_picturatus_CEO23|Callionymidae_Synchiropus_rameus_CSIROGT4623|Callionymidae_Synchiropus_splendidus_CEO135|Callionymidae_Synchiropus_stellatus_CEO78|Dactylopteridae_Dactyloptena_orientalis_CEO33|Dactylopteridae_Dactyloptena_papilio_CSIROGT6501|Dactylopteridae_Dactyloptena_peterseni_CEO69|Dactylopteridae_Dactylopterus_volitans_CEO70|Draconettidae_Draconetta_xenica_CSIROGT11264|Mullidae_Mulloidichthys_dentatus_CEO43|Mullidae_Mulloidichthys_flavolineatus_KU5644|Mullidae_Mulloidichthys_martinicus_CEO27|Mullidae_Mulloidichthys_vanicolensis_CEO44|Mullidae_Mullus_argentinae_UNMDPT0134|Mullidae_Mullus_auratus_CEO95|Mullidae_Parupeneus_barberinoides_CEO30|Mullidae_Parupeneus_barberinus_CEO47|Mullidae_Parupeneus_crassilabris_USNMAG9RE44|Mullidae_Parupeneus_cyclostomus_CEO45|Mullidae_Parupeneus_forsskali_FMNHRS1304T54|Mullidae_Parupeneus_inayatae_CSIROIN00502|Mullidae_Parupeneus_indicus_USNMAG9RD89|Mullidae_Parupeneus_insularis_USNMAG5NQ87|Mullidae_Parupeneus_jansenii_CSIROGT4602|Mullidae_Parupeneus_multifasciatus_CEO46|Mullidae_Parupeneus_pleurostigma_KU743|Mullidae_Parupeneus_procerigena_KU6817|Mullidae_Parupeneus_rubescens_CEO66|Mullidae_Pseudupeneus_grandisquamis_CEO41|Mullidae_Pseudupeneus_maculatus_CEO55|Mullidae_Pseudupeneus_prayensis_USNMAD9NF17|Mullidae_Upeneichthys_lineatus_CEO63|Mullidae_Upeneichthys_stotti_CSIROGT5950|Mullidae_Upeneichthys_vlamingii_CSIROGT266|Mullidae_Upeneus_asymmetricus_CSIROIN01738|Mullidae_Upeneus_australiae_CSIROGT4135|Mullidae_Upeneus_filifer_CSIROCMR003702A|Mullidae_Upeneus_guttatus_CSIROGT4122|Mullidae_Upeneus_japonicus_KU10324|Mullidae_Upeneus_moluccensis_KU6747|Mullidae_Upeneus_nigromarginatus_USNMAG9RE99|Mullidae_Upeneus_quadrilineatus_CSIROIN02060|Mullidae_Upeneus_sulphureus_USNMAG9RC75|Mullidae_Upeneus_sundaicus_CSIROGT4266|Mullidae_Upeneus_torres_CSIROGT1917|Mullidae_Upeneus_tragula_CEO48|Pegasidae_Eurypegasus_draconis_CEO49|Pegasidae_Pegasus_tetrabelos_CSIROGT7822|Pegasidae_Pegasus_volitans_CEO58",2.06562036,166,250,0.001747811847,0.000846143793334802,-7.0748212443202,"RelTime"
"clade:Callionymidae_Anaora_tentaculata_CEO61|Callionymidae_Callionymus_australis_CSIROGT893|Callionymidae_Callionymus_bairdi_USNMAC4YY15|Callionymidae_Callionymus_belcheri_CEO149|Callionymidae_Callionymus_calcaratus_CEO76|Callionymidae_Callionymus_curvicornis_CEO154|Callionymidae_Callionymus_delicatulus_CEO94|Callionymidae_Callionymus_grossi_CEO150|Callionymidae_Callionymus_limiceps_CEO152|Callionymidae_Callionymus_lunatus_CEO4|Callionymidae_Callionymus_marquesensis_USNMAG7PU28|Callionymidae_Callionymus_moretonensis_CSIROGT6463|Callionymidae_Callionymus_ogilbyi_CSIROGT4778|Callionymidae_Callionymus_russelli_CSIRODGQ0686b|Callionymidae_Callionymus_scaber_CEO64|Callionymidae_Callionymus_sereti_CSIROGT4601|Callionymidae_Dactylopus_dactylopus_CSIROGT4079|Callionymidae_Diplogrammus_goramensis_CEO93|Callionymidae_Draculo_mirabilis_CEO155|Callionymidae_Synchiropus_agassizii_CEO81|Callionymidae_Synchiropus_altivelis_CEO148|Callionymidae_Synchiropus_apricus_CSIROGT882|Callionymidae_Synchiropus_atrilabiatus_CEO85|Callionymidae_Synchiropus_calauropomus_CSIROGT4799|Callionymidae_Synchiropus_goodenbeani_CEO82|Callionymidae_Synchiropus_masudai_CEO74|Callionymidae_Synchiropus_morrisoni_USNMAC1VE19|Callionymidae_Synchiropus_moyeri_CEO89|Callionymidae_Synchiropus_ocellatus_CEO24|Callionymidae_Synchiropus_phaeton_USNM405116|Callionymidae_Synchiropus_picturatus_CEO23|Callionymidae_Synchiropus_rameus_CSIROGT4623|Callionymidae_Synchiropus_splendidus_CEO135|Callionymidae_Synchiropus_stellatus_CEO78|Draconettidae_Draconetta_xenica_CSIROGT11264",12.80931998,257,294,0.01878193221,0.00146627082775084,-6.52503295332282,"RelTime"
"clade:Callionymidae_Anaora_tentaculata_CEO61|Callionymidae_Callionymus_australis_CSIROGT893|Callionymidae_Callionymus_bairdi_USNMAC4YY15|Callionymidae_Callionymus_belcheri_CEO149|Callionymidae_Callionymus_calcaratus_CEO76|Callionymidae_Callionymus_curvicornis_CEO154|Callionymidae_Callionymus_delicatulus_CEO94|Callionymidae_Callionymus_grossi_CEO150|Callionymidae_Callionymus_limiceps_CEO152|Callionymidae_Callionymus_lunatus_CEO4|Callionymidae_Callionymus_marquesensis_USNMAG7PU28|Callionymidae_Callionymus_moretonensis_CSIROGT6463|Callionymidae_Callionymus_ogilbyi_CSIROGT4778|Callionymidae_Callionymus_russelli_CSIRODGQ0686b|Callionymidae_Callionymus_scaber_CEO64|Callionymidae_Callionymus_sereti_CSIROGT4601|Callionymidae_Dactylopus_dactylopus_CSIROGT4079|Callionymidae_Diplogrammus_goramensis_CEO93|Callionymidae_Draculo_mirabilis_CEO155|Callionymidae_Synchiropus_agassizii_CEO81|Callionymidae_Synchiropus_altivelis_CEO148|Callionymidae_Synchiropus_apricus_CSIROGT882|Callionymidae_Synchiropus_atrilabiatus_CEO85|Callionymidae_Synchiropus_calauropomus_CSIROGT4799|Callionymidae_Synchiropus_goodenbeani_CEO82|Callionymidae_Synchiropus_masudai_CEO74|Callionymidae_Synchiropus_morrisoni_USNMAC1VE19|Callionymidae_Synchiropus_moyeri_CEO89|Callionymidae_Synchiropus_ocellatus_CEO24|Callionymidae_Synchiropus_phaeton_USNM405116|Callionymidae_Synchiropus_picturatus_CEO23|Callionymidae_Synchiropus_rameus_CSIROGT4623|Callionymidae_Synchiropus_splendidus_CEO135|Callionymidae_Synchiropus_stellatus_CEO78|Draconettidae_Draconetta_xenica_CSIROGT11264|Mullidae_Mulloidichthys_dentatus_CEO43|Mullidae_Mulloidichthys_flavolineatus_KU5644|Mullidae_Mulloidichthys_martinicus_CEO27|Mullidae_Mulloidichthys_vanicolensis_CEO44|Mullidae_Mullus_argentinae_UNMDPT0134|Mullidae_Mullus_auratus_CEO95|Mullidae_Parupeneus_barberinoides_CEO30|Mullidae_Parupeneus_barberinus_CEO47|Mullidae_Parupeneus_crassilabris_USNMAG9RE44|Mullidae_Parupeneus_cyclostomus_CEO45|Mullidae_Parupeneus_forsskali_FMNHRS1304T54|Mullidae_Parupeneus_inayatae_CSIROIN00502|Mullidae_Parupeneus_indicus_USNMAG9RD89|Mullidae_Parupeneus_insularis_USNMAG5NQ87|Mullidae_Parupeneus_jansenii_CSIROGT4602|Mullidae_Parupeneus_multifasciatus_CEO46|Mullidae_Parupeneus_pleurostigma_KU743|Mullidae_Parupeneus_procerigena_KU6817|Mullidae_Parupeneus_rubescens_CEO66|Mullidae_Pseudupeneus_grandisquamis_CEO41|Mullidae_Pseudupeneus_maculatus_CEO55|Mullidae_Pseudupeneus_prayensis_USNMAD9NF17|Mullidae_Upeneichthys_lineatus_CEO63|Mullidae_Upeneichthys_stotti_CSIROGT5950|Mullidae_Upeneichthys_vlamingii_CSIROGT266|Mullidae_Upeneus_asymmetricus_CSIROIN01738|Mullidae_Upeneus_australiae_CSIROGT4135|Mullidae_Upeneus_filifer_CSIROCMR003702A|Mullidae_Upeneus_guttatus_CSIROGT4122|Mullidae_Upeneus_japonicus_KU10324|Mullidae_Upeneus_moluccensis_KU6747|Mullidae_Upeneus_nigromarginatus_USNMAG9RE99|Mullidae_Upeneus_quadrilineatus_CSIROIN02060|Mullidae_Upeneus_sulphureus_USNMAG9RC75|Mullidae_Upeneus_sundaicus_CSIROGT4266|Mullidae_Upeneus_torres_CSIROGT1917|Mullidae_Upeneus_tragula_CEO48",4.625065316,250,257,0.003393627403,0.00073374691407277,-7.2173463925238,"RelTime"
"clade:Callionymidae_Anaora_tentaculata_CEO61|Callionymidae_Callionymus_australis_CSIROGT893|Callionymidae_Callionymus_bairdi_USNMAC4YY15|Callionymidae_Callionymus_belcheri_CEO149|Callionymidae_Callionymus_calcaratus_CEO76|Callionymidae_Callionymus_curvicornis_CEO154|Callionymidae_Callionymus_delicatulus_CEO94|Callionymidae_Callionymus_grossi_CEO150|Callionymidae_Callionymus_limiceps_CEO152|Callionymidae_Callionymus_lunatus_CEO4|Callionymidae_Callionymus_marquesensis_USNMAG7PU28|Callionymidae_Callionymus_moretonensis_CSIROGT6463|Callionymidae_Callionymus_ogilbyi_CSIROGT4778|Callionymidae_Callionymus_russelli_CSIRODGQ0686b|Callionymidae_Callionymus_scaber_CEO64|Callionymidae_Callionymus_sereti_CSIROGT4601|Callionymidae_Dactylopus_dactylopus_CSIROGT4079|Callionymidae_Diplogrammus_goramensis_CEO93|Callionymidae_Draculo_mirabilis_CEO155|Callionymidae_Synchiropus_morrisoni_USNMAC1VE19|Callionymidae_Synchiropus_moyeri_CEO89|Callionymidae_Synchiropus_ocellatus_CEO24|Callionymidae_Synchiropus_picturatus_CEO23|Callionymidae_Synchiropus_rameus_CSIROGT4623|Callionymidae_Synchiropus_splendidus_CEO135|Callionymidae_Synchiropus_stellatus_CEO78",0.9916826374,295,303,0.002268743492,0.00228777171893239,-6.08017698363615,"RelTime"
"clade:Callionymidae_Callionymus_australis_CSIROGT893|Callionymidae_Callionymus_bairdi_USNMAC4YY15|Callionymidae_Callionymus_belcheri_CEO149|Callionymidae_Callionymus_calcaratus_CEO76|Callionymidae_Callionymus_curvicornis_CEO154|Callionymidae_Callionymus_delicatulus_CEO94|Callionymidae_Callionymus_grossi_CEO150|Callionymidae_Callionymus_limiceps_CEO152|Callionymidae_Callionymus_lunatus_CEO4|Callionymidae_Callionymus_marquesensis_USNMAG7PU28|Callionymidae_Callionymus_moretonensis_CSIROGT6463|Callionymidae_Callionymus_ogilbyi_CSIROGT4778|Callionymidae_Callionymus_russelli_CSIRODGQ0686b|Callionymidae_Callionymus_scaber_CEO64|Callionymidae_Callionymus_sereti_CSIROGT4601|Callionymidae_Dactylopus_dactylopus_CSIROGT4079|Callionymidae_Diplogrammus_goramensis_CEO93|Callionymidae_Draculo_mirabilis_CEO155|Callionymidae_Synchiropus_morrisoni_USNMAC1VE19|Callionymidae_Synchiropus_moyeri_CEO89|Callionymidae_Synchiropus_ocellatus_CEO24|Callionymidae_Synchiropus_picturatus_CEO23|Callionymidae_Synchiropus_rameus_CSIROGT4623|Callionymidae_Synchiropus_splendidus_CEO135|Callionymidae_Synchiropus_stellatus_CEO78",2.030523872,303,304,0.004457961008,0.0021954733305396,-6.12135761536509,"RelTime"
"clade:Callionymidae_Callionymus_australis_CSIROGT893|Callionymidae_Callionymus_bairdi_USNMAC4YY15|Callionymidae_Callionymus_belcheri_CEO149|Callionymidae_Callionymus_calcaratus_CEO76|Callionymidae_Callionymus_curvicornis_CEO154|Callionymidae_Callionymus_grossi_CEO150|Callionymidae_Callionymus_limiceps_CEO152|Callionymidae_Callionymus_lunatus_CEO4|Callionymidae_Callionymus_moretonensis_CSIROGT6463|Callionymidae_Callionymus_ogilbyi_CSIROGT4778|Callionymidae_Callionymus_russelli_CSIRODGQ0686b|Callionymidae_Callionymus_scaber_CEO64|Callionymidae_Callionymus_sereti_CSIROGT4601|Callionymidae_Dactylopus_dactylopus_CSIROGT4079|Callionymidae_Diplogrammus_goramensis_CEO93|Callionymidae_Draculo_mirabilis_CEO155|Callionymidae_Synchiropus_morrisoni_USNMAC1VE19|Callionymidae_Synchiropus_moyeri_CEO89|Callionymidae_Synchiropus_ocellatus_CEO24|Callionymidae_Synchiropus_picturatus_CEO23|Callionymidae_Synchiropus_rameus_CSIROGT4623|Callionymidae_Synchiropus_splendidus_CEO135|Callionymidae_Synchiropus_stellatus_CEO78",1.792768415,304,306,0.003333476894,0.00185940184248505,-6.28750043304,"RelTime"
"clade:Callionymidae_Callionymus_australis_CSIROGT893|Callionymidae_Callionymus_bairdi_USNMAC4YY15|Callionymidae_Callionymus_belcheri_CEO149|Callionymidae_Callionymus_calcaratus_CEO76|Callionymidae_Callionymus_curvicornis_CEO154|Callionymidae_Callionymus_grossi_CEO150|Callionymidae_Callionymus_limiceps_CEO152|Callionymidae_Callionymus_lunatus_CEO4|Callionymidae_Callionymus_moretonensis_CSIROGT6463|Callionymidae_Callionymus_ogilbyi_CSIROGT4778|Callionymidae_Callionymus_russelli_CSIRODGQ0686b|Callionymidae_Callionymus_scaber_CEO64|Callionymidae_Callionymus_sereti_CSIROGT4601|Callionymidae_Draculo_mirabilis_CEO155",0.7100294124,306,315,0.001142373907,0.00160891068320482,-6.43219792326169,"RelTime"
"clade:Callionymidae_Callionymus_australis_CSIROGT893|Callionymidae_Callionymus_bairdi_USNMAC4YY15|Callionymidae_Callionymus_belcheri_CEO149|Callionymidae_Callionymus_calcaratus_CEO76|Callionymidae_Callionymus_curvicornis_CEO154|Callionymidae_Callionymus_grossi_CEO150|Callionymidae_Callionymus_limiceps_CEO152|Callionymidae_Callionymus_ogilbyi_CSIROGT4778|Callionymidae_Callionymus_russelli_CSIRODGQ0686b|Callionymidae_Callionymus_scaber_CEO64|Callionymidae_Callionymus_sereti_CSIROGT4601|Callionymidae_Draculo_mirabilis_CEO155",0.5078838827,315,317,0.001441405142,0.00283806041321342,-5.86463441322159,"RelTime"
"clade:Callionymidae_Callionymus_australis_CSIROGT893|Callionymidae_Callionymus_bairdi_USNMAC4YY15|Callionymidae_Callionymus_grossi_CEO150|Callionymidae_Callionymus_ogilbyi_CSIROGT4778|Callionymidae_Callionymus_scaber_CEO64|Callionymidae_Callionymus_sereti_CSIROGT4601",1.829922126,317,318,0.003481941718,0.00190278136349503,-6.2644385877073,"RelTime"
"clade:Callionymidae_Callionymus_australis_CSIROGT893|Callionymidae_Callionymus_bairdi_USNMAC4YY15|Callionymidae_Callionymus_ogilbyi_CSIROGT4778|Callionymidae_Callionymus_scaber_CEO64|Callionymidae_Callionymus_sereti_CSIROGT4601",0.6783934925,318,319,0.001577876829,0.0023259020707661,-6.0636473277642,"RelTime"
"clade:Callionymidae_Callionymus_australis_CSIROGT893|Callionymidae_Callionymus_ogilbyi_CSIROGT4778|Callionymidae_Callionymus_scaber_CEO64|Callionymidae_Callionymus_sereti_CSIROGT4601",5.122493823,319,320,0.007037806276,0.00137390234506487,-6.59010016116861,"RelTime"
"clade:Callionymidae_Callionymus_australis_CSIROGT893|Callionymidae_Callionymus_sereti_CSIROGT4601",2.697795953,320,322,0.004660292836,0.00172744452033804,-6.36111211841672,"RelTime"
"clade:Callionymidae_Callionymus_belcheri_CEO149|Callionymidae_Callionymus_calcaratus_CEO76|Callionymidae_Callionymus_curvicornis_CEO154|Callionymidae_Callionymus_limiceps_CEO152|Callionymidae_Callionymus_russelli_CSIRODGQ0686b|Callionymidae_Draculo_mirabilis_CEO155",5.221095946,317,323,0.02210121031,0.00423305959870978,-5.46483023799846,"RelTime"
"clade:Callionymidae_Callionymus_belcheri_CEO149|Callionymidae_Callionymus_curvicornis_CEO154|Callionymidae_Callionymus_russelli_CSIRODGQ0686b|Callionymidae_Draculo_mirabilis_CEO155",0.4571444926,323,325,0.002398943193,0.00524766946082202,-5.24997121316118,"RelTime"
"clade:Callionymidae_Callionymus_belcheri_CEO149|Callionymidae_Callionymus_russelli_CSIRODGQ0686b",2.027877239,326,327,0.01197017078,0.00590280838987216,-5.13232704303829,"RelTime"
"clade:Callionymidae_Callionymus_belcheri_CEO149|Callionymidae_Callionymus_russelli_CSIRODGQ0686b|Callionymidae_Draculo_mirabilis_CEO155",0.8025507221,325,326,0.005615377641,0.00699691307523403,-4.96228621644346,"RelTime"
"clade:Callionymidae_Callionymus_calcaratus_CEO76|Callionymidae_Callionymus_limiceps_CEO152",3.287002107,323,324,0.01162634636,0.00353706690216004,-5.6444574539928,"RelTime"
"clade:Callionymidae_Callionymus_delicatulus_CEO94|Callionymidae_Callionymus_marquesensis_USNMAG7PU28",6.646161486,304,305,0.01722875775,0.00259228695936625,-5.95521479698793,"RelTime"
"clade:Callionymidae_Callionymus_lunatus_CEO4|Callionymidae_Callionymus_moretonensis_CSIROGT6463",11.59236878,315,316,0.01057339419,0.000912099536398634,-6.99976143305739,"RelTime"
"clade:Callionymidae_Callionymus_ogilbyi_CSIROGT4778|Callionymidae_Callionymus_scaber_CEO64",4.408749943,320,321,0.004817515144,0.00109271680324012,-6.8190882037808,"RelTime"
"clade:Callionymidae_Dactylopus_dactylopus_CSIROGT4079|Callionymidae_Diplogrammus_goramensis_CEO93|Callionymidae_Synchiropus_morrisoni_USNMAC1VE19|Callionymidae_Synchiropus_moyeri_CEO89|Callionymidae_Synchiropus_ocellatus_CEO24|Callionymidae_Synchiropus_picturatus_CEO23|Callionymidae_Synchiropus_rameus_CSIROGT4623|Callionymidae_Synchiropus_splendidus_CEO135|Callionymidae_Synchiropus_stellatus_CEO78",0.1970510699,306,307,0.0004234414571,0.00214889194620912,-6.14280294354954,"RelTime"
"clade:Callionymidae_Dactylopus_dactylopus_CSIROGT4079|Callionymidae_Synchiropus_morrisoni_USNMAC1VE19|Callionymidae_Synchiropus_moyeri_CEO89|Callionymidae_Synchiropus_ocellatus_CEO24|Callionymidae_Synchiropus_picturatus_CEO23|Callionymidae_Synchiropus_rameus_CSIROGT4623|Callionymidae_Synchiropus_splendidus_CEO135|Callionymidae_Synchiropus_stellatus_CEO78",0.8286014116,307,308,0.001463088334,0.00176573236965024,-6.33918973434905,"RelTime"
"clade:Callionymidae_Synchiropus_agassizii_CEO81|Callionymidae_Synchiropus_altivelis_CEO148|Callionymidae_Synchiropus_apricus_CSIROGT882|Callionymidae_Synchiropus_atrilabiatus_CEO85|Callionymidae_Synchiropus_calauropomus_CSIROGT4799|Callionymidae_Synchiropus_goodenbeani_CEO82|Callionymidae_Synchiropus_masudai_CEO74|Callionymidae_Synchiropus_phaeton_USNM405116",10.94091737,295,296,0.01032659197,0.00094385064988385,-6.96554261420408,"RelTime"
"clade:Callionymidae_Synchiropus_agassizii_CEO81|Callionymidae_Synchiropus_altivelis_CEO148|Callionymidae_Synchiropus_atrilabiatus_CEO85|Callionymidae_Synchiropus_goodenbeani_CEO82|Callionymidae_Synchiropus_masudai_CEO74|Callionymidae_Synchiropus_phaeton_USNM405116",2.520575511,296,298,0.002928145949,0.00116169737277115,-6.75787309098554,"RelTime"
"clade:Callionymidae_Synchiropus_agassizii_CEO81|Callionymidae_Synchiropus_atrilabiatus_CEO85|Callionymidae_Synchiropus_goodenbeani_CEO82|Callionymidae_Synchiropus_phaeton_USNM405116",2.84901775,298,300,0.003890821836,0.00136567132163357,-6.5961091605239,"RelTime"
"clade:Callionymidae_Synchiropus_agassizii_CEO81|Callionymidae_Synchiropus_goodenbeani_CEO82",0.3421927252,301,302,0.0005025537509,0.00146862780500747,-6.52342678012349,"RelTime"
"clade:Callionymidae_Synchiropus_agassizii_CEO81|Callionymidae_Synchiropus_goodenbeani_CEO82|Callionymidae_Synchiropus_phaeton_USNM405116",1.308534338,300,301,0.001723777759,0.0013173347530449,-6.63214471004894,"RelTime"
"clade:Callionymidae_Synchiropus_altivelis_CEO148|Callionymidae_Synchiropus_masudai_CEO74",4.375751101,298,299,0.004211152156,0.000962383841950612,-6.94609718277287,"RelTime"
"clade:Callionymidae_Synchiropus_apricus_CSIROGT882|Callionymidae_Synchiropus_calauropomus_CSIROGT4799",1.769889168,296,297,0.001357249289,0.000766855526063087,-7.17321213670829,"RelTime"
"clade:Callionymidae_Synchiropus_morrisoni_USNMAC1VE19|Callionymidae_Synchiropus_moyeri_CEO89",2.648318626,312,314,0.003131480439,0.00118244096773573,-6.74017436042086,"RelTime"
"clade:Callionymidae_Synchiropus_morrisoni_USNMAC1VE19|Callionymidae_Synchiropus_moyeri_CEO89|Callionymidae_Synchiropus_ocellatus_CEO24|Callionymidae_Synchiropus_picturatus_CEO23|Callionymidae_Synchiropus_rameus_CSIROGT4623|Callionymidae_Synchiropus_splendidus_CEO135|Callionymidae_Synchiropus_stellatus_CEO78",2.916103564,308,309,0.005545409307,0.00190165033075622,-6.26503317468535,"RelTime"
"clade:Callionymidae_Synchiropus_morrisoni_USNMAC1VE19|Callionymidae_Synchiropus_moyeri_CEO89|Callionymidae_Synchiropus_ocellatus_CEO24|Callionymidae_Synchiropus_rameus_CSIROGT4623|Callionymidae_Synchiropus_stellatus_CEO78",3.524446175,309,311,0.004224394763,0.00119859817776902,-6.72660259024084,"RelTime"
"clade:Callionymidae_Synchiropus_morrisoni_USNMAC1VE19|Callionymidae_Synchiropus_moyeri_CEO89|Callionymidae_Synchiropus_ocellatus_CEO24|Callionymidae_Synchiropus_stellatus_CEO78",2.592546794,311,312,0.003408742053,0.00131482373274378,-6.6340526658779,"RelTime"
"clade:Callionymidae_Synchiropus_ocellatus_CEO24|Callionymidae_Synchiropus_stellatus_CEO78",2.501980009,312,313,0.003657964077,0.00146202769959862,-6.52793097146015,"RelTime"
"clade:Callionymidae_Synchiropus_picturatus_CEO23|Callionymidae_Synchiropus_splendidus_CEO135",7.948613771,309,310,0.02398165265,0.00301708616633198,-5.80346375894391,"RelTime"
"clade:Centriscidae_Aeoliscus_strigatus_CEO32|Centriscidae_Centriscops_humerosus_CSIROGT8057|Centriscidae_Centriscus_cristatus_CSIROGT4449|Centriscidae_Centriscus_scutatus_CEO59|Centriscidae_Macroramphosus_gracilis_CEO68|Centriscidae_Macroramphosus_scolopax_CEO28|Centriscidae_Notopogon_fernandezianus_CSIROGT902|Centriscidae_Notopogon_lilliei_CSIROGT7994",18.77809433,168,172,0.008867034094,0.000472200955974216,-7.65810590880365,"RelTime"
"clade:Centriscidae_Aeoliscus_strigatus_CEO32|Centriscidae_Centriscus_cristatus_CSIROGT4449|Centriscidae_Centriscus_scutatus_CEO59",45.11110792,172,173,0.04795905001,0.00106313172567277,-6.84653626851057,"RelTime"
"clade:Centriscidae_Centriscops_humerosus_CSIROGT8057|Centriscidae_Macroramphosus_gracilis_CEO68|Centriscidae_Macroramphosus_scolopax_CEO28|Centriscidae_Notopogon_fernandezianus_CSIROGT902|Centriscidae_Notopogon_lilliei_CSIROGT7994",48.88606387,172,175,0.01729806879,0.000353844581065062,-7.94665277777463,"RelTime"
"clade:Centriscidae_Centriscus_cristatus_CSIROGT4449|Centriscidae_Centriscus_scutatus_CEO59",12.41122085,173,174,0.01555156879,0.00125302490205869,-6.68219472931622,"RelTime"
"clade:Centriscidae_Macroramphosus_gracilis_CEO68|Centriscidae_Macroramphosus_scolopax_CEO28",6.316068281,177,178,0.005485206074,0.00086845262431703,-7.04879752262872,"RelTime"
"clade:Centriscidae_Macroramphosus_gracilis_CEO68|Centriscidae_Macroramphosus_scolopax_CEO28|Centriscidae_Notopogon_fernandezianus_CSIROGT902",0.6964649148,176,177,0.0004768419576,0.000684660415000133,-7.28658758714935,"RelTime"
"clade:Centriscidae_Macroramphosus_gracilis_CEO68|Centriscidae_Macroramphosus_scolopax_CEO28|Centriscidae_Notopogon_fernandezianus_CSIROGT902|Centriscidae_Notopogon_lilliei_CSIROGT7994",2.089246813,175,176,0.0008184643296,0.000391750904922883,-7.84488436678089,"RelTime"
"clade:Dactylopteridae_Dactyloptena_orientalis_CEO33|Dactylopteridae_Dactyloptena_papilio_CSIROGT6501|Dactylopteridae_Dactyloptena_peterseni_CEO69",17.58141552,254,255,0.008819591584,0.000501642861120434,-7.59762212349141,"RelTime"
"clade:Dactylopteridae_Dactyloptena_orientalis_CEO33|Dactylopteridae_Dactyloptena_papilio_CSIROGT6501|Dactylopteridae_Dactyloptena_peterseni_CEO69|Dactylopteridae_Dactylopterus_volitans_CEO70",54.16959235,251,254,0.02592876816,0.000478659097016446,-7.64452191118175,"RelTime"
"clade:Dactylopteridae_Dactyloptena_orientalis_CEO33|Dactylopteridae_Dactyloptena_papilio_CSIROGT6501|Dactylopteridae_Dactyloptena_peterseni_CEO69|Dactylopteridae_Dactylopterus_volitans_CEO70|Pegasidae_Eurypegasus_draconis_CEO49|Pegasidae_Pegasus_tetrabelos_CSIROGT7822|Pegasidae_Pegasus_volitans_CEO58",3.779900378,250,251,0.004221877241,0.00111692817767696,-6.79717306026678,"RelTime"
"clade:Dactylopteridae_Dactyloptena_orientalis_CEO33|Dactylopteridae_Dactyloptena_peterseni_CEO69",3.704796562,255,256,0.001864509372,0.000503269029971638,-7.59438568000802,"RelTime"
"clade:Fistulariidae_Fistularia_commersonii_CEO40B|Fistulariidae_Fistularia_corneta_CEO62",3.15217061,170,171,0.005242351412,0.001663092535464,-6.39907643662487,"RelTime"
"clade:Fistulariidae_Fistularia_commersonii_CEO40B|Fistulariidae_Fistularia_corneta_CEO62|Fistulariidae_Fistularia_petimba_CEO88",61.00725569,169,170,0.07073482447,0.00115944937483222,-6.75981006342737,"RelTime"
"clade:Mullidae_Mulloidichthys_dentatus_CEO43|Mullidae_Mulloidichthys_flavolineatus_KU5644|Mullidae_Mulloidichthys_martinicus_CEO27|Mullidae_Mulloidichthys_vanicolensis_CEO44",17.19314759,270,271,0.01185587789,0.000689569948023694,-7.27944241841633,"RelTime"
"clade:Mullidae_Mulloidichthys_dentatus_CEO43|Mullidae_Mulloidichthys_flavolineatus_KU5644|Mullidae_Mulloidichthys_martinicus_CEO27|Mullidae_Mulloidichthys_vanicolensis_CEO44|Mullidae_Mullus_argentinae_UNMDPT0134|Mullidae_Mullus_auratus_CEO95|Mullidae_Parupeneus_barberinoides_CEO30|Mullidae_Parupeneus_barberinus_CEO47|Mullidae_Parupeneus_crassilabris_USNMAG9RE44|Mullidae_Parupeneus_cyclostomus_CEO45|Mullidae_Parupeneus_forsskali_FMNHRS1304T54|Mullidae_Parupeneus_inayatae_CSIROIN00502|Mullidae_Parupeneus_indicus_USNMAG9RD89|Mullidae_Parupeneus_insularis_USNMAG5NQ87|Mullidae_Parupeneus_jansenii_CSIROGT4602|Mullidae_Parupeneus_multifasciatus_CEO46|Mullidae_Parupeneus_pleurostigma_KU743|Mullidae_Parupeneus_procerigena_KU6817|Mullidae_Parupeneus_rubescens_CEO66|Mullidae_Pseudupeneus_grandisquamis_CEO41|Mullidae_Pseudupeneus_maculatus_CEO55|Mullidae_Pseudupeneus_prayensis_USNMAD9NF17|Mullidae_Upeneichthys_lineatus_CEO63|Mullidae_Upeneichthys_stotti_CSIROGT5950|Mullidae_Upeneichthys_vlamingii_CSIROGT266",2.958081858,258,270,0.001783978421,0.000603086225006015,-7.41345037808319,"RelTime"
"clade:Mullidae_Mulloidichthys_dentatus_CEO43|Mullidae_Mulloidichthys_flavolineatus_KU5644|Mullidae_Mulloidichthys_martinicus_CEO27|Mullidae_Mulloidichthys_vanicolensis_CEO44|Mullidae_Mullus_argentinae_UNMDPT0134|Mullidae_Mullus_auratus_CEO95|Mullidae_Parupeneus_barberinoides_CEO30|Mullidae_Parupeneus_barberinus_CEO47|Mullidae_Parupeneus_crassilabris_USNMAG9RE44|Mullidae_Parupeneus_cyclostomus_CEO45|Mullidae_Parupeneus_forsskali_FMNHRS1304T54|Mullidae_Parupeneus_inayatae_CSIROIN00502|Mullidae_Parupeneus_indicus_USNMAG9RD89|Mullidae_Parupeneus_insularis_USNMAG5NQ87|Mullidae_Parupeneus_jansenii_CSIROGT4602|Mullidae_Parupeneus_multifasciatus_CEO46|Mullidae_Parupeneus_pleurostigma_KU743|Mullidae_Parupeneus_procerigena_KU6817|Mullidae_Parupeneus_rubescens_CEO66|Mullidae_Pseudupeneus_grandisquamis_CEO41|Mullidae_Pseudupeneus_maculatus_CEO55|Mullidae_Pseudupeneus_prayensis_USNMAD9NF17|Mullidae_Upeneichthys_lineatus_CEO63|Mullidae_Upeneichthys_stotti_CSIROGT5950|Mullidae_Upeneichthys_vlamingii_CSIROGT266|Mullidae_Upeneus_asymmetricus_CSIROIN01738|Mullidae_Upeneus_australiae_CSIROGT4135|Mullidae_Upeneus_filifer_CSIROCMR003702A|Mullidae_Upeneus_guttatus_CSIROGT4122|Mullidae_Upeneus_japonicus_KU10324|Mullidae_Upeneus_moluccensis_KU6747|Mullidae_Upeneus_nigromarginatus_USNMAG9RE99|Mullidae_Upeneus_quadrilineatus_CSIROIN02060|Mullidae_Upeneus_sulphureus_USNMAG9RC75|Mullidae_Upeneus_sundaicus_CSIROGT4266|Mullidae_Upeneus_torres_CSIROGT1917|Mullidae_Upeneus_tragula_CEO48",55.69982391,257,258,0.02535151545,0.000455145342846381,-7.69489375519455,"RelTime"
"clade:Mullidae_Mulloidichthys_dentatus_CEO43|Mullidae_Mulloidichthys_martinicus_CEO27|Mullidae_Mulloidichthys_vanicolensis_CEO44",1.429500098,271,272,0.001457231226,0.00101939917880299,-6.88854186562762,"RelTime"
"clade:Mullidae_Mullus_argentinae_UNMDPT0134|Mullidae_Mullus_auratus_CEO95",13.87445091,275,276,0.005162813888,0.000372109420508952,-7.89632260578906,"RelTime"
"clade:Mullidae_Mullus_argentinae_UNMDPT0134|Mullidae_Mullus_auratus_CEO95|Mullidae_Parupeneus_barberinoides_CEO30|Mullidae_Parupeneus_barberinus_CEO47|Mullidae_Parupeneus_crassilabris_USNMAG9RE44|Mullidae_Parupeneus_cyclostomus_CEO45|Mullidae_Parupeneus_forsskali_FMNHRS1304T54|Mullidae_Parupeneus_inayatae_CSIROIN00502|Mullidae_Parupeneus_indicus_USNMAG9RD89|Mullidae_Parupeneus_insularis_USNMAG5NQ87|Mullidae_Parupeneus_jansenii_CSIROGT4602|Mullidae_Parupeneus_multifasciatus_CEO46|Mullidae_Parupeneus_pleurostigma_KU743|Mullidae_Parupeneus_procerigena_KU6817|Mullidae_Parupeneus_rubescens_CEO66|Mullidae_Pseudupeneus_grandisquamis_CEO41|Mullidae_Pseudupeneus_maculatus_CEO55|Mullidae_Pseudupeneus_prayensis_USNMAD9NF17|Mullidae_Upeneichthys_lineatus_CEO63|Mullidae_Upeneichthys_stotti_CSIROGT5950|Mullidae_Upeneichthys_vlamingii_CSIROGT266",3.895175827,270,274,0.001637601621,0.000420417894783778,-7.77426135377848,"RelTime"
"clade:Mullidae_Mullus_argentinae_UNMDPT0134|Mullidae_Mullus_auratus_CEO95|Mullidae_Upeneichthys_lineatus_CEO63|Mullidae_Upeneichthys_stotti_CSIROGT5950|Mullidae_Upeneichthys_vlamingii_CSIROGT266",1.669982248,274,275,0.002470345919,0.00147926477778942,-6.51621008640199,"RelTime"
"clade:Mullidae_Parupeneus_barberinoides_CEO30|Mullidae_Parupeneus_barberinus_CEO47|Mullidae_Parupeneus_crassilabris_USNMAG9RE44|Mullidae_Parupeneus_cyclostomus_CEO45|Mullidae_Parupeneus_forsskali_FMNHRS1304T54|Mullidae_Parupeneus_inayatae_CSIROIN00502|Mullidae_Parupeneus_indicus_USNMAG9RD89|Mullidae_Parupeneus_insularis_USNMAG5NQ87|Mullidae_Parupeneus_jansenii_CSIROGT4602|Mullidae_Parupeneus_multifasciatus_CEO46|Mullidae_Parupeneus_pleurostigma_KU743|Mullidae_Parupeneus_procerigena_KU6817|Mullidae_Parupeneus_rubescens_CEO66",6.896718404,279,282,0.004521238236,0.000655563700176267,-7.33001508148616,"RelTime"
"clade:Mullidae_Parupeneus_barberinoides_CEO30|Mullidae_Parupeneus_barberinus_CEO47|Mullidae_Parupeneus_crassilabris_USNMAG9RE44|Mullidae_Parupeneus_cyclostomus_CEO45|Mullidae_Parupeneus_forsskali_FMNHRS1304T54|Mullidae_Parupeneus_inayatae_CSIROIN00502|Mullidae_Parupeneus_indicus_USNMAG9RD89|Mullidae_Parupeneus_insularis_USNMAG5NQ87|Mullidae_Parupeneus_jansenii_CSIROGT4602|Mullidae_Parupeneus_multifasciatus_CEO46|Mullidae_Parupeneus_pleurostigma_KU743|Mullidae_Parupeneus_procerigena_KU6817|Mullidae_Parupeneus_rubescens_CEO66|Mullidae_Pseudupeneus_grandisquamis_CEO41|Mullidae_Pseudupeneus_maculatus_CEO55|Mullidae_Pseudupeneus_prayensis_USNMAD9NF17",5.349744068,274,279,0.00364538971,0.000681413851515859,-7.29134072491957,"RelTime"
"clade:Mullidae_Parupeneus_barberinus_CEO47|Mullidae_Parupeneus_crassilabris_USNMAG9RE44|Mullidae_Parupeneus_cyclostomus_CEO45|Mullidae_Parupeneus_forsskali_FMNHRS1304T54|Mullidae_Parupeneus_inayatae_CSIROIN00502|Mullidae_Parupeneus_indicus_USNMAG9RD89|Mullidae_Parupeneus_insularis_USNMAG5NQ87|Mullidae_Parupeneus_jansenii_CSIROGT4602|Mullidae_Parupeneus_multifasciatus_CEO46|Mullidae_Parupeneus_pleurostigma_KU743|Mullidae_Parupeneus_procerigena_KU6817|Mullidae_Parupeneus_rubescens_CEO66",1.110579457,282,283,0.0008102349434,0.000729560535532218,-7.22306821122053,"RelTime"
"clade:Mullidae_Parupeneus_barberinus_CEO47|Mullidae_Parupeneus_inayatae_CSIROIN00502|Mullidae_Parupeneus_indicus_USNMAG9RD89|Mullidae_Parupeneus_jansenii_CSIROGT4602|Mullidae_Parupeneus_pleurostigma_KU743|Mullidae_Parupeneus_procerigena_KU6817",0.5315616252,283,284,0.0004288885664,0.000806846367509375,-7.1223772826514,"RelTime"
"clade:Mullidae_Parupeneus_barberinus_CEO47|Mullidae_Parupeneus_indicus_USNMAG9RD89",1.622631131,284,285,0.001309567457,0.00080706417618953,-7.1221073684578,"RelTime"
"clade:Mullidae_Parupeneus_crassilabris_USNMAG9RE44|Mullidae_Parupeneus_cyclostomus_CEO45|Mullidae_Parupeneus_forsskali_FMNHRS1304T54|Mullidae_Parupeneus_insularis_USNMAG5NQ87|Mullidae_Parupeneus_multifasciatus_CEO46|Mullidae_Parupeneus_rubescens_CEO66",0.6174613154,283,289,0.0004073254749,0.000659677723512329,-7.32375913990855,"RelTime"
"clade:Mullidae_Parupeneus_crassilabris_USNMAG9RE44|Mullidae_Parupeneus_forsskali_FMNHRS1304T54|Mullidae_Parupeneus_insularis_USNMAG5NQ87|Mullidae_Parupeneus_multifasciatus_CEO46|Mullidae_Parupeneus_rubescens_CEO66",0.8014321704,289,290,0.0005096247669,0.00063589257546979,-7.3604809153845,"RelTime"
"clade:Mullidae_Parupeneus_crassilabris_USNMAG9RE44|Mullidae_Parupeneus_insularis_USNMAG5NQ87",0.7922993209,292,293,0.0003641077026,0.000459558266674263,-7.68524481969337,"RelTime"
"clade:Mullidae_Parupeneus_crassilabris_USNMAG9RE44|Mullidae_Parupeneus_insularis_USNMAG5NQ87|Mullidae_Parupeneus_multifasciatus_CEO46",0.8833883685,290,292,0.0005317733872,0.00060197010302836,-7.41530277663228,"RelTime"
"clade:Mullidae_Parupeneus_forsskali_FMNHRS1304T54|Mullidae_Parupeneus_rubescens_CEO66",0.5453619811,290,291,0.0003663341828,0.00067172666136554,-7.30565905410827,"RelTime"
"clade:Mullidae_Parupeneus_inayatae_CSIROIN00502|Mullidae_Parupeneus_jansenii_CSIROGT4602|Mullidae_Parupeneus_pleurostigma_KU743|Mullidae_Parupeneus_procerigena_KU6817",1.19600139,284,286,0.0009647289476,0.000806628617379784,-7.12264719713158,"RelTime"
"clade:Mullidae_Parupeneus_inayatae_CSIROIN00502|Mullidae_Parupeneus_pleurostigma_KU743",1.247521386,286,287,0.0007447792531,0.000597007202808786,-7.42358137963811,"RelTime"
"clade:Mullidae_Parupeneus_jansenii_CSIROGT4602|Mullidae_Parupeneus_procerigena_KU6817",0.2128933109,286,288,0.0002320222835,0.00108985238906348,-6.82171301478913,"RelTime"
"clade:Mullidae_Pseudupeneus_grandisquamis_CEO41|Mullidae_Pseudupeneus_maculatus_CEO55|Mullidae_Pseudupeneus_prayensis_USNMAD9NF17",7.672503336,279,280,0.00543430617,0.000708283324492255,-7.25266636848303,"RelTime"
"clade:Mullidae_Pseudupeneus_maculatus_CEO55|Mullidae_Pseudupeneus_prayensis_USNMAD9NF17",1.365615825,280,281,0.0008873049884,0.000649747148616998,-7.33892727288324,"RelTime"
"clade:Mullidae_Upeneichthys_lineatus_CEO63|Mullidae_Upeneichthys_stotti_CSIROGT5950|Mullidae_Upeneichthys_vlamingii_CSIROGT266",12.62712792,275,277,0.00640236468,0.000507032535075482,-7.5869353846855,"RelTime"
"clade:Mullidae_Upeneichthys_lineatus_CEO63|Mullidae_Upeneichthys_vlamingii_CSIROGT266",0.7915269717,277,278,0.0004772369687,0.000602932036131397,-7.41370607715579,"RelTime"
"clade:Mullidae_Upeneus_asymmetricus_CSIROIN01738|Mullidae_Upeneus_australiae_CSIROGT4135",1.210237098,267,269,0.001462510377,0.00120844946780833,-6.71841717267235,"RelTime"
"clade:Mullidae_Upeneus_asymmetricus_CSIROIN01738|Mullidae_Upeneus_australiae_CSIROGT4135|Mullidae_Upeneus_filifer_CSIROCMR003702A|Mullidae_Upeneus_guttatus_CSIROGT4122|Mullidae_Upeneus_japonicus_KU10324|Mullidae_Upeneus_moluccensis_KU6747|Mullidae_Upeneus_nigromarginatus_USNMAG9RE99|Mullidae_Upeneus_quadrilineatus_CSIROIN02060|Mullidae_Upeneus_sulphureus_USNMAG9RC75|Mullidae_Upeneus_sundaicus_CSIROGT4266|Mullidae_Upeneus_torres_CSIROGT1917|Mullidae_Upeneus_tragula_CEO48",4.831324205,258,259,0.003097118182,0.000641049544717937,-7.35240381117885,"RelTime"
"clade:Mullidae_Upeneus_asymmetricus_CSIROIN01738|Mullidae_Upeneus_australiae_CSIROGT4135|Mullidae_Upeneus_filifer_CSIROCMR003702A|Mullidae_Upeneus_guttatus_CSIROGT4122|Mullidae_Upeneus_japonicus_KU10324|Mullidae_Upeneus_moluccensis_KU6747|Mullidae_Upeneus_sundaicus_CSIROGT4266|Mullidae_Upeneus_torres_CSIROGT1917|Mullidae_Upeneus_tragula_CEO48",2.787143713,259,262,0.001997818027,0.000716797636835744,-7.24071699313412,"RelTime"
"clade:Mullidae_Upeneus_asymmetricus_CSIROIN01738|Mullidae_Upeneus_australiae_CSIROGT4135|Mullidae_Upeneus_filifer_CSIROCMR003702A|Mullidae_Upeneus_guttatus_CSIROGT4122|Mullidae_Upeneus_japonicus_KU10324|Mullidae_Upeneus_sundaicus_CSIROGT4266|Mullidae_Upeneus_torres_CSIROGT1917|Mullidae_Upeneus_tragula_CEO48",6.858965981,262,263,0.00606955186,0.000884907707198614,-7.03002720404575,"RelTime"
"clade:Mullidae_Upeneus_asymmetricus_CSIROIN01738|Mullidae_Upeneus_australiae_CSIROGT4135|Mullidae_Upeneus_filifer_CSIROCMR003702A|Mullidae_Upeneus_guttatus_CSIROGT4122|Mullidae_Upeneus_japonicus_KU10324|Mullidae_Upeneus_torres_CSIROGT1917|Mullidae_Upeneus_tragula_CEO48",6.719371926,263,264,0.0069477144,0.00103398271096089,-6.87433722357641,"RelTime"
"clade:Mullidae_Upeneus_asymmetricus_CSIROIN01738|Mullidae_Upeneus_australiae_CSIROGT4135|Mullidae_Upeneus_guttatus_CSIROGT4122|Mullidae_Upeneus_tragula_CEO48",0.4376434545,264,267,0.000507041918,0.00115857306395519,-6.76056614835917,"RelTime"
"clade:Mullidae_Upeneus_filifer_CSIROCMR003702A|Mullidae_Upeneus_japonicus_KU10324|Mullidae_Upeneus_torres_CSIROGT1917",0.51333863,264,265,0.0004737040241,0.00092279052542763,-6.98810829891761,"RelTime"
"clade:Mullidae_Upeneus_guttatus_CSIROGT4122|Mullidae_Upeneus_tragula_CEO48",0.4124684017,267,268,0.0004581514271,0.00111075521230649,-6.80271512355833,"RelTime"
"clade:Mullidae_Upeneus_japonicus_KU10324|Mullidae_Upeneus_torres_CSIROGT1917",2.216785722,265,266,0.002147899557,0.00096892520358808,-6.93932313833234,"RelTime"
"clade:Mullidae_Upeneus_nigromarginatus_USNMAG9RE99|Mullidae_Upeneus_quadrilineatus_CSIROIN02060|Mullidae_Upeneus_sulphureus_USNMAG9RC75",9.702625611,259,260,0.005562575274,0.000573306185048883,-7.46409062960493,"RelTime"
"clade:Mullidae_Upeneus_quadrilineatus_CSIROIN02060|Mullidae_Upeneus_sulphureus_USNMAG9RC75",5.51242073,260,261,0.003696322996,0.000670544426314136,-7.30742059895262,"RelTime"
"clade:Pegasidae_Eurypegasus_draconis_CEO49|Pegasidae_Pegasus_tetrabelos_CSIROGT7822|Pegasidae_Pegasus_volitans_CEO58",63.22521863,251,252,0.1647838014,0.00260629864112184,-5.94982420933114,"RelTime"
"clade:Pegasidae_Pegasus_tetrabelos_CSIROGT7822|Pegasidae_Pegasus_volitans_CEO58",12.66136113,252,253,0.03216416623,0.00254034032358415,-5.97545722126392,"RelTime"
"clade:Solenostomidae_Solenostomus_cyanopterus_CEO37|Solenostomidae_Solenostomus_paradoxus_CEO42B",75.43825866,179,180,0.2256415608,0.0029910759448593,-5.8121221085302,"RelTime"
"clade:Solenostomidae_Solenostomus_cyanopterus_CEO37|Solenostomidae_Solenostomus_paradoxus_CEO42B|Syngnathidae_Bryx_randalli_USNMAC5ZB14|Syngnathidae_Choeroichthys_sculptus_CEO3|Syngnathidae_Corythoichthys_amplexus_CEO80|Syngnathidae_Corythoichthys_flavofasciatus_CEO92|Syngnathidae_Corythoichthys_haematopterus_CEO34|Syngnathidae_Corythoichthys_intestinalis_CEO86|Syngnathidae_Corythoichthys_schultzi_CEO72|Syngnathidae_Cosmocampus_albirostris_USNMAC5ZM66|Syngnathidae_Cosmocampus_arctus_CEO26|Syngnathidae_Doryichthys_boaja_CEO141|Syngnathidae_Doryichthys_martensii_CEO19|Syngnathidae_Doryrhamphus_excisus_CEO137|Syngnathidae_Doryrhamphus_janssi_CEO2|Syngnathidae_Doryrhamphus_melanopleura_CSIROGT3241|Syngnathidae_Dunckerocampus_boylei_CEO51|Syngnathidae_Dunckerocampus_dactyliophorus_CEO35|Syngnathidae_Dunckerocampus_pessuliferus_CEO140|Syngnathidae_Enneacampus_ansorgii_CEO11|Syngnathidae_Entelurus_aequoreus_CEO113|Syngnathidae_Festucalex_wassi_CEO10|Syngnathidae_Filicampus_tigris_CSIROGT4369|Syngnathidae_Halicampus_crinitus_CEO79|Syngnathidae_Halicampus_dunckeri_CEO8|Syngnathidae_Haliichthys_taeniophorus_CSIROGT4114|Syngnathidae_Hippichthys_penicillus_CEO121|Syngnathidae_Hippocampus_abdominalis_CEO144|Syngnathidae_Hippocampus_barbouri_CEO9|Syngnathidae_Hippocampus_comes_CEO132|Syngnathidae_Hippocampus_erectus_CEO134|Syngnathidae_Hippocampus_ingens_CEO39|Syngnathidae_Hippocampus_kelloggi_UW153288|Syngnathidae_Hippocampus_kuda_CEO52|Syngnathidae_Hippocampus_reidi_CEO53|Syngnathidae_Hippocampus_subelongatus_CEO131|Syngnathidae_Hippocampus_zosterae_USNMAC2WR35|Syngnathidae_Hypselognathus_rostratus_CEO108|Syngnathidae_Idiotropiscis_lumnitzeri_CEO91|Syngnathidae_Micrognathus_andersonii_USNMAG9RQ99|Syngnathidae_Microphis_brachyurus_CEO116|Syngnathidae_Microphis_cuncalus_CEO17|Syngnathidae_Microphis_deocata_CEO18|Syngnathidae_Microphis_lineatus_STRIBFT18819|Syngnathidae_Nerophis_ophidion_CEO112|Syngnathidae_Phycodurus_eques_CEO50|Syngnathidae_Phyllopteryx_taeniolatus_CEO83|Syngnathidae_Pseudophallus_starksii_STRIBFT05080|Syngnathidae_Siokunichthys_nigrolineatus_CEO102|Syngnathidae_Solegnathus_guentheri_CSIROGT192|Syngnathidae_Solegnathus_hardwickii_CSIRODGQ0572a|Syngnathidae_Solegnathus_spinosissimus_CSIROGT7988|Syngnathidae_Stigmatopora_nigra_CEO153|Syngnathidae_Syngnathoides_biaculeatus_CEO101|Syngnathidae_Syngnathus_abaster_CEO125|Syngnathidae_Syngnathus_acus_CEO109|Syngnathidae_Syngnathus_auliscus_CEO25|Syngnathidae_Syngnathus_californiensis_CEO56|Syngnathidae_Syngnathus_exilis_CEO57|Syngnathidae_Syngnathus_floridae_CEO105|Syngnathidae_Syngnathus_fuscus_CEO123|Syngnathidae_Syngnathus_leptorhynchus_CEO12|Syngnathidae_Syngnathus_louisianae_CEO104|Syngnathidae_Syngnathus_pelagicus_CEO99|Syngnathidae_Syngnathus_rostellatus_CEO110|Syngnathidae_Syngnathus_scovelli_CEO71|Syngnathidae_Syngnathus_springeri_CEO100|Syngnathidae_Syngnathus_taenionotus_CEO126|Syngnathidae_Syngnathus_typhle_CEO111|Syngnathidae_Trachyrhamphus_bicoarctatus_CEO7|Syngnathidae_Vanacampus_phillipi_CEO106|Syngnathidae_Vanacampus_poecilolaemus_CEO107",3.819874063,167,179,0.01717078922,0.00449511919419528,-5.40476309434777,"RelTime"
"clade:Syngnathidae_Bryx_randalli_USNMAC5ZB14|Syngnathidae_Choeroichthys_sculptus_CEO3|Syngnathidae_Corythoichthys_amplexus_CEO80|Syngnathidae_Corythoichthys_flavofasciatus_CEO92|Syngnathidae_Corythoichthys_haematopterus_CEO34|Syngnathidae_Corythoichthys_intestinalis_CEO86|Syngnathidae_Corythoichthys_schultzi_CEO72|Syngnathidae_Cosmocampus_albirostris_USNMAC5ZM66|Syngnathidae_Cosmocampus_arctus_CEO26|Syngnathidae_Doryichthys_boaja_CEO141|Syngnathidae_Doryichthys_martensii_CEO19|Syngnathidae_Doryrhamphus_excisus_CEO137|Syngnathidae_Doryrhamphus_janssi_CEO2|Syngnathidae_Doryrhamphus_melanopleura_CSIROGT3241|Syngnathidae_Dunckerocampus_boylei_CEO51|Syngnathidae_Dunckerocampus_dactyliophorus_CEO35|Syngnathidae_Dunckerocampus_pessuliferus_CEO140|Syngnathidae_Enneacampus_ansorgii_CEO11|Syngnathidae_Entelurus_aequoreus_CEO113|Syngnathidae_Festucalex_wassi_CEO10|Syngnathidae_Filicampus_tigris_CSIROGT4369|Syngnathidae_Halicampus_crinitus_CEO79|Syngnathidae_Halicampus_dunckeri_CEO8|Syngnathidae_Haliichthys_taeniophorus_CSIROGT4114|Syngnathidae_Hippichthys_penicillus_CEO121|Syngnathidae_Hippocampus_abdominalis_CEO144|Syngnathidae_Hippocampus_barbouri_CEO9|Syngnathidae_Hippocampus_comes_CEO132|Syngnathidae_Hippocampus_erectus_CEO134|Syngnathidae_Hippocampus_ingens_CEO39|Syngnathidae_Hippocampus_kelloggi_UW153288|Syngnathidae_Hippocampus_kuda_CEO52|Syngnathidae_Hippocampus_reidi_CEO53|Syngnathidae_Hippocampus_subelongatus_CEO131|Syngnathidae_Hippocampus_zosterae_USNMAC2WR35|Syngnathidae_Hypselognathus_rostratus_CEO108|Syngnathidae_Idiotropiscis_lumnitzeri_CEO91|Syngnathidae_Micrognathus_andersonii_USNMAG9RQ99|Syngnathidae_Microphis_brachyurus_CEO116|Syngnathidae_Microphis_cuncalus_CEO17|Syngnathidae_Microphis_deocata_CEO18|Syngnathidae_Microphis_lineatus_STRIBFT18819|Syngnathidae_Nerophis_ophidion_CEO112|Syngnathidae_Phycodurus_eques_CEO50|Syngnathidae_Phyllopteryx_taeniolatus_CEO83|Syngnathidae_Pseudophallus_starksii_STRIBFT05080|Syngnathidae_Siokunichthys_nigrolineatus_CEO102|Syngnathidae_Solegnathus_guentheri_CSIROGT192|Syngnathidae_Solegnathus_hardwickii_CSIRODGQ0572a|Syngnathidae_Solegnathus_spinosissimus_CSIROGT7988|Syngnathidae_Stigmatopora_nigra_CEO153|Syngnathidae_Syngnathoides_biaculeatus_CEO101|Syngnathidae_Syngnathus_abaster_CEO125|Syngnathidae_Syngnathus_acus_CEO109|Syngnathidae_Syngnathus_auliscus_CEO25|Syngnathidae_Syngnathus_californiensis_CEO56|Syngnathidae_Syngnathus_exilis_CEO57|Syngnathidae_Syngnathus_floridae_CEO105|Syngnathidae_Syngnathus_fuscus_CEO123|Syngnathidae_Syngnathus_leptorhynchus_CEO12|Syngnathidae_Syngnathus_louisianae_CEO104|Syngnathidae_Syngnathus_pelagicus_CEO99|Syngnathidae_Syngnathus_rostellatus_CEO110|Syngnathidae_Syngnathus_scovelli_CEO71|Syngnathidae_Syngnathus_springeri_CEO100|Syngnathidae_Syngnathus_taenionotus_CEO126|Syngnathidae_Syngnathus_typhle_CEO111|Syngnathidae_Trachyrhamphus_bicoarctatus_CEO7|Syngnathidae_Vanacampus_phillipi_CEO106|Syngnathidae_Vanacampus_poecilolaemus_CEO107",25.67176877,179,181,0.04892880473,0.00190593819881932,-6.26278089881971,"RelTime"
"clade:Syngnathidae_Bryx_randalli_USNMAC5ZB14|Syngnathidae_Corythoichthys_amplexus_CEO80|Syngnathidae_Corythoichthys_flavofasciatus_CEO92|Syngnathidae_Corythoichthys_haematopterus_CEO34|Syngnathidae_Corythoichthys_intestinalis_CEO86|Syngnathidae_Corythoichthys_schultzi_CEO72|Syngnathidae_Cosmocampus_albirostris_USNMAC5ZM66|Syngnathidae_Cosmocampus_arctus_CEO26|Syngnathidae_Enneacampus_ansorgii_CEO11|Syngnathidae_Festucalex_wassi_CEO10|Syngnathidae_Filicampus_tigris_CSIROGT4369|Syngnathidae_Halicampus_crinitus_CEO79|Syngnathidae_Halicampus_dunckeri_CEO8|Syngnathidae_Haliichthys_taeniophorus_CSIROGT4114|Syngnathidae_Hippichthys_penicillus_CEO121|Syngnathidae_Hippocampus_abdominalis_CEO144|Syngnathidae_Hippocampus_barbouri_CEO9|Syngnathidae_Hippocampus_comes_CEO132|Syngnathidae_Hippocampus_erectus_CEO134|Syngnathidae_Hippocampus_ingens_CEO39|Syngnathidae_Hippocampus_kelloggi_UW153288|Syngnathidae_Hippocampus_kuda_CEO52|Syngnathidae_Hippocampus_reidi_CEO53|Syngnathidae_Hippocampus_subelongatus_CEO131|Syngnathidae_Hippocampus_zosterae_USNMAC2WR35|Syngnathidae_Hypselognathus_rostratus_CEO108|Syngnathidae_Idiotropiscis_lumnitzeri_CEO91|Syngnathidae_Micrognathus_andersonii_USNMAG9RQ99|Syngnathidae_Phycodurus_eques_CEO50|Syngnathidae_Phyllopteryx_taeniolatus_CEO83|Syngnathidae_Pseudophallus_starksii_STRIBFT05080|Syngnathidae_Siokunichthys_nigrolineatus_CEO102|Syngnathidae_Solegnathus_guentheri_CSIROGT192|Syngnathidae_Solegnathus_hardwickii_CSIRODGQ0572a|Syngnathidae_Solegnathus_spinosissimus_CSIROGT7988|Syngnathidae_Stigmatopora_nigra_CEO153|Syngnathidae_Syngnathoides_biaculeatus_CEO101|Syngnathidae_Syngnathus_abaster_CEO125|Syngnathidae_Syngnathus_acus_CEO109|Syngnathidae_Syngnathus_auliscus_CEO25|Syngnathidae_Syngnathus_californiensis_CEO56|Syngnathidae_Syngnathus_exilis_CEO57|Syngnathidae_Syngnathus_floridae_CEO105|Syngnathidae_Syngnathus_fuscus_CEO123|Syngnathidae_Syngnathus_leptorhynchus_CEO12|Syngnathidae_Syngnathus_louisianae_CEO104|Syngnathidae_Syngnathus_pelagicus_CEO99|Syngnathidae_Syngnathus_rostellatus_CEO110|Syngnathidae_Syngnathus_scovelli_CEO71|Syngnathidae_Syngnathus_springeri_CEO100|Syngnathidae_Syngnathus_taenionotus_CEO126|Syngnathidae_Syngnathus_typhle_CEO111|Syngnathidae_Trachyrhamphus_bicoarctatus_CEO7|Syngnathidae_Vanacampus_phillipi_CEO106|Syngnathidae_Vanacampus_poecilolaemus_CEO107",20.19202868,181,196,0.03950460923,0.00195644577650233,-6.23662583123794,"RelTime"
"clade:Syngnathidae_Bryx_randalli_USNMAC5ZB14|Syngnathidae_Cosmocampus_albirostris_USNMAC5ZM66|Syngnathidae_Cosmocampus_arctus_CEO26",7.738619274,232,233,0.007634920947,0.000986599892910044,-6.92124597770909,"RelTime"
"clade:Syngnathidae_Bryx_randalli_USNMAC5ZB14|Syngnathidae_Cosmocampus_albirostris_USNMAC5ZM66|Syngnathidae_Cosmocampus_arctus_CEO26|Syngnathidae_Enneacampus_ansorgii_CEO11",1.283298738,231,232,0.001538104584,0.00119855536240697,-6.72663831207621,"RelTime"
"clade:Syngnathidae_Bryx_randalli_USNMAC5ZB14|Syngnathidae_Cosmocampus_albirostris_USNMAC5ZM66|Syngnathidae_Cosmocampus_arctus_CEO26|Syngnathidae_Enneacampus_ansorgii_CEO11|Syngnathidae_Festucalex_wassi_CEO10|Syngnathidae_Filicampus_tigris_CSIROGT4369|Syngnathidae_Halicampus_crinitus_CEO79|Syngnathidae_Halicampus_dunckeri_CEO8|Syngnathidae_Haliichthys_taeniophorus_CSIROGT4114|Syngnathidae_Hippichthys_penicillus_CEO121|Syngnathidae_Hippocampus_abdominalis_CEO144|Syngnathidae_Hippocampus_barbouri_CEO9|Syngnathidae_Hippocampus_comes_CEO132|Syngnathidae_Hippocampus_erectus_CEO134|Syngnathidae_Hippocampus_ingens_CEO39|Syngnathidae_Hippocampus_kelloggi_UW153288|Syngnathidae_Hippocampus_kuda_CEO52|Syngnathidae_Hippocampus_reidi_CEO53|Syngnathidae_Hippocampus_subelongatus_CEO131|Syngnathidae_Hippocampus_zosterae_USNMAC2WR35|Syngnathidae_Hypselognathus_rostratus_CEO108|Syngnathidae_Idiotropiscis_lumnitzeri_CEO91|Syngnathidae_Micrognathus_andersonii_USNMAG9RQ99|Syngnathidae_Pseudophallus_starksii_STRIBFT05080|Syngnathidae_Siokunichthys_nigrolineatus_CEO102|Syngnathidae_Syngnathus_abaster_CEO125|Syngnathidae_Syngnathus_acus_CEO109|Syngnathidae_Syngnathus_auliscus_CEO25|Syngnathidae_Syngnathus_californiensis_CEO56|Syngnathidae_Syngnathus_exilis_CEO57|Syngnathidae_Syngnathus_floridae_CEO105|Syngnathidae_Syngnathus_fuscus_CEO123|Syngnathidae_Syngnathus_leptorhynchus_CEO12|Syngnathidae_Syngnathus_louisianae_CEO104|Syngnathidae_Syngnathus_pelagicus_CEO99|Syngnathidae_Syngnathus_rostellatus_CEO110|Syngnathidae_Syngnathus_scovelli_CEO71|Syngnathidae_Syngnathus_springeri_CEO100|Syngnathidae_Syngnathus_taenionotus_CEO126|Syngnathidae_Syngnathus_typhle_CEO111|Syngnathidae_Trachyrhamphus_bicoarctatus_CEO7|Syngnathidae_Vanacampus_phillipi_CEO106|Syngnathidae_Vanacampus_poecilolaemus_CEO107",4.290491672,196,208,0.007271977288,0.00169490534976617,-6.3801283805548,"RelTime"
"clade:Syngnathidae_Bryx_randalli_USNMAC5ZB14|Syngnathidae_Cosmocampus_albirostris_USNMAC5ZM66|Syngnathidae_Cosmocampus_arctus_CEO26|Syngnathidae_Enneacampus_ansorgii_CEO11|Syngnathidae_Filicampus_tigris_CSIROGT4369|Syngnathidae_Halicampus_crinitus_CEO79|Syngnathidae_Halicampus_dunckeri_CEO8|Syngnathidae_Haliichthys_taeniophorus_CSIROGT4114|Syngnathidae_Hippocampus_abdominalis_CEO144|Syngnathidae_Hippocampus_barbouri_CEO9|Syngnathidae_Hippocampus_comes_CEO132|Syngnathidae_Hippocampus_erectus_CEO134|Syngnathidae_Hippocampus_ingens_CEO39|Syngnathidae_Hippocampus_kelloggi_UW153288|Syngnathidae_Hippocampus_kuda_CEO52|Syngnathidae_Hippocampus_reidi_CEO53|Syngnathidae_Hippocampus_subelongatus_CEO131|Syngnathidae_Hippocampus_zosterae_USNMAC2WR35|Syngnathidae_Idiotropiscis_lumnitzeri_CEO91|Syngnathidae_Pseudophallus_starksii_STRIBFT05080|Syngnathidae_Syngnathus_abaster_CEO125|Syngnathidae_Syngnathus_acus_CEO109|Syngnathidae_Syngnathus_auliscus_CEO25|Syngnathidae_Syngnathus_californiensis_CEO56|Syngnathidae_Syngnathus_exilis_CEO57|Syngnathidae_Syngnathus_floridae_CEO105|Syngnathidae_Syngnathus_fuscus_CEO123|Syngnathidae_Syngnathus_leptorhynchus_CEO12|Syngnathidae_Syngnathus_louisianae_CEO104|Syngnathidae_Syngnathus_pelagicus_CEO99|Syngnathidae_Syngnathus_rostellatus_CEO110|Syngnathidae_Syngnathus_scovelli_CEO71|Syngnathidae_Syngnathus_springeri_CEO100|Syngnathidae_Syngnathus_taenionotus_CEO126|Syngnathidae_Syngnathus_typhle_CEO111|Syngnathidae_Trachyrhamphus_bicoarctatus_CEO7",1.298765779,208,215,0.002168417229,0.00166959837105471,-6.39517217785179,"RelTime"
"clade:Syngnathidae_Bryx_randalli_USNMAC5ZB14|Syngnathidae_Cosmocampus_albirostris_USNMAC5ZM66|Syngnathidae_Cosmocampus_arctus_CEO26|Syngnathidae_Enneacampus_ansorgii_CEO11|Syngnathidae_Halicampus_crinitus_CEO79",2.128666149,230,231,0.002080267878,0.00097726356900882,-6.93075416849754,"RelTime"
"clade:Syngnathidae_Bryx_randalli_USNMAC5ZB14|Syngnathidae_Cosmocampus_albirostris_USNMAC5ZM66|Syngnathidae_Cosmocampus_arctus_CEO26|Syngnathidae_Enneacampus_ansorgii_CEO11|Syngnathidae_Halicampus_crinitus_CEO79|Syngnathidae_Halicampus_dunckeri_CEO8|Syngnathidae_Pseudophallus_starksii_STRIBFT05080|Syngnathidae_Syngnathus_abaster_CEO125|Syngnathidae_Syngnathus_acus_CEO109|Syngnathidae_Syngnathus_auliscus_CEO25|Syngnathidae_Syngnathus_californiensis_CEO56|Syngnathidae_Syngnathus_exilis_CEO57|Syngnathidae_Syngnathus_floridae_CEO105|Syngnathidae_Syngnathus_fuscus_CEO123|Syngnathidae_Syngnathus_leptorhynchus_CEO12|Syngnathidae_Syngnathus_louisianae_CEO104|Syngnathidae_Syngnathus_pelagicus_CEO99|Syngnathidae_Syngnathus_rostellatus_CEO110|Syngnathidae_Syngnathus_scovelli_CEO71|Syngnathidae_Syngnathus_springeri_CEO100|Syngnathidae_Syngnathus_taenionotus_CEO126|Syngnathidae_Syngnathus_typhle_CEO111",1.58417404,215,229,0.002230541846,0.00140801565338111,-6.56557390384991,"RelTime"
"clade:Syngnathidae_Bryx_randalli_USNMAC5ZB14|Syngnathidae_Cosmocampus_albirostris_USNMAC5ZM66|Syngnathidae_Cosmocampus_arctus_CEO26|Syngnathidae_Enneacampus_ansorgii_CEO11|Syngnathidae_Halicampus_crinitus_CEO79|Syngnathidae_Pseudophallus_starksii_STRIBFT05080|Syngnathidae_Syngnathus_abaster_CEO125|Syngnathidae_Syngnathus_acus_CEO109|Syngnathidae_Syngnathus_auliscus_CEO25|Syngnathidae_Syngnathus_californiensis_CEO56|Syngnathidae_Syngnathus_exilis_CEO57|Syngnathidae_Syngnathus_floridae_CEO105|Syngnathidae_Syngnathus_fuscus_CEO123|Syngnathidae_Syngnathus_leptorhynchus_CEO12|Syngnathidae_Syngnathus_louisianae_CEO104|Syngnathidae_Syngnathus_pelagicus_CEO99|Syngnathidae_Syngnathus_rostellatus_CEO110|Syngnathidae_Syngnathus_scovelli_CEO71|Syngnathidae_Syngnathus_springeri_CEO100|Syngnathidae_Syngnathus_taenionotus_CEO126|Syngnathidae_Syngnathus_typhle_CEO111",5.140774645,229,230,0.007294479848,0.00141894565541688,-6.55784117934108,"RelTime"
"clade:Syngnathidae_Bryx_randalli_USNMAC5ZB14|Syngnathidae_Cosmocampus_arctus_CEO26",1.223856382,233,234,0.001100901855,0.000899535167027466,-7.01363240914285,"RelTime"
"clade:Syngnathidae_Choeroichthys_sculptus_CEO3|Syngnathidae_Doryichthys_boaja_CEO141|Syngnathidae_Doryichthys_martensii_CEO19|Syngnathidae_Doryrhamphus_excisus_CEO137|Syngnathidae_Doryrhamphus_janssi_CEO2|Syngnathidae_Doryrhamphus_melanopleura_CSIROGT3241|Syngnathidae_Dunckerocampus_boylei_CEO51|Syngnathidae_Dunckerocampus_dactyliophorus_CEO35|Syngnathidae_Dunckerocampus_pessuliferus_CEO140|Syngnathidae_Entelurus_aequoreus_CEO113|Syngnathidae_Microphis_brachyurus_CEO116|Syngnathidae_Microphis_cuncalus_CEO17|Syngnathidae_Microphis_deocata_CEO18|Syngnathidae_Microphis_lineatus_STRIBFT18819|Syngnathidae_Nerophis_ophidion_CEO112",17.56554465,181,182,0.02840719678,0.00161721127047433,-6.42705205109362,"RelTime"
"clade:Syngnathidae_Choeroichthys_sculptus_CEO3|Syngnathidae_Doryichthys_boaja_CEO141|Syngnathidae_Doryichthys_martensii_CEO19|Syngnathidae_Doryrhamphus_excisus_CEO137|Syngnathidae_Doryrhamphus_janssi_CEO2|Syngnathidae_Doryrhamphus_melanopleura_CSIROGT3241|Syngnathidae_Dunckerocampus_boylei_CEO51|Syngnathidae_Dunckerocampus_dactyliophorus_CEO35|Syngnathidae_Dunckerocampus_pessuliferus_CEO140|Syngnathidae_Microphis_brachyurus_CEO116|Syngnathidae_Microphis_cuncalus_CEO17|Syngnathidae_Microphis_deocata_CEO18|Syngnathidae_Microphis_lineatus_STRIBFT18819",11.55385438,182,184,0.01378441367,0.00119305759070853,-6.73123586317691,"RelTime"
"clade:Syngnathidae_Choeroichthys_sculptus_CEO3|Syngnathidae_Doryichthys_boaja_CEO141|Syngnathidae_Doryichthys_martensii_CEO19|Syngnathidae_Microphis_brachyurus_CEO116|Syngnathidae_Microphis_cuncalus_CEO17|Syngnathidae_Microphis_deocata_CEO18|Syngnathidae_Microphis_lineatus_STRIBFT18819",1.719713355,184,190,0.002408628343,0.00140059873117634,-6.57085546865764,"RelTime"
"clade:Syngnathidae_Corythoichthys_amplexus_CEO80|Syngnathidae_Corythoichthys_flavofasciatus_CEO92|Syngnathidae_Corythoichthys_haematopterus_CEO34|Syngnathidae_Corythoichthys_intestinalis_CEO86",1.72920387,199,200,0.002517421931,0.00145582714373638,-6.53218105621669,"RelTime"
"clade:Syngnathidae_Corythoichthys_amplexus_CEO80|Syngnathidae_Corythoichthys_flavofasciatus_CEO92|Syngnathidae_Corythoichthys_haematopterus_CEO34|Syngnathidae_Corythoichthys_intestinalis_CEO86|Syngnathidae_Corythoichthys_schultzi_CEO72",9.519619928,198,199,0.01347852544,0.00141586802224695,-6.56001249268229,"RelTime"
"clade:Syngnathidae_Corythoichthys_amplexus_CEO80|Syngnathidae_Corythoichthys_flavofasciatus_CEO92|Syngnathidae_Corythoichthys_haematopterus_CEO34|Syngnathidae_Corythoichthys_intestinalis_CEO86|Syngnathidae_Corythoichthys_schultzi_CEO72|Syngnathidae_Phycodurus_eques_CEO50|Syngnathidae_Phyllopteryx_taeniolatus_CEO83|Syngnathidae_Solegnathus_guentheri_CSIROGT192|Syngnathidae_Solegnathus_hardwickii_CSIRODGQ0572a|Syngnathidae_Solegnathus_spinosissimus_CSIROGT7988|Syngnathidae_Stigmatopora_nigra_CEO153|Syngnathidae_Syngnathoides_biaculeatus_CEO101",0.6779516608,196,197,0.001126186374,0.00166116028489564,-6.40023895397261,"RelTime"
"clade:Syngnathidae_Corythoichthys_amplexus_CEO80|Syngnathidae_Corythoichthys_flavofasciatus_CEO92|Syngnathidae_Corythoichthys_haematopterus_CEO34|Syngnathidae_Corythoichthys_intestinalis_CEO86|Syngnathidae_Corythoichthys_schultzi_CEO72|Syngnathidae_Stigmatopora_nigra_CEO153",17.07157999,197,198,0.03251926063,0.00190487703241579,-6.26333782239988,"RelTime"
"clade:Syngnathidae_Corythoichthys_flavofasciatus_CEO92|Syngnathidae_Corythoichthys_haematopterus_CEO34|Syngnathidae_Corythoichthys_intestinalis_CEO86",1.900605993,200,201,0.002648026386,0.00139325372841756,-6.57611345546039,"RelTime"
"clade:Syngnathidae_Corythoichthys_flavofasciatus_CEO92|Syngnathidae_Corythoichthys_intestinalis_CEO86",0.9365067104,201,202,0.001331994573,0.00142230115193844,-6.555479189476,"RelTime"
"clade:Syngnathidae_Doryichthys_boaja_CEO141|Syngnathidae_Doryichthys_martensii_CEO19",3.452959092,193,194,0.003277983777,0.000949325980894071,-6.95975831897524,"RelTime"
"clade:Syngnathidae_Doryichthys_boaja_CEO141|Syngnathidae_Doryichthys_martensii_CEO19|Syngnathidae_Microphis_brachyurus_CEO116|Syngnathidae_Microphis_cuncalus_CEO17|Syngnathidae_Microphis_deocata_CEO18|Syngnathidae_Microphis_lineatus_STRIBFT18819",9.98521948,190,191,0.01424489526,0.00142659811219292,-6.55246261141231,"RelTime"
"clade:Syngnathidae_Doryichthys_boaja_CEO141|Syngnathidae_Doryichthys_martensii_CEO19|Syngnathidae_Microphis_brachyurus_CEO116|Syngnathidae_Microphis_lineatus_STRIBFT18819",1.500966099,191,193,0.001872981463,0.00124785061051535,-6.68633271931259,"RelTime"
"clade:Syngnathidae_Doryrhamphus_excisus_CEO137|Syngnathidae_Doryrhamphus_janssi_CEO2|Syngnathidae_Doryrhamphus_melanopleura_CSIROGT3241",4.945029229,185,188,0.00638788793,0.00129177961022725,-6.65173446849167,"RelTime"
"clade:Syngnathidae_Doryrhamphus_excisus_CEO137|Syngnathidae_Doryrhamphus_janssi_CEO2|Syngnathidae_Doryrhamphus_melanopleura_CSIROGT3241|Syngnathidae_Dunckerocampus_boylei_CEO51|Syngnathidae_Dunckerocampus_dactyliophorus_CEO35|Syngnathidae_Dunckerocampus_pessuliferus_CEO140",3.053450352,184,185,0.003103129861,0.00101626995800585,-6.89161625842095,"RelTime"
"clade:Syngnathidae_Doryrhamphus_excisus_CEO137|Syngnathidae_Doryrhamphus_melanopleura_CSIROGT3241",12.60798015,188,189,0.01972113141,0.00156417849452277,-6.46039451643828,"RelTime"
"clade:Syngnathidae_Dunckerocampus_boylei_CEO51|Syngnathidae_Dunckerocampus_dactyliophorus_CEO35|Syngnathidae_Dunckerocampus_pessuliferus_CEO140",12.96267292,185,186,0.01036392622,0.000799520768900185,-7.13149804866659,"RelTime"
"clade:Syngnathidae_Dunckerocampus_dactyliophorus_CEO35|Syngnathidae_Dunckerocampus_pessuliferus_CEO140",3.159984327,186,187,0.002647359085,0.000837776017551748,-7.08475977536625,"RelTime"
"clade:Syngnathidae_Entelurus_aequoreus_CEO113|Syngnathidae_Nerophis_ophidion_CEO112",18.49719051,182,183,0.05513375106,0.00298065541522068,-5.81561206465412,"RelTime"
"clade:Syngnathidae_Festucalex_wassi_CEO10|Syngnathidae_Hippichthys_penicillus_CEO121|Syngnathidae_Hypselognathus_rostratus_CEO108|Syngnathidae_Micrognathus_andersonii_USNMAG9RQ99|Syngnathidae_Siokunichthys_nigrolineatus_CEO102|Syngnathidae_Vanacampus_phillipi_CEO106|Syngnathidae_Vanacampus_poecilolaemus_CEO107",1.042703299,208,209,0.001443869706,0.00138473687326465,-6.58224514059435,"RelTime"
"clade:Syngnathidae_Festucalex_wassi_CEO10|Syngnathidae_Hypselognathus_rostratus_CEO108|Syngnathidae_Micrognathus_andersonii_USNMAG9RQ99|Syngnathidae_Vanacampus_phillipi_CEO106|Syngnathidae_Vanacampus_poecilolaemus_CEO107",12.43445072,209,211,0.01251255671,0.00100628141859731,-6.9014935062682,"RelTime"
"clade:Syngnathidae_Festucalex_wassi_CEO10|Syngnathidae_Micrognathus_andersonii_USNMAG9RQ99",4.796251481,211,212,0.004122240414,0.000859471283007147,-7.05919314497686,"RelTime"
"clade:Syngnathidae_Filicampus_tigris_CSIROGT4369|Syngnathidae_Haliichthys_taeniophorus_CSIROGT4114|Syngnathidae_Hippocampus_abdominalis_CEO144|Syngnathidae_Hippocampus_barbouri_CEO9|Syngnathidae_Hippocampus_comes_CEO132|Syngnathidae_Hippocampus_erectus_CEO134|Syngnathidae_Hippocampus_ingens_CEO39|Syngnathidae_Hippocampus_kelloggi_UW153288|Syngnathidae_Hippocampus_kuda_CEO52|Syngnathidae_Hippocampus_reidi_CEO53|Syngnathidae_Hippocampus_subelongatus_CEO131|Syngnathidae_Hippocampus_zosterae_USNMAC2WR35|Syngnathidae_Idiotropiscis_lumnitzeri_CEO91|Syngnathidae_Trachyrhamphus_bicoarctatus_CEO7",2.284933598,215,216,0.003537362856,0.00154812501295278,-6.4707107493539,"RelTime"
"clade:Syngnathidae_Filicampus_tigris_CSIROGT4369|Syngnathidae_Haliichthys_taeniophorus_CSIROGT4114|Syngnathidae_Idiotropiscis_lumnitzeri_CEO91|Syngnathidae_Trachyrhamphus_bicoarctatus_CEO7",2.037008031,216,217,0.00207115859,0.00101676505859588,-6.89112920276694,"RelTime"
"clade:Syngnathidae_Filicampus_tigris_CSIROGT4369|Syngnathidae_Haliichthys_taeniophorus_CSIROGT4114|Syngnathidae_Trachyrhamphus_bicoarctatus_CEO7",8.976711142,217,218,0.0085970072,0.000957701218631905,-6.95097470898068,"RelTime"
"clade:Syngnathidae_Filicampus_tigris_CSIROGT4369|Syngnathidae_Trachyrhamphus_bicoarctatus_CEO7",2.911713396,218,219,0.002915403303,0.00100126726311905,-6.90648881816325,"RelTime"
"clade:Syngnathidae_Hippichthys_penicillus_CEO121|Syngnathidae_Siokunichthys_nigrolineatus_CEO102",8.602075291,209,210,0.01639148498,0.0019055267973706,-6.26299677457916,"RelTime"
"clade:Syngnathidae_Hippocampus_abdominalis_CEO144|Syngnathidae_Hippocampus_barbouri_CEO9|Syngnathidae_Hippocampus_comes_CEO132|Syngnathidae_Hippocampus_erectus_CEO134|Syngnathidae_Hippocampus_ingens_CEO39|Syngnathidae_Hippocampus_kelloggi_UW153288|Syngnathidae_Hippocampus_kuda_CEO52|Syngnathidae_Hippocampus_reidi_CEO53|Syngnathidae_Hippocampus_subelongatus_CEO131|Syngnathidae_Hippocampus_zosterae_USNMAC2WR35",10.40981285,216,220,0.03435911025,0.00330064629836261,-5.71363698169675,"RelTime"
"clade:Syngnathidae_Hippocampus_barbouri_CEO9|Syngnathidae_Hippocampus_comes_CEO132|Syngnathidae_Hippocampus_erectus_CEO134|Syngnathidae_Hippocampus_ingens_CEO39|Syngnathidae_Hippocampus_kelloggi_UW153288|Syngnathidae_Hippocampus_kuda_CEO52|Syngnathidae_Hippocampus_reidi_CEO53|Syngnathidae_Hippocampus_subelongatus_CEO131|Syngnathidae_Hippocampus_zosterae_USNMAC2WR35",1.78977727,220,221,0.001017867071,0.000568711586665753,-7.47213712990838,"RelTime"
"clade:Syngnathidae_Hippocampus_barbouri_CEO9|Syngnathidae_Hippocampus_comes_CEO132|Syngnathidae_Hippocampus_subelongatus_CEO131",5.173304662,221,222,0.003005850908,0.000581031101856263,-7.45070627095087,"RelTime"
"clade:Syngnathidae_Hippocampus_comes_CEO132|Syngnathidae_Hippocampus_subelongatus_CEO131",1.365029589,222,223,0.0005767839967,0.000422543219097941,-7.76921882267575,"RelTime"
"clade:Syngnathidae_Hippocampus_erectus_CEO134|Syngnathidae_Hippocampus_ingens_CEO39|Syngnathidae_Hippocampus_kelloggi_UW153288|Syngnathidae_Hippocampus_kuda_CEO52|Syngnathidae_Hippocampus_reidi_CEO53|Syngnathidae_Hippocampus_zosterae_USNMAC2WR35",1.625874135,221,224,0.001171215073,0.000720360234403999,-7.23575914551416,"RelTime"
"clade:Syngnathidae_Hippocampus_erectus_CEO134|Syngnathidae_Hippocampus_ingens_CEO39|Syngnathidae_Hippocampus_kuda_CEO52|Syngnathidae_Hippocampus_reidi_CEO53|Syngnathidae_Hippocampus_zosterae_USNMAC2WR35",0.678616751,224,225,0.0005954818315,0.000877493564110385,-7.03844093699829,"RelTime"
"clade:Syngnathidae_Hippocampus_erectus_CEO134|Syngnathidae_Hippocampus_zosterae_USNMAC2WR35",3.045025335,225,226,0.003290410274,0.00108058551637634,-6.8302522399605,"RelTime"
"clade:Syngnathidae_Hippocampus_ingens_CEO39|Syngnathidae_Hippocampus_kuda_CEO52|Syngnathidae_Hippocampus_reidi_CEO53",3.970555149,225,227,0.002791407986,0.000703027128763852,-7.26011507690693,"RelTime"
"clade:Syngnathidae_Hippocampus_ingens_CEO39|Syngnathidae_Hippocampus_reidi_CEO53",2.223560204,227,228,0.002226740579,0.00100143030757354,-6.90632599332416,"RelTime"
"clade:Syngnathidae_Hypselognathus_rostratus_CEO108|Syngnathidae_Vanacampus_phillipi_CEO106|Syngnathidae_Vanacampus_poecilolaemus_CEO107",7.605592565,211,213,0.008960672249,0.00117816885041093,-6.74379386751261,"RelTime"
"clade:Syngnathidae_Microphis_brachyurus_CEO116|Syngnathidae_Microphis_lineatus_STRIBFT18819",9.83135424,193,195,0.01612587058,0.00164024916469697,-6.4129071189929,"RelTime"
"clade:Syngnathidae_Microphis_cuncalus_CEO17|Syngnathidae_Microphis_deocata_CEO18",2.061913498,191,192,0.003362878182,0.00163095017577697,-6.4185925040766,"RelTime"
"clade:Syngnathidae_Phycodurus_eques_CEO50|Syngnathidae_Phyllopteryx_taeniolatus_CEO83",5.009903201,206,207,0.00798041627,0.00159292823629947,-6.44218129847295,"RelTime"
"clade:Syngnathidae_Phycodurus_eques_CEO50|Syngnathidae_Phyllopteryx_taeniolatus_CEO83|Syngnathidae_Solegnathus_guentheri_CSIROGT192|Syngnathidae_Solegnathus_hardwickii_CSIRODGQ0572a|Syngnathidae_Solegnathus_spinosissimus_CSIROGT7988",7.183375695,203,204,0.008280235404,0.0011526941866292,-6.76565330563436,"RelTime"
"clade:Syngnathidae_Phycodurus_eques_CEO50|Syngnathidae_Phyllopteryx_taeniolatus_CEO83|Syngnathidae_Solegnathus_guentheri_CSIROGT192|Syngnathidae_Solegnathus_hardwickii_CSIRODGQ0572a|Syngnathidae_Solegnathus_spinosissimus_CSIROGT7988|Syngnathidae_Syngnathoides_biaculeatus_CEO101",15.18516375,197,203,0.02199761582,0.00144862552568786,-6.53714008542232,"RelTime"
"clade:Syngnathidae_Phycodurus_eques_CEO50|Syngnathidae_Phyllopteryx_taeniolatus_CEO83|Syngnathidae_Solegnathus_spinosissimus_CSIROGT7988",0.4373269455,204,206,0.0005495959522,0.00125671641744289,-6.67925297749687,"RelTime"
"clade:Syngnathidae_Pseudophallus_starksii_STRIBFT05080|Syngnathidae_Syngnathus_abaster_CEO125|Syngnathidae_Syngnathus_acus_CEO109|Syngnathidae_Syngnathus_auliscus_CEO25|Syngnathidae_Syngnathus_californiensis_CEO56|Syngnathidae_Syngnathus_exilis_CEO57|Syngnathidae_Syngnathus_floridae_CEO105|Syngnathidae_Syngnathus_fuscus_CEO123|Syngnathidae_Syngnathus_leptorhynchus_CEO12|Syngnathidae_Syngnathus_louisianae_CEO104|Syngnathidae_Syngnathus_pelagicus_CEO99|Syngnathidae_Syngnathus_rostellatus_CEO110|Syngnathidae_Syngnathus_scovelli_CEO71|Syngnathidae_Syngnathus_springeri_CEO100|Syngnathidae_Syngnathus_taenionotus_CEO126|Syngnathidae_Syngnathus_typhle_CEO111",7.153095068,230,235,0.01473716049,0.00206024949338755,-6.18492819021934,"RelTime"
"clade:Syngnathidae_Solegnathus_guentheri_CSIROGT192|Syngnathidae_Solegnathus_hardwickii_CSIRODGQ0572a",5.713381086,204,205,0.006040656074,0.00105728219124083,-6.8520536339874,"RelTime"
"clade:Syngnathidae_Syngnathus_abaster_CEO125|Syngnathidae_Syngnathus_acus_CEO109|Syngnathidae_Syngnathus_auliscus_CEO25|Syngnathidae_Syngnathus_californiensis_CEO56|Syngnathidae_Syngnathus_exilis_CEO57|Syngnathidae_Syngnathus_floridae_CEO105|Syngnathidae_Syngnathus_fuscus_CEO123|Syngnathidae_Syngnathus_leptorhynchus_CEO12|Syngnathidae_Syngnathus_louisianae_CEO104|Syngnathidae_Syngnathus_pelagicus_CEO99|Syngnathidae_Syngnathus_rostellatus_CEO110|Syngnathidae_Syngnathus_scovelli_CEO71|Syngnathidae_Syngnathus_springeri_CEO100|Syngnathidae_Syngnathus_taenionotus_CEO126|Syngnathidae_Syngnathus_typhle_CEO111",6.966720501,235,236,0.0152190938,0.00218454203779461,-6.12634906608909,"RelTime"
"clade:Syngnathidae_Syngnathus_abaster_CEO125|Syngnathidae_Syngnathus_acus_CEO109|Syngnathidae_Syngnathus_floridae_CEO105|Syngnathidae_Syngnathus_fuscus_CEO123|Syngnathidae_Syngnathus_louisianae_CEO104|Syngnathidae_Syngnathus_pelagicus_CEO99|Syngnathidae_Syngnathus_rostellatus_CEO110|Syngnathidae_Syngnathus_scovelli_CEO71|Syngnathidae_Syngnathus_springeri_CEO100|Syngnathidae_Syngnathus_taenionotus_CEO126|Syngnathidae_Syngnathus_typhle_CEO111",1.859626633,236,240,0.003508417218,0.00188662452760215,-6.2729660108778,"RelTime"
"clade:Syngnathidae_Syngnathus_abaster_CEO125|Syngnathidae_Syngnathus_acus_CEO109|Syngnathidae_Syngnathus_rostellatus_CEO110|Syngnathidae_Syngnathus_taenionotus_CEO126|Syngnathidae_Syngnathus_typhle_CEO111",1.014447184,240,241,0.002328077012,0.00229492185371378,-6.07705648671874,"RelTime"
"clade:Syngnathidae_Syngnathus_abaster_CEO125|Syngnathidae_Syngnathus_rostellatus_CEO110|Syngnathidae_Syngnathus_taenionotus_CEO126|Syngnathidae_Syngnathus_typhle_CEO111",1.330444147,241,242,0.003965725485,0.00298075307703992,-5.81557929997464,"RelTime"
"clade:Syngnathidae_Syngnathus_auliscus_CEO25|Syngnathidae_Syngnathus_californiensis_CEO56|Syngnathidae_Syngnathus_exilis_CEO57|Syngnathidae_Syngnathus_leptorhynchus_CEO12",4.152528565,236,237,0.01050383679,0.00252950380125802,-5.9797321214629,"RelTime"
"clade:Syngnathidae_Syngnathus_californiensis_CEO56|Syngnathidae_Syngnathus_exilis_CEO57|Syngnathidae_Syngnathus_leptorhynchus_CEO12",0.9687354985,237,238,0.001997410765,0.00206187423511661,-6.18413988694646,"RelTime"
"clade:Syngnathidae_Syngnathus_californiensis_CEO56|Syngnathidae_Syngnathus_leptorhynchus_CEO12",0.2895624466,238,239,0.0005601216252,0.00193437247052187,-6.24797230973837,"RelTime"
"clade:Syngnathidae_Syngnathus_floridae_CEO105|Syngnathidae_Syngnathus_fuscus_CEO123|Syngnathidae_Syngnathus_louisianae_CEO104|Syngnathidae_Syngnathus_pelagicus_CEO99|Syngnathidae_Syngnathus_scovelli_CEO71",0.5804209874,245,246,0.0009560281216,0.00164712879505363,-6.40872163105438,"RelTime"
"clade:Syngnathidae_Syngnathus_floridae_CEO105|Syngnathidae_Syngnathus_fuscus_CEO123|Syngnathidae_Syngnathus_louisianae_CEO104|Syngnathidae_Syngnathus_pelagicus_CEO99|Syngnathidae_Syngnathus_scovelli_CEO71|Syngnathidae_Syngnathus_springeri_CEO100",0.6227279808,240,245,0.0009658316456,0.00155096876225029,-6.46887553538366,"RelTime"
"clade:Syngnathidae_Syngnathus_floridae_CEO105|Syngnathidae_Syngnathus_louisianae_CEO104|Syngnathidae_Syngnathus_pelagicus_CEO99",0.4086307257,246,248,0.000675110204,0.00165212785417325,-6.40569121331073,"RelTime"
"clade:Syngnathidae_Syngnathus_fuscus_CEO123|Syngnathidae_Syngnathus_scovelli_CEO71",1.298344961,246,247,0.002132070507,0.00164214486214654,-6.41175204885517,"RelTime"
"clade:Syngnathidae_Syngnathus_louisianae_CEO104|Syngnathidae_Syngnathus_pelagicus_CEO99",1.591314207,248,249,0.002694784281,0.00169343318192345,-6.38099734209544,"RelTime"
"clade:Syngnathidae_Syngnathus_rostellatus_CEO110|Syngnathidae_Syngnathus_taenionotus_CEO126",0.3530815351,243,244,0.001344444452,0.00380774500603444,-5.57071812699616,"RelTime"
"clade:Syngnathidae_Syngnathus_rostellatus_CEO110|Syngnathidae_Syngnathus_taenionotus_CEO126|Syngnathidae_Syngnathus_typhle_CEO111",0.6966497768,242,243,0.002452056232,0.00351978327368927,-5.64935586124228,"RelTime"
"clade:Syngnathidae_Vanacampus_phillipi_CEO106|Syngnathidae_Vanacampus_poecilolaemus_CEO107",4.823191185,213,214,0.005341480827,0.0011074578265966,-6.80568813659252,"RelTime"
"tip:Aulostomidae_Aulostomus_maculatus_CEO156",65.48954283,169,2,0.02395826691,0.000365833473172834,-7.91333231943392,"RelTime"
"tip:Bramidae_Taractichthys_longipinnis_CEO67",116.7291485,165,1,0.01069697363,9.1639267204969e-05,-9.2976506968648,"RelTime"
"tip:Callionymidae_Anaora_tentaculata_CEO61",17.48662895,303,139,0.04576043233,0.00261688130175599,-5.9457720130711,"RelTime"
"tip:Callionymidae_Callionymus_australis_CSIROGT893",2.11681797,322,158,0.002183384858,0.00103144667559677,-6.87679292276912,"RelTime"
"tip:Callionymidae_Callionymus_bairdi_USNMAC4YY15",9.937107746,319,154,0.03914137144,0.00393890983578755,-5.53685128538291,"RelTime"
"tip:Callionymidae_Callionymus_belcheri_CEO149",3.936754965,327,164,0.02613317846,0.00663825376289327,-5.01490633759715,"RelTime"
"tip:Callionymidae_Callionymus_calcaratus_CEO76",3.937325312,324,159,0.01045714688,0.00265590116420637,-5.93097126033204,"RelTime"
"tip:Callionymidae_Callionymus_curvicornis_CEO154",6.767182926,325,161,0.01498146792,0.00221384113357423,-6.11302620265676,"RelTime"
"tip:Callionymidae_Callionymus_delicatulus_CEO94",8.809943589,305,141,0.01891638041,0.00214716248962352,-6.14360808077713,"RelTime"
"tip:Callionymidae_Callionymus_grossi_CEO150",10.61550124,318,153,0.0166681591,0.00157017165022723,-6.45657033424323,"RelTime"
"tip:Callionymidae_Callionymus_limiceps_CEO152",3.937325312,324,160,0.01831701732,0.0046521473001416,-5.37042638099605,"RelTime"
"tip:Callionymidae_Callionymus_lunatus_CEO4",1.360938466,316,151,0.001522782075,0.00111892059269636,-6.79539081490816,"RelTime"
"tip:Callionymidae_Callionymus_marquesensis_USNMAG7PU28",8.809943589,305,140,0.02757238703,0.00312968939601686,-5.76682151385355,"RelTime"
"tip:Callionymidae_Callionymus_moretonensis_CSIROGT6463",1.360938466,316,152,0.001011867605,0.000743507241715365,-7.20413205207738,"RelTime"
"tip:Callionymidae_Callionymus_ogilbyi_CSIROGT4778",0.405863981,321,155,0.0003548559094,0.000874322250833094,-7.04206154221783,"RelTime"
"tip:Callionymidae_Callionymus_russelli_CSIRODGQ0686b",3.936754965,327,163,0.02066340581,0.00524884225554028,-5.24974774945155,"RelTime"
"tip:Callionymidae_Callionymus_scaber_CEO64",0.405863981,321,156,0.0005542736373,0.0013656635307581,-6.59611486533557,"RelTime"
"tip:Callionymidae_Callionymus_sereti_CSIROGT4601",2.11681797,322,157,0.006124137735,0.00289308661481176,-5.84543131399222,"RelTime"
"tip:Callionymidae_Dactylopus_dactylopus_CSIROGT4079",12.63768418,308,143,0.01970907314,0.00155954784589339,-6.46335934210914,"RelTime"
"tip:Callionymidae_Diplogrammus_goramensis_CEO93",13.46628559,307,142,0.02822248192,0.00209578816158168,-6.16782558557872,"RelTime"
"tip:Callionymidae_Draculo_mirabilis_CEO155",5.964632204,326,162,0.04986464941,0.00836005435114001,-4.78429035057412,"RelTime"
"tip:Callionymidae_Synchiropus_agassizii_CEO81",0.5170738875,302,138,0.0006708464836,0.00129738998587508,-6.64740073582534,"RelTime"
"tip:Callionymidae_Synchiropus_altivelis_CEO148",0.6410676004,299,133,0.000529022463,0.000825221026097578,-7.09985929708987,"RelTime"
"tip:Callionymidae_Synchiropus_apricus_CSIROGT882",5.767505045,297,131,0.004493453366,0.000779098298300665,-7.15737333481588,"RelTime"
"tip:Callionymidae_Synchiropus_atrilabiatus_CEO85",2.167800951,300,135,0.002681358273,0.00123690243412943,-6.69514506165782,"RelTime"
"tip:Callionymidae_Synchiropus_calauropomus_CSIROGT4799",5.767505045,297,132,0.004353342435,0.000754805136889135,-7.18905093886355,"RelTime"
"tip:Callionymidae_Synchiropus_goodenbeani_CEO82",0.5170738875,302,137,0.0009740946044,0.00188385959521114,-6.27443263043993,"RelTime"
"tip:Callionymidae_Synchiropus_masudai_CEO74",0.6410676004,299,134,0.0007194989901,0.00112234495964398,-6.79233506847182,"RelTime"
"tip:Callionymidae_Synchiropus_morrisoni_USNMAC1VE19",0.9562690186,314,149,0.0009049192652,0.000946301979462665,-6.96294882266039,"RelTime"
"tip:Callionymidae_Synchiropus_moyeri_CEO89",0.9562690186,314,150,0.001412893,0.00147750577768221,-6.51739989824685,"RelTime"
"tip:Callionymidae_Synchiropus_ocellatus_CEO24",1.102607636,313,147,0.001698023164,0.00154000671549857,-6.47596850185275,"RelTime"
"tip:Callionymidae_Synchiropus_phaeton_USNM405116",0.8592666127,301,136,0.0009825899051,0.00114352156894877,-6.77364268245915,"RelTime"
"tip:Callionymidae_Synchiropus_picturatus_CEO23",1.772966843,310,145,0.0053209473,0.00300115443275664,-5.80875825341588,"RelTime"
"tip:Callionymidae_Synchiropus_rameus_CSIROGT4623",6.197134439,311,146,0.007060798962,0.00113936514230912,-6.77728406440937,"RelTime"
"tip:Callionymidae_Synchiropus_splendidus_CEO135",1.772966843,310,144,0.005377590115,0.0030331024724076,-5.7981692650213,"RelTime"
"tip:Callionymidae_Synchiropus_stellatus_CEO78",1.102607636,313,148,0.001530416301,0.00138799719050739,-6.57989344102969,"RelTime"
"tip:Centriscidae_Aeoliscus_strigatus_CEO32",14.46609931,173,6,0.009393353137,0.000649335590452268,-7.33956088638009,"RelTime"
"tip:Centriscidae_Centriscops_humerosus_CSIROGT8057",10.69114336,175,9,0.003139639477,0.000293667325493613,-8.13306297724714,"RelTime"
"tip:Centriscidae_Centriscus_cristatus_CSIROGT4449",2.054878459,174,7,0.002139631012,0.0010412445576179,-6.86733859127441,"RelTime"
"tip:Centriscidae_Centriscus_scutatus_CEO59",2.054878459,174,8,0.003098509264,0.00150787957819553,-6.49705086789298,"RelTime"
"tip:Centriscidae_Macroramphosus_gracilis_CEO68",1.589363353,178,12,0.001691651701,0.00106435806375359,-6.84538341859068,"RelTime"
"tip:Centriscidae_Macroramphosus_scolopax_CEO28",1.589363353,178,13,0.001126231587,0.000708605483368031,-7.25221162725063,"RelTime"
"tip:Centriscidae_Notopogon_fernandezianus_CSIROGT902",7.905431634,177,11,0.002652088838,0.000335476791247399,-7.99995778055519,"RelTime"
"tip:Centriscidae_Notopogon_lilliei_CSIROGT7994",8.601896548,176,10,0.001971038438,0.000229139984072266,-8.38117745700972,"RelTime"
"tip:Dactylopteridae_Dactyloptena_orientalis_CEO33",5.54799539,256,92,0.003298249834,0.000594493975237424,-7.42779997605228,"RelTime"
"tip:Dactylopteridae_Dactyloptena_papilio_CSIROGT6501",9.252791952,255,90,0.004596748308,0.000496795813830701,-7.60733145364721,"RelTime"
"tip:Dactylopteridae_Dactyloptena_peterseni_CEO69",5.54799539,256,91,0.002363681985,0.00042604252866908,-7.76097138412132,"RelTime"
"tip:Dactylopteridae_Dactylopterus_volitans_CEO70",26.83420747,254,89,0.01119478361,0.000417183314339188,-7.78198483003058,"RelTime"
"tip:Draconettidae_Draconetta_xenica_CSIROGT11264",67.3493149,294,130,0.07823460405,0.00116162434860937,-6.75793595284503,"RelTime"
"tip:Fistulariidae_Fistularia_commersonii_CEO40B",1.330116522,171,3,0.001835693266,0.00138009958950048,-6.58559961611219,"RelTime"
"tip:Fistulariidae_Fistularia_corneta_CEO62",1.330116522,171,4,0.002665705022,0.00200411390875122,-6.21255325668067,"RelTime"
"tip:Fistulariidae_Fistularia_petimba_CEO88",4.482287132,170,5,0.003619182876,0.000807441105270094,-7.12164044017736,"RelTime"
"tip:Mullidae_Mulloidichthys_dentatus_CEO43",2.878081415,272,106,0.0009264055598,0.000321883027690514,-8.04132234645957,"RelTime"
"tip:Mullidae_Mulloidichthys_flavolineatus_KU5644",4.307581513,271,105,0.001750495491,0.000406375476753514,-7.80823300615476,"RelTime"
"tip:Mullidae_Mulloidichthys_martinicus_CEO27",2.878081415,273,107,0.000477953853,0.000166066828585528,-8.70312026878153,"RelTime"
"tip:Mullidae_Mulloidichthys_vanicolensis_CEO44",2.878081415,273,108,0.0005205667574,0.000180872839345999,-8.6177163186486,"RelTime"
"tip:Mullidae_Mullus_argentinae_UNMDPT0134",2.061120126,276,109,0.0006540384025,0.000317321826248569,-8.05559407432023,"RelTime"
"tip:Mullidae_Mullus_auratus_CEO95",2.061120126,276,110,0.0008993830309,0.000436356435296872,-7.7370511364475,"RelTime"
"tip:Mullidae_Parupeneus_barberinoides_CEO30",5.359090809,282,117,0.002492667117,0.000465128732809275,-7.67319634594023,"RelTime"
"tip:Mullidae_Parupeneus_barberinus_CEO47",2.094318596,285,119,0.002060643566,0.00098392077019021,-6.92396518225316,"RelTime"
"tip:Mullidae_Parupeneus_crassilabris_USNMAG9RE44",1.153930177,293,128,0.0007933794583,0.000687545463420184,-7.28238260199877,"RelTime"
"tip:Mullidae_Parupeneus_cyclostomus_CEO45",3.631050037,289,124,0.002674288432,0.000736505530011786,-7.21359381358769,"RelTime"
"tip:Mullidae_Parupeneus_forsskali_FMNHRS1304T54",2.284255885,291,125,0.001327246682,0.000581041156866714,-7.45068896564068,"RelTime"
"tip:Mullidae_Parupeneus_inayatae_CSIROIN00502",1.27342695,287,120,0.0006093346302,0.000478499870133894,-7.64485461847382,"RelTime"
"tip:Mullidae_Parupeneus_indicus_USNMAG9RD89",2.094318596,285,118,0.001772929666,0.000846542483739661,-7.07435017012573,"RelTime"
"tip:Mullidae_Parupeneus_insularis_USNMAG5NQ87",1.153930177,293,127,0.0003544535052,0.000307170669651358,-8.08810703764424,"RelTime"
"tip:Mullidae_Parupeneus_jansenii_CSIROGT4602",2.308055026,288,123,0.003161191022,0.00136963416659894,-6.59321160648102,"RelTime"
"tip:Mullidae_Parupeneus_multifasciatus_CEO46",1.946229498,292,129,0.001822080287,0.000936210394957234,-6.97367032580892,"RelTime"
"tip:Mullidae_Parupeneus_pleurostigma_KU743",1.27342695,287,121,0.0009485306177,0.000744864570127089,-7.20230814117393,"RelTime"
"tip:Mullidae_Parupeneus_procerigena_KU6817",2.308055026,288,122,0.002001598368,0.00086722298448356,-7.05021442338248,"RelTime"
"tip:Mullidae_Parupeneus_rubescens_CEO66",2.284255885,291,126,0.001773875066,0.000776565829445154,-7.16062914183413,"RelTime"
"tip:Mullidae_Pseudupeneus_grandisquamis_CEO41",4.583305877,280,114,0.00420507517,0.000917476442299424,-6.99388365433311,"RelTime"
"tip:Mullidae_Pseudupeneus_maculatus_CEO55",3.217690051,281,116,0.002240511638,0.000696310583831308,-7.26971475602888,"RelTime"
"tip:Mullidae_Pseudupeneus_prayensis_USNMAD9NF17",3.217690051,281,115,0.001950877391,0.0006062974867308,-7.40813979015198,"RelTime"
"tip:Mullidae_Upeneichthys_lineatus_CEO63",2.516916139,278,112,0.001077542063,0.000428119970428621,-7.75610709692074,"RelTime"
"tip:Mullidae_Upeneichthys_stotti_CSIROGT5950",3.30844311,277,111,0.0009976125448,0.000301535348087034,-8.10662330791618,"RelTime"
"tip:Mullidae_Upeneichthys_vlamingii_CSIROGT266",2.516916139,278,113,0.002137174479,0.000849124230197485,-7.07130505703648,"RelTime"
"tip:Mullidae_Upeneus_asymmetricus_CSIROIN01738",1.614124588,269,104,0.002155229748,0.00133523134708608,-6.61865070844611,"RelTime"
"tip:Mullidae_Upeneus_australiae_CSIROGT4135",1.614124588,269,103,0.0014950847,0.000926251115381683,-6.98436517716395,"RelTime"
"tip:Mullidae_Upeneus_filifer_CSIROCMR003702A",2.74866651,265,98,0.002191108074,0.000797153116257818,-7.13446378186957,"RelTime"
"tip:Mullidae_Upeneus_guttatus_CSIROGT4122",2.411893284,268,101,0.001827141648,0.000757554930029815,-7.18541450831898,"RelTime"
"tip:Mullidae_Upeneus_japonicus_KU10324",0.5318807884,266,99,0.000536032909,0.00100780648726285,-6.89997910468466,"RelTime"
"tip:Mullidae_Upeneus_moluccensis_KU6747",16.84034305,262,96,0.007496500258,0.000445151279623131,-7.71709637936009,"RelTime"
"tip:Mullidae_Upeneus_nigromarginatus_USNMAG9RE99",9.924861149,260,93,0.003556217192,0.000358314049799912,-7.93410072203055,"RelTime"
"tip:Mullidae_Upeneus_quadrilineatus_CSIROIN02060",4.412440419,261,94,0.004160744969,0.000942957768015133,-6.96648906104722,"RelTime"
"tip:Mullidae_Upeneus_sulphureus_USNMAG9RC75",4.412440419,261,95,0.002103980573,0.000476829231266273,-7.64835213690637,"RelTime"
"tip:Mullidae_Upeneus_sundaicus_CSIROGT4266",9.981377066,263,97,0.00580044194,0.00058112642190007,-7.45054223115063,"RelTime"
"tip:Mullidae_Upeneus_torres_CSIROGT1917",0.5318807884,266,100,0.0004954703384,0.000931543964749075,-6.97866717123816,"RelTime"
"tip:Mullidae_Upeneus_tragula_CEO48",2.411893284,268,102,0.003928083209,0.00162863060113733,-6.42001573926537,"RelTime"
"tip:Pegasidae_Eurypegasus_draconis_CEO49",17.77858119,252,86,0.05004009254,0.00281462800688203,-5.87292517287858,"RelTime"
"tip:Pegasidae_Pegasus_tetrabelos_CSIROGT7822",5.11722006,253,87,0.01300293292,0.00254101499789712,-5.97519167230139,"RelTime"
"tip:Pegasidae_Pegasus_volitans_CEO58",5.11722006,253,88,0.01299602892,0.00253966582785576,-5.97572277044329,"RelTime"
"tip:Solenostomidae_Solenostomus_cyanopterus_CEO37",2.846797777,180,14,0.00750359674,0.00263580251489005,-5.93856758362714,"RelTime"
"tip:Solenostomidae_Solenostomus_paradoxus_CEO42B",2.846797777,180,15,0.009662702984,0.00339423581894978,-5.68567663345541,"RelTime"
"tip:Syngnathidae_Bryx_randalli_USNMAC5ZB14",7.732612313,234,68,0.005051009029,0.00065320862142646,-7.33361399820054,"RelTime"
"tip:Syngnathidae_Choeroichthys_sculptus_CEO3",21.77417528,190,24,0.02885969216,0.00132540919639368,-6.62603403975441,"RelTime"
"tip:Syngnathidae_Corythoichthys_amplexus_CEO80",3.422903546,200,33,0.005803695484,0.00169554748067096,-6.37974959285617,"RelTime"
"tip:Syngnathidae_Corythoichthys_flavofasciatus_CEO92",0.5857908426,202,36,0.00085941242,0.00146709773779588,-6.52446915777619,"RelTime"
"tip:Syngnathidae_Corythoichthys_haematopterus_CEO34",1.522297553,201,34,0.001993635323,0.0013096226286846,-6.63801625297553,"RelTime"
"tip:Syngnathidae_Corythoichthys_intestinalis_CEO86",0.5857908426,202,35,0.00080773082,0.00137887239140669,-6.58648922150378,"RelTime"
"tip:Syngnathidae_Corythoichthys_schultzi_CEO72",5.152107416,199,32,0.006421950676,0.00124647064928353,-6.68743920178127,"RelTime"
"tip:Syngnathidae_Cosmocampus_albirostris_USNMAC5ZM66",8.956468694,233,67,0.01165860606,0.00130169673543438,-6.64408668441974,"RelTime"
"tip:Syngnathidae_Cosmocampus_arctus_CEO26",7.732612313,234,69,0.009578789333,0.00123875204720871,-6.69365081968071,"RelTime"
"tip:Syngnathidae_Doryichthys_boaja_CEO141",6.835030611,194,28,0.01041848922,0.00152427835556917,-6.48623419038454,"RelTime"
"tip:Syngnathidae_Doryichthys_martensii_CEO19",6.835030611,194,27,0.004041168087,0.000591243597431198,-7.43328244708577,"RelTime"
"tip:Syngnathidae_Doryrhamphus_excisus_CEO137",2.887428905,189,23,0.003802009932,0.00131674581681172,-6.63259187650977,"RelTime"
"tip:Syngnathidae_Doryrhamphus_janssi_CEO2",15.49540906,188,21,0.01127451359,0.000727603482189066,-7.22575432547543,"RelTime"
"tip:Syngnathidae_Doryrhamphus_melanopleura_CSIROGT3241",2.887428905,189,22,0.005365151298,0.00185810680523059,-6.28819715626492,"RelTime"
"tip:Syngnathidae_Dunckerocampus_boylei_CEO51",7.477765363,186,18,0.005196453684,0.000694920665699417,-7.27171286898788,"RelTime"
"tip:Syngnathidae_Dunckerocampus_dactyliophorus_CEO35",4.317781036,187,19,0.003074629711,0.000712085602619706,-7.24731242538069,"RelTime"
"tip:Syngnathidae_Dunckerocampus_pessuliferus_CEO140",4.317781036,187,20,0.004255829861,0.000985652080435882,-6.92220712522973,"RelTime"
"tip:Syngnathidae_Enneacampus_ansorgii_CEO11",16.69508797,232,66,0.03270958239,0.0019592339045339,-6.23520174718108,"RelTime"
"tip:Syngnathidae_Entelurus_aequoreus_CEO113",16.55055251,183,17,0.01053661235,0.000636632060690039,-7.3593186820061,"RelTime"
"tip:Syngnathidae_Festucalex_wassi_CEO10",9.857361818,212,46,0.007348119834,0.000745444873554504,-7.20152937209453,"RelTime"
"tip:Syngnathidae_Filicampus_tigris_CSIROGT4369",10.62163537,219,53,0.0112492259,0.00105908605484355,-6.85034895518883,"RelTime"
"tip:Syngnathidae_Halicampus_crinitus_CEO79",17.97838671,231,65,0.01450161099,0.000806613586853923,-7.12266583106742,"RelTime"
"tip:Syngnathidae_Halicampus_dunckeri_CEO8",25.2478275,229,64,0.03406808288,0.00134934710243881,-6.60813443134056,"RelTime"
"tip:Syngnathidae_Haliichthys_taeniophorus_CSIROGT4114",13.53334877,218,51,0.01134162761,0.000838050345317451,-7.08443238134235,"RelTime"
"tip:Syngnathidae_Hippichthys_penicillus_CEO121",18.48598873,210,43,0.03067296087,0.00165925454775499,-6.40138684509222,"RelTime"
"tip:Syngnathidae_Hippocampus_abdominalis_CEO144",14.1372551,220,54,0.01064341116,0.000752862637387084,-7.1916277672737,"RelTime"
"tip:Syngnathidae_Hippocampus_barbouri_CEO9",7.174173166,222,55,0.005619377955,0.000783278828789843,-7.15202182218328,"RelTime"
"tip:Syngnathidae_Hippocampus_comes_CEO132",5.809143577,223,56,0.00291341975,0.000501523109453695,-7.59786087095857,"RelTime"
"tip:Syngnathidae_Hippocampus_erectus_CEO134",6.997961607,226,60,0.004583742963,0.000655011161881043,-7.33085828143446,"RelTime"
"tip:Syngnathidae_Hippocampus_ingens_CEO39",3.848871589,228,62,0.002609106907,0.000677888790693038,-7.29652730900403,"RelTime"
"tip:Syngnathidae_Hippocampus_kelloggi_UW153288",10.72160369,224,58,0.006122166278,0.00057101217830968,-7.46810002049774,"RelTime"
"tip:Syngnathidae_Hippocampus_kuda_CEO52",6.072431793,227,61,0.005396729172,0.000888726190094236,-7.02572136753566,"RelTime"
"tip:Syngnathidae_Hippocampus_reidi_CEO53",3.848871589,228,63,0.002587170822,0.000672189435832072,-7.30497035860743,"RelTime"
"tip:Syngnathidae_Hippocampus_subelongatus_CEO131",5.809143577,223,57,0.002068061427,0.000356001086836281,-7.940576774206,"RelTime"
"tip:Syngnathidae_Hippocampus_zosterae_USNMAC2WR35",6.997961607,226,59,0.01247501679,0.00178266436579494,-6.32964619910233,"RelTime"
"tip:Syngnathidae_Hypselognathus_rostratus_CEO108",7.048020733,213,47,0.009998059749,0.00141856276077444,-6.55811106022853,"RelTime"
"tip:Syngnathidae_Idiotropiscis_lumnitzeri_CEO91",22.51005991,217,50,0.02863445758,0.00127207380586665,-6.66710679226743,"RelTime"
"tip:Syngnathidae_Micrognathus_andersonii_USNMAG9RQ99",9.857361818,212,45,0.009768050728,0.000990939655898913,-6.91685691761855,"RelTime"
"tip:Syngnathidae_Microphis_brachyurus_CEO116",0.4566354633,195,30,0.0009808650038,0.0021480263418691,-6.14320583897072,"RelTime"
"tip:Syngnathidae_Microphis_cuncalus_CEO17",9.727042304,192,26,0.01176178077,0.00120918367602486,-6.71780979496414,"RelTime"
"tip:Syngnathidae_Microphis_deocata_CEO18",9.727042304,192,25,0.02139783908,0.00219982995974025,-6.11937521263213,"RelTime"
"tip:Syngnathidae_Microphis_lineatus_STRIBFT18819",0.4566354633,195,29,0.0005719389639,0.00125250667078445,-6.68260839904382,"RelTime"
"tip:Syngnathidae_Nerophis_ophidion_CEO112",16.55055251,183,16,0.02068903971,0.00125005130176165,-6.68457068710079,"RelTime"
"tip:Syngnathidae_Phycodurus_eques_CEO50",3.927537742,207,41,0.006453684897,0.00164318851171972,-6.4111167102216,"RelTime"
"tip:Syngnathidae_Phyllopteryx_taeniolatus_CEO83",3.927537742,207,40,0.006064924495,0.00154420527399225,-6.47324588673971,"RelTime"
"tip:Syngnathidae_Pseudophallus_starksii_STRIBFT05080",12.95395779,235,70,0.02190456292,0.00169095524897492,-6.38246167365307,"RelTime"
"tip:Syngnathidae_Siokunichthys_nigrolineatus_CEO102",18.48598873,210,44,0.04045384335,0.00218835161812846,-6.12460670434999,"RelTime"
"tip:Syngnathidae_Solegnathus_guentheri_CSIROGT192",3.661386802,205,38,0.00456039241,0.00124553691172671,-6.68818858762996,"RelTime"
"tip:Syngnathidae_Solegnathus_hardwickii_CSIRODGQ0572a",3.661386802,205,39,0.00328602485,0.000897480934875561,-7.01591868030595,"RelTime"
"tip:Syngnathidae_Solegnathus_spinosissimus_CSIROGT7988",8.937440942,206,42,0.008677237356,0.00097088611967468,-6.93730137803945,"RelTime"
"tip:Syngnathidae_Stigmatopora_nigra_CEO153",14.67172734,198,31,0.06997900284,0.00476964989999603,-5.34548237300277,"RelTime"
"tip:Syngnathidae_Syngnathoides_biaculeatus_CEO101",16.55814358,203,37,0.04760952729,0.00287529378278286,-5.85160042463761,"RelTime"
"tip:Syngnathidae_Syngnathus_abaster_CEO125",1.782719323,242,76,0.003491331924,0.00195843051620976,-6.23561188355272,"RelTime"
"tip:Syngnathidae_Syngnathus_acus_CEO109",3.113163471,241,75,0.003850219177,0.00123675457869973,-6.69526460566017,"RelTime"
"tip:Syngnathidae_Syngnathus_auliscus_CEO25",1.834708723,237,71,0.008038960364,0.00438160033972869,-5.43034124695946,"RelTime"
"tip:Syngnathidae_Syngnathus_californiensis_CEO56",0.5764107774,239,74,0.001219338548,0.00211539859386397,-6.15851202378456,"RelTime"
"tip:Syngnathidae_Syngnathus_exilis_CEO57",0.8659732241,238,72,0.002162384117,0.00249705655650884,-5.99264261815773,"RelTime"
"tip:Syngnathidae_Syngnathus_floridae_CEO105",2.515830961,248,83,0.003859685114,0.00153415916006767,-6.47977282648595,"RelTime"
"tip:Syngnathidae_Syngnathus_fuscus_CEO123",1.626116725,247,82,0.002213085658,0.00136096359134367,-6.59956230707132,"RelTime"
"tip:Syngnathidae_Syngnathus_leptorhynchus_CEO12",0.5764107774,239,73,0.001019577133,0.00176883773339384,-6.33743259588408,"RelTime"
"tip:Syngnathidae_Syngnathus_louisianae_CEO104",0.9245167532,249,85,0.001077503234,0.00116547724015868,-6.75462462764252,"RelTime"
"tip:Syngnathidae_Syngnathus_pelagicus_CEO99",0.9245167532,249,84,0.002274820424,0.00246055078626346,-6.00737005724396,"RelTime"
"tip:Syngnathidae_Syngnathus_rostellatus_CEO110",0.7329880115,244,79,0.003125495575,0.00426404733223935,-5.45753649174884,"RelTime"
"tip:Syngnathidae_Syngnathus_scovelli_CEO71",1.626116725,247,81,0.003222019331,0.00198141946482962,-6.22394178969767,"RelTime"
"tip:Syngnathidae_Syngnathus_springeri_CEO100",3.504882674,245,80,0.004594785216,0.001310966911984,-6.63699031328033,"RelTime"
"tip:Syngnathidae_Syngnathus_taenionotus_CEO126",0.7329880115,244,78,0.002492358831,0.00340027229899653,-5.68389976262673,"RelTime"
"tip:Syngnathidae_Syngnathus_typhle_CEO111",1.086069547,243,77,0.003019379887,0.00278009810268624,-5.88526906316617,"RelTime"
"tip:Syngnathidae_Trachyrhamphus_bicoarctatus_CEO7",10.62163537,219,52,0.01005449293,0.000946604979342273,-6.96262868026692,"RelTime"
"tip:Syngnathidae_Vanacampus_phillipi_CEO106",2.224829549,214,48,0.002592113757,0.00116508420079421,-6.75496191921638,"RelTime"
"tip:Syngnathidae_Vanacampus_poecilolaemus_CEO107",2.224829549,214,49,0.002342037391,0.00105268171759616,-6.85641435401259,"RelTime"
"clade:Aulostomidae_Aulostomus_maculatus_CEO156|Callionymidae_Anaora_tentaculata_CEO61|Callionymidae_Callionymus_australis_CSIROGT893|Callionymidae_Callionymus_bairdi_USNMAC4YY15|Callionymidae_Callionymus_belcheri_CEO149|Callionymidae_Callionymus_calcaratus_CEO76|Callionymidae_Callionymus_curvicornis_CEO154|Callionymidae_Callionymus_delicatulus_CEO94|Callionymidae_Callionymus_grossi_CEO150|Callionymidae_Callionymus_limiceps_CEO152|Callionymidae_Callionymus_lunatus_CEO4|Callionymidae_Callionymus_marquesensis_USNMAG7PU28|Callionymidae_Callionymus_moretonensis_CSIROGT6463|Callionymidae_Callionymus_ogilbyi_CSIROGT4778|Callionymidae_Callionymus_russelli_CSIRODGQ0686b|Callionymidae_Callionymus_scaber_CEO64|Callionymidae_Callionymus_sereti_CSIROGT4601|Callionymidae_Dactylopus_dactylopus_CSIROGT4079|Callionymidae_Diplogrammus_goramensis_CEO93|Callionymidae_Draculo_mirabilis_CEO155|Callionymidae_Synchiropus_agassizii_CEO81|Callionymidae_Synchiropus_altivelis_CEO148|Callionymidae_Synchiropus_apricus_CSIROGT882|Callionymidae_Synchiropus_atrilabiatus_CEO85|Callionymidae_Synchiropus_calauropomus_CSIROGT4799|Callionymidae_Synchiropus_goodenbeani_CEO82|Callionymidae_Synchiropus_masudai_CEO74|Callionymidae_Synchiropus_morrisoni_USNMAC1VE19|Callionymidae_Synchiropus_moyeri_CEO89|Callionymidae_Synchiropus_ocellatus_CEO24|Callionymidae_Synchiropus_phaeton_USNM405116|Callionymidae_Synchiropus_picturatus_CEO23|Callionymidae_Synchiropus_rameus_CSIROGT4623|Callionymidae_Synchiropus_splendidus_CEO135|Callionymidae_Synchiropus_stellatus_CEO78|Centriscidae_Aeoliscus_strigatus_CEO32|Centriscidae_Centriscops_humerosus_CSIROGT8057|Centriscidae_Centriscus_cristatus_CSIROGT4449|Centriscidae_Centriscus_scutatus_CEO59|Centriscidae_Macroramphosus_gracilis_CEO68|Centriscidae_Macroramphosus_scolopax_CEO28|Centriscidae_Notopogon_fernandezianus_CSIROGT902|Centriscidae_Notopogon_lilliei_CSIROGT7994|Dactylopteridae_Dactyloptena_orientalis_CEO33|Dactylopteridae_Dactyloptena_papilio_CSIROGT6501|Dactylopteridae_Dactyloptena_peterseni_CEO69|Dactylopteridae_Dactylopterus_volitans_CEO70|Draconettidae_Draconetta_xenica_CSIROGT11264|Fistulariidae_Fistularia_commersonii_CEO40B|Fistulariidae_Fistularia_corneta_CEO62|Fistulariidae_Fistularia_petimba_CEO88|Mullidae_Mulloidichthys_dentatus_CEO43|Mullidae_Mulloidichthys_flavolineatus_KU5644|Mullidae_Mulloidichthys_martinicus_CEO27|Mullidae_Mulloidichthys_vanicolensis_CEO44|Mullidae_Mullus_argentinae_UNMDPT0134|Mullidae_Mullus_auratus_CEO95|Mullidae_Parupeneus_barberinoides_CEO30|Mullidae_Parupeneus_barberinus_CEO47|Mullidae_Parupeneus_crassilabris_USNMAG9RE44|Mullidae_Parupeneus_cyclostomus_CEO45|Mullidae_Parupeneus_forsskali_FMNHRS1304T54|Mullidae_Parupeneus_inayatae_CSIROIN00502|Mullidae_Parupeneus_indicus_USNMAG9RD89|Mullidae_Parupeneus_insularis_USNMAG5NQ87|Mullidae_Parupeneus_jansenii_CSIROGT4602|Mullidae_Parupeneus_multifasciatus_CEO46|Mullidae_Parupeneus_pleurostigma_KU743|Mullidae_Parupeneus_procerigena_KU6817|Mullidae_Parupeneus_rubescens_CEO66|Mullidae_Pseudupeneus_grandisquamis_CEO41|Mullidae_Pseudupeneus_maculatus_CEO55|Mullidae_Pseudupeneus_prayensis_USNMAD9NF17|Mullidae_Upeneichthys_lineatus_CEO63|Mullidae_Upeneichthys_stotti_CSIROGT5950|Mullidae_Upeneichthys_vlamingii_CSIROGT266|Mullidae_Upeneus_asymmetricus_CSIROIN01738|Mullidae_Upeneus_australiae_CSIROGT4135|Mullidae_Upeneus_filifer_CSIROCMR003702A|Mullidae_Upeneus_guttatus_CSIROGT4122|Mullidae_Upeneus_japonicus_KU10324|Mullidae_Upeneus_moluccensis_KU6747|Mullidae_Upeneus_nigromarginatus_USNMAG9RE99|Mullidae_Upeneus_quadrilineatus_CSIROIN02060|Mullidae_Upeneus_sulphureus_USNMAG9RC75|Mullidae_Upeneus_sundaicus_CSIROGT4266|Mullidae_Upeneus_torres_CSIROGT1917|Mullidae_Upeneus_tragula_CEO48|Pegasidae_Eurypegasus_draconis_CEO49|Pegasidae_Pegasus_tetrabelos_CSIROGT7822|Pegasidae_Pegasus_volitans_CEO58|Solenostomidae_Solenostomus_cyanopterus_CEO37|Solenostomidae_Solenostomus_paradoxus_CEO42B|Syngnathidae_Bryx_randalli_USNMAC5ZB14|Syngnathidae_Choeroichthys_sculptus_CEO3|Syngnathidae_Corythoichthys_amplexus_CEO80|Syngnathidae_Corythoichthys_flavofasciatus_CEO92|Syngnathidae_Corythoichthys_haematopterus_CEO34|Syngnathidae_Corythoichthys_intestinalis_CEO86|Syngnathidae_Corythoichthys_schultzi_CEO72|Syngnathidae_Cosmocampus_albirostris_USNMAC5ZM66|Syngnathidae_Cosmocampus_arctus_CEO26|Syngnathidae_Doryichthys_boaja_CEO141|Syngnathidae_Doryichthys_martensii_CEO19|Syngnathidae_Doryrhamphus_excisus_CEO137|Syngnathidae_Doryrhamphus_janssi_CEO2|Syngnathidae_Doryrhamphus_melanopleura_CSIROGT3241|Syngnathidae_Dunckerocampus_boylei_CEO51|Syngnathidae_Dunckerocampus_dactyliophorus_CEO35|Syngnathidae_Dunckerocampus_pessuliferus_CEO140|Syngnathidae_Enneacampus_ansorgii_CEO11|Syngnathidae_Entelurus_aequoreus_CEO113|Syngnathidae_Festucalex_wassi_CEO10|Syngnathidae_Filicampus_tigris_CSIROGT4369|Syngnathidae_Halicampus_crinitus_CEO79|Syngnathidae_Halicampus_dunckeri_CEO8|Syngnathidae_Haliichthys_taeniophorus_CSIROGT4114|Syngnathidae_Hippichthys_penicillus_CEO121|Syngnathidae_Hippocampus_abdominalis_CEO144|Syngnathidae_Hippocampus_barbouri_CEO9|Syngnathidae_Hippocampus_comes_CEO132|Syngnathidae_Hippocampus_erectus_CEO134|Syngnathidae_Hippocampus_ingens_CEO39|Syngnathidae_Hippocampus_kelloggi_UW153288|Syngnathidae_Hippocampus_kuda_CEO52|Syngnathidae_Hippocampus_reidi_CEO53|Syngnathidae_Hippocampus_subelongatus_CEO131|Syngnathidae_Hippocampus_zosterae_USNMAC2WR35|Syngnathidae_Hypselognathus_rostratus_CEO108|Syngnathidae_Idiotropiscis_lumnitzeri_CEO91|Syngnathidae_Micrognathus_andersonii_USNMAG9RQ99|Syngnathidae_Microphis_brachyurus_CEO116|Syngnathidae_Microphis_cuncalus_CEO17|Syngnathidae_Microphis_deocata_CEO18|Syngnathidae_Microphis_lineatus_STRIBFT18819|Syngnathidae_Nerophis_ophidion_CEO112|Syngnathidae_Phycodurus_eques_CEO50|Syngnathidae_Phyllopteryx_taeniolatus_CEO83|Syngnathidae_Pseudophallus_starksii_STRIBFT05080|Syngnathidae_Siokunichthys_nigrolineatus_CEO102|Syngnathidae_Solegnathus_guentheri_CSIROGT192|Syngnathidae_Solegnathus_hardwickii_CSIRODGQ0572a|Syngnathidae_Solegnathus_spinosissimus_CSIROGT7988|Syngnathidae_Stigmatopora_nigra_CEO153|Syngnathidae_Syngnathoides_biaculeatus_CEO101|Syngnathidae_Syngnathus_abaster_CEO125|Syngnathidae_Syngnathus_acus_CEO109|Syngnathidae_Syngnathus_auliscus_CEO25|Syngnathidae_Syngnathus_californiensis_CEO56|Syngnathidae_Syngnathus_exilis_CEO57|Syngnathidae_Syngnathus_floridae_CEO105|Syngnathidae_Syngnathus_fuscus_CEO123|Syngnathidae_Syngnathus_leptorhynchus_CEO12|Syngnathidae_Syngnathus_louisianae_CEO104|Syngnathidae_Syngnathus_pelagicus_CEO99|Syngnathidae_Syngnathus_rostellatus_CEO110|Syngnathidae_Syngnathus_scovelli_CEO71|Syngnathidae_Syngnathus_springeri_CEO100|Syngnathidae_Syngnathus_taenionotus_CEO126|Syngnathidae_Syngnathus_typhle_CEO111|Syngnathidae_Trachyrhamphus_bicoarctatus_CEO7|Syngnathidae_Vanacampus_phillipi_CEO106|Syngnathidae_Vanacampus_poecilolaemus_CEO107",8.449,165,166,0.01069697363,0.00126606386909693,-6.67184250700904,"MCMCTree"
"clade:Aulostomidae_Aulostomus_maculatus_CEO156|Centriscidae_Aeoliscus_strigatus_CEO32|Centriscidae_Centriscops_humerosus_CSIROGT8057|Centriscidae_Centriscus_cristatus_CSIROGT4449|Centriscidae_Centriscus_scutatus_CEO59|Centriscidae_Macroramphosus_gracilis_CEO68|Centriscidae_Macroramphosus_scolopax_CEO28|Centriscidae_Notopogon_fernandezianus_CSIROGT902|Centriscidae_Notopogon_lilliei_CSIROGT7994|Fistulariidae_Fistularia_commersonii_CEO40B|Fistulariidae_Fistularia_corneta_CEO62|Fistulariidae_Fistularia_petimba_CEO88",1.7795,167,168,0.001055477986,0.000593131770722113,-7.43009397332764,"MCMCTree"
"clade:Aulostomidae_Aulostomus_maculatus_CEO156|Centriscidae_Aeoliscus_strigatus_CEO32|Centriscidae_Centriscops_humerosus_CSIROGT8057|Centriscidae_Centriscus_cristatus_CSIROGT4449|Centriscidae_Centriscus_scutatus_CEO59|Centriscidae_Macroramphosus_gracilis_CEO68|Centriscidae_Macroramphosus_scolopax_CEO28|Centriscidae_Notopogon_fernandezianus_CSIROGT902|Centriscidae_Notopogon_lilliei_CSIROGT7994|Fistulariidae_Fistularia_commersonii_CEO40B|Fistulariidae_Fistularia_corneta_CEO62|Fistulariidae_Fistularia_petimba_CEO88|Solenostomidae_Solenostomus_cyanopterus_CEO37|Solenostomidae_Solenostomus_paradoxus_CEO42B|Syngnathidae_Bryx_randalli_USNMAC5ZB14|Syngnathidae_Choeroichthys_sculptus_CEO3|Syngnathidae_Corythoichthys_amplexus_CEO80|Syngnathidae_Corythoichthys_flavofasciatus_CEO92|Syngnathidae_Corythoichthys_haematopterus_CEO34|Syngnathidae_Corythoichthys_intestinalis_CEO86|Syngnathidae_Corythoichthys_schultzi_CEO72|Syngnathidae_Cosmocampus_albirostris_USNMAC5ZM66|Syngnathidae_Cosmocampus_arctus_CEO26|Syngnathidae_Doryichthys_boaja_CEO141|Syngnathidae_Doryichthys_martensii_CEO19|Syngnathidae_Doryrhamphus_excisus_CEO137|Syngnathidae_Doryrhamphus_janssi_CEO2|Syngnathidae_Doryrhamphus_melanopleura_CSIROGT3241|Syngnathidae_Dunckerocampus_boylei_CEO51|Syngnathidae_Dunckerocampus_dactyliophorus_CEO35|Syngnathidae_Dunckerocampus_pessuliferus_CEO140|Syngnathidae_Enneacampus_ansorgii_CEO11|Syngnathidae_Entelurus_aequoreus_CEO113|Syngnathidae_Festucalex_wassi_CEO10|Syngnathidae_Filicampus_tigris_CSIROGT4369|Syngnathidae_Halicampus_crinitus_CEO79|Syngnathidae_Halicampus_dunckeri_CEO8|Syngnathidae_Haliichthys_taeniophorus_CSIROGT4114|Syngnathidae_Hippichthys_penicillus_CEO121|Syngnathidae_Hippocampus_abdominalis_CEO144|Syngnathidae_Hippocampus_barbouri_CEO9|Syngnathidae_Hippocampus_comes_CEO132|Syngnathidae_Hippocampus_erectus_CEO134|Syngnathidae_Hippocampus_ingens_CEO39|Syngnathidae_Hippocampus_kelloggi_UW153288|Syngnathidae_Hippocampus_kuda_CEO52|Syngnathidae_Hippocampus_reidi_CEO53|Syngnathidae_Hippocampus_subelongatus_CEO131|Syngnathidae_Hippocampus_zosterae_USNMAC2WR35|Syngnathidae_Hypselognathus_rostratus_CEO108|Syngnathidae_Idiotropiscis_lumnitzeri_CEO91|Syngnathidae_Micrognathus_andersonii_USNMAG9RQ99|Syngnathidae_Microphis_brachyurus_CEO116|Syngnathidae_Microphis_cuncalus_CEO17|Syngnathidae_Microphis_deocata_CEO18|Syngnathidae_Microphis_lineatus_STRIBFT18819|Syngnathidae_Nerophis_ophidion_CEO112|Syngnathidae_Phycodurus_eques_CEO50|Syngnathidae_Phyllopteryx_taeniolatus_CEO83|Syngnathidae_Pseudophallus_starksii_STRIBFT05080|Syngnathidae_Siokunichthys_nigrolineatus_CEO102|Syngnathidae_Solegnathus_guentheri_CSIROGT192|Syngnathidae_Solegnathus_hardwickii_CSIRODGQ0572a|Syngnathidae_Solegnathus_spinosissimus_CSIROGT7988|Syngnathidae_Stigmatopora_nigra_CEO153|Syngnathidae_Syngnathoides_biaculeatus_CEO101|Syngnathidae_Syngnathus_abaster_CEO125|Syngnathidae_Syngnathus_acus_CEO109|Syngnathidae_Syngnathus_auliscus_CEO25|Syngnathidae_Syngnathus_californiensis_CEO56|Syngnathidae_Syngnathus_exilis_CEO57|Syngnathidae_Syngnathus_floridae_CEO105|Syngnathidae_Syngnathus_fuscus_CEO123|Syngnathidae_Syngnathus_leptorhynchus_CEO12|Syngnathidae_Syngnathus_louisianae_CEO104|Syngnathidae_Syngnathus_pelagicus_CEO99|Syngnathidae_Syngnathus_rostellatus_CEO110|Syngnathidae_Syngnathus_scovelli_CEO71|Syngnathidae_Syngnathus_springeri_CEO100|Syngnathidae_Syngnathus_taenionotus_CEO126|Syngnathidae_Syngnathus_typhle_CEO111|Syngnathidae_Trachyrhamphus_bicoarctatus_CEO7|Syngnathidae_Vanacampus_phillipi_CEO106|Syngnathidae_Vanacampus_poecilolaemus_CEO107",3.6713,166,167,0.003381841716,0.00092115646119903,-6.98988065427077,"MCMCTree"
"clade:Aulostomidae_Aulostomus_maculatus_CEO156|Fistulariidae_Fistularia_commersonii_CEO40B|Fistulariidae_Fistularia_corneta_CEO62|Fistulariidae_Fistularia_petimba_CEO88",21.9755,168,169,0.006277724398,0.000285669240654365,-8.16067591761651,"MCMCTree"
"clade:Callionymidae_Anaora_tentaculata_CEO61|Callionymidae_Callionymus_australis_CSIROGT893|Callionymidae_Callionymus_bairdi_USNMAC4YY15|Callionymidae_Callionymus_belcheri_CEO149|Callionymidae_Callionymus_calcaratus_CEO76|Callionymidae_Callionymus_curvicornis_CEO154|Callionymidae_Callionymus_delicatulus_CEO94|Callionymidae_Callionymus_grossi_CEO150|Callionymidae_Callionymus_limiceps_CEO152|Callionymidae_Callionymus_lunatus_CEO4|Callionymidae_Callionymus_marquesensis_USNMAG7PU28|Callionymidae_Callionymus_moretonensis_CSIROGT6463|Callionymidae_Callionymus_ogilbyi_CSIROGT4778|Callionymidae_Callionymus_russelli_CSIRODGQ0686b|Callionymidae_Callionymus_scaber_CEO64|Callionymidae_Callionymus_sereti_CSIROGT4601|Callionymidae_Dactylopus_dactylopus_CSIROGT4079|Callionymidae_Diplogrammus_goramensis_CEO93|Callionymidae_Draculo_mirabilis_CEO155|Callionymidae_Synchiropus_agassizii_CEO81|Callionymidae_Synchiropus_altivelis_CEO148|Callionymidae_Synchiropus_apricus_CSIROGT882|Callionymidae_Synchiropus_atrilabiatus_CEO85|Callionymidae_Synchiropus_calauropomus_CSIROGT4799|Callionymidae_Synchiropus_goodenbeani_CEO82|Callionymidae_Synchiropus_masudai_CEO74|Callionymidae_Synchiropus_morrisoni_USNMAC1VE19|Callionymidae_Synchiropus_moyeri_CEO89|Callionymidae_Synchiropus_ocellatus_CEO24|Callionymidae_Synchiropus_phaeton_USNM405116|Callionymidae_Synchiropus_picturatus_CEO23|Callionymidae_Synchiropus_rameus_CSIROGT4623|Callionymidae_Synchiropus_splendidus_CEO135|Callionymidae_Synchiropus_stellatus_CEO78",22.2592,294,295,0.07181402,0.00322626239936745,-5.73643096366338,"MCMCTree"
"clade:Callionymidae_Anaora_tentaculata_CEO61|Callionymidae_Callionymus_australis_CSIROGT893|Callionymidae_Callionymus_bairdi_USNMAC4YY15|Callionymidae_Callionymus_belcheri_CEO149|Callionymidae_Callionymus_calcaratus_CEO76|Callionymidae_Callionymus_curvicornis_CEO154|Callionymidae_Callionymus_delicatulus_CEO94|Callionymidae_Callionymus_grossi_CEO150|Callionymidae_Callionymus_limiceps_CEO152|Callionymidae_Callionymus_lunatus_CEO4|Callionymidae_Callionymus_marquesensis_USNMAG7PU28|Callionymidae_Callionymus_moretonensis_CSIROGT6463|Callionymidae_Callionymus_ogilbyi_CSIROGT4778|Callionymidae_Callionymus_russelli_CSIRODGQ0686b|Callionymidae_Callionymus_scaber_CEO64|Callionymidae_Callionymus_sereti_CSIROGT4601|Callionymidae_Dactylopus_dactylopus_CSIROGT4079|Callionymidae_Diplogrammus_goramensis_CEO93|Callionymidae_Draculo_mirabilis_CEO155|Callionymidae_Synchiropus_agassizii_CEO81|Callionymidae_Synchiropus_altivelis_CEO148|Callionymidae_Synchiropus_apricus_CSIROGT882|Callionymidae_Synchiropus_atrilabiatus_CEO85|Callionymidae_Synchiropus_calauropomus_CSIROGT4799|Callionymidae_Synchiropus_goodenbeani_CEO82|Callionymidae_Synchiropus_masudai_CEO74|Callionymidae_Synchiropus_morrisoni_USNMAC1VE19|Callionymidae_Synchiropus_moyeri_CEO89|Callionymidae_Synchiropus_ocellatus_CEO24|Callionymidae_Synchiropus_phaeton_USNM405116|Callionymidae_Synchiropus_picturatus_CEO23|Callionymidae_Synchiropus_rameus_CSIROGT4623|Callionymidae_Synchiropus_splendidus_CEO135|Callionymidae_Synchiropus_stellatus_CEO78|Dactylopteridae_Dactyloptena_orientalis_CEO33|Dactylopteridae_Dactyloptena_papilio_CSIROGT6501|Dactylopteridae_Dactyloptena_peterseni_CEO69|Dactylopteridae_Dactylopterus_volitans_CEO70|Draconettidae_Draconetta_xenica_CSIROGT11264|Mullidae_Mulloidichthys_dentatus_CEO43|Mullidae_Mulloidichthys_flavolineatus_KU5644|Mullidae_Mulloidichthys_martinicus_CEO27|Mullidae_Mulloidichthys_vanicolensis_CEO44|Mullidae_Mullus_argentinae_UNMDPT0134|Mullidae_Mullus_auratus_CEO95|Mullidae_Parupeneus_barberinoides_CEO30|Mullidae_Parupeneus_barberinus_CEO47|Mullidae_Parupeneus_crassilabris_USNMAG9RE44|Mullidae_Parupeneus_cyclostomus_CEO45|Mullidae_Parupeneus_forsskali_FMNHRS1304T54|Mullidae_Parupeneus_inayatae_CSIROIN00502|Mullidae_Parupeneus_indicus_USNMAG9RD89|Mullidae_Parupeneus_insularis_USNMAG5NQ87|Mullidae_Parupeneus_jansenii_CSIROGT4602|Mullidae_Parupeneus_multifasciatus_CEO46|Mullidae_Parupeneus_pleurostigma_KU743|Mullidae_Parupeneus_procerigena_KU6817|Mullidae_Parupeneus_rubescens_CEO66|Mullidae_Pseudupeneus_grandisquamis_CEO41|Mullidae_Pseudupeneus_maculatus_CEO55|Mullidae_Pseudupeneus_prayensis_USNMAD9NF17|Mullidae_Upeneichthys_lineatus_CEO63|Mullidae_Upeneichthys_stotti_CSIROGT5950|Mullidae_Upeneichthys_vlamingii_CSIROGT266|Mullidae_Upeneus_asymmetricus_CSIROIN01738|Mullidae_Upeneus_australiae_CSIROGT4135|Mullidae_Upeneus_filifer_CSIROCMR003702A|Mullidae_Upeneus_guttatus_CSIROGT4122|Mullidae_Upeneus_japonicus_KU10324|Mullidae_Upeneus_moluccensis_KU6747|Mullidae_Upeneus_nigromarginatus_USNMAG9RE99|Mullidae_Upeneus_quadrilineatus_CSIROIN02060|Mullidae_Upeneus_sulphureus_USNMAG9RC75|Mullidae_Upeneus_sundaicus_CSIROGT4266|Mullidae_Upeneus_torres_CSIROGT1917|Mullidae_Upeneus_tragula_CEO48|Pegasidae_Eurypegasus_draconis_CEO49|Pegasidae_Pegasus_tetrabelos_CSIROGT7822|Pegasidae_Pegasus_volitans_CEO58",2.1208,166,250,0.001747811847,0.000824128558562807,-7.10118402255099,"MCMCTree"
"clade:Callionymidae_Anaora_tentaculata_CEO61|Callionymidae_Callionymus_australis_CSIROGT893|Callionymidae_Callionymus_bairdi_USNMAC4YY15|Callionymidae_Callionymus_belcheri_CEO149|Callionymidae_Callionymus_calcaratus_CEO76|Callionymidae_Callionymus_curvicornis_CEO154|Callionymidae_Callionymus_delicatulus_CEO94|Callionymidae_Callionymus_grossi_CEO150|Callionymidae_Callionymus_limiceps_CEO152|Callionymidae_Callionymus_lunatus_CEO4|Callionymidae_Callionymus_marquesensis_USNMAG7PU28|Callionymidae_Callionymus_moretonensis_CSIROGT6463|Callionymidae_Callionymus_ogilbyi_CSIROGT4778|Callionymidae_Callionymus_russelli_CSIRODGQ0686b|Callionymidae_Callionymus_scaber_CEO64|Callionymidae_Callionymus_sereti_CSIROGT4601|Callionymidae_Dactylopus_dactylopus_CSIROGT4079|Callionymidae_Diplogrammus_goramensis_CEO93|Callionymidae_Draculo_mirabilis_CEO155|Callionymidae_Synchiropus_agassizii_CEO81|Callionymidae_Synchiropus_altivelis_CEO148|Callionymidae_Synchiropus_apricus_CSIROGT882|Callionymidae_Synchiropus_atrilabiatus_CEO85|Callionymidae_Synchiropus_calauropomus_CSIROGT4799|Callionymidae_Synchiropus_goodenbeani_CEO82|Callionymidae_Synchiropus_masudai_CEO74|Callionymidae_Synchiropus_morrisoni_USNMAC1VE19|Callionymidae_Synchiropus_moyeri_CEO89|Callionymidae_Synchiropus_ocellatus_CEO24|Callionymidae_Synchiropus_phaeton_USNM405116|Callionymidae_Synchiropus_picturatus_CEO23|Callionymidae_Synchiropus_rameus_CSIROGT4623|Callionymidae_Synchiropus_splendidus_CEO135|Callionymidae_Synchiropus_stellatus_CEO78|Draconettidae_Draconetta_xenica_CSIROGT11264",11.6568,257,294,0.01878193221,0.00161124255456043,-6.43074962463052,"MCMCTree"
"clade:Callionymidae_Anaora_tentaculata_CEO61|Callionymidae_Callionymus_australis_CSIROGT893|Callionymidae_Callionymus_bairdi_USNMAC4YY15|Callionymidae_Callionymus_belcheri_CEO149|Callionymidae_Callionymus_calcaratus_CEO76|Callionymidae_Callionymus_curvicornis_CEO154|Callionymidae_Callionymus_delicatulus_CEO94|Callionymidae_Callionymus_grossi_CEO150|Callionymidae_Callionymus_limiceps_CEO152|Callionymidae_Callionymus_lunatus_CEO4|Callionymidae_Callionymus_marquesensis_USNMAG7PU28|Callionymidae_Callionymus_moretonensis_CSIROGT6463|Callionymidae_Callionymus_ogilbyi_CSIROGT4778|Callionymidae_Callionymus_russelli_CSIRODGQ0686b|Callionymidae_Callionymus_scaber_CEO64|Callionymidae_Callionymus_sereti_CSIROGT4601|Callionymidae_Dactylopus_dactylopus_CSIROGT4079|Callionymidae_Diplogrammus_goramensis_CEO93|Callionymidae_Draculo_mirabilis_CEO155|Callionymidae_Synchiropus_agassizii_CEO81|Callionymidae_Synchiropus_altivelis_CEO148|Callionymidae_Synchiropus_apricus_CSIROGT882|Callionymidae_Synchiropus_atrilabiatus_CEO85|Callionymidae_Synchiropus_calauropomus_CSIROGT4799|Callionymidae_Synchiropus_goodenbeani_CEO82|Callionymidae_Synchiropus_masudai_CEO74|Callionymidae_Synchiropus_morrisoni_USNMAC1VE19|Callionymidae_Synchiropus_moyeri_CEO89|Callionymidae_Synchiropus_ocellatus_CEO24|Callionymidae_Synchiropus_phaeton_USNM405116|Callionymidae_Synchiropus_picturatus_CEO23|Callionymidae_Synchiropus_rameus_CSIROGT4623|Callionymidae_Synchiropus_splendidus_CEO135|Callionymidae_Synchiropus_stellatus_CEO78|Draconettidae_Draconetta_xenica_CSIROGT11264|Mullidae_Mulloidichthys_dentatus_CEO43|Mullidae_Mulloidichthys_flavolineatus_KU5644|Mullidae_Mulloidichthys_martinicus_CEO27|Mullidae_Mulloidichthys_vanicolensis_CEO44|Mullidae_Mullus_argentinae_UNMDPT0134|Mullidae_Mullus_auratus_CEO95|Mullidae_Parupeneus_barberinoides_CEO30|Mullidae_Parupeneus_barberinus_CEO47|Mullidae_Parupeneus_crassilabris_USNMAG9RE44|Mullidae_Parupeneus_cyclostomus_CEO45|Mullidae_Parupeneus_forsskali_FMNHRS1304T54|Mullidae_Parupeneus_inayatae_CSIROIN00502|Mullidae_Parupeneus_indicus_USNMAG9RD89|Mullidae_Parupeneus_insularis_USNMAG5NQ87|Mullidae_Parupeneus_jansenii_CSIROGT4602|Mullidae_Parupeneus_multifasciatus_CEO46|Mullidae_Parupeneus_pleurostigma_KU743|Mullidae_Parupeneus_procerigena_KU6817|Mullidae_Parupeneus_rubescens_CEO66|Mullidae_Pseudupeneus_grandisquamis_CEO41|Mullidae_Pseudupeneus_maculatus_CEO55|Mullidae_Pseudupeneus_prayensis_USNMAD9NF17|Mullidae_Upeneichthys_lineatus_CEO63|Mullidae_Upeneichthys_stotti_CSIROGT5950|Mullidae_Upeneichthys_vlamingii_CSIROGT266|Mullidae_Upeneus_asymmetricus_CSIROIN01738|Mullidae_Upeneus_australiae_CSIROGT4135|Mullidae_Upeneus_filifer_CSIROCMR003702A|Mullidae_Upeneus_guttatus_CSIROGT4122|Mullidae_Upeneus_japonicus_KU10324|Mullidae_Upeneus_moluccensis_KU6747|Mullidae_Upeneus_nigromarginatus_USNMAG9RE99|Mullidae_Upeneus_quadrilineatus_CSIROIN02060|Mullidae_Upeneus_sulphureus_USNMAG9RC75|Mullidae_Upeneus_sundaicus_CSIROGT4266|Mullidae_Upeneus_torres_CSIROGT1917|Mullidae_Upeneus_tragula_CEO48",3.7561,250,257,0.003393627403,0.00090349761800804,-7.00923708434051,"MCMCTree"
"clade:Callionymidae_Anaora_tentaculata_CEO61|Callionymidae_Callionymus_australis_CSIROGT893|Callionymidae_Callionymus_bairdi_USNMAC4YY15|Callionymidae_Callionymus_belcheri_CEO149|Callionymidae_Callionymus_calcaratus_CEO76|Callionymidae_Callionymus_curvicornis_CEO154|Callionymidae_Callionymus_delicatulus_CEO94|Callionymidae_Callionymus_grossi_CEO150|Callionymidae_Callionymus_limiceps_CEO152|Callionymidae_Callionymus_lunatus_CEO4|Callionymidae_Callionymus_marquesensis_USNMAG7PU28|Callionymidae_Callionymus_moretonensis_CSIROGT6463|Callionymidae_Callionymus_ogilbyi_CSIROGT4778|Callionymidae_Callionymus_russelli_CSIRODGQ0686b|Callionymidae_Callionymus_scaber_CEO64|Callionymidae_Callionymus_sereti_CSIROGT4601|Callionymidae_Dactylopus_dactylopus_CSIROGT4079|Callionymidae_Diplogrammus_goramensis_CEO93|Callionymidae_Draculo_mirabilis_CEO155|Callionymidae_Synchiropus_morrisoni_USNMAC1VE19|Callionymidae_Synchiropus_moyeri_CEO89|Callionymidae_Synchiropus_ocellatus_CEO24|Callionymidae_Synchiropus_picturatus_CEO23|Callionymidae_Synchiropus_rameus_CSIROGT4623|Callionymidae_Synchiropus_splendidus_CEO135|Callionymidae_Synchiropus_stellatus_CEO78",2.3601,295,303,0.002268743492,0.000961291255455277,-6.94723311951634,"MCMCTree"
"clade:Callionymidae_Callionymus_australis_CSIROGT893|Callionymidae_Callionymus_bairdi_USNMAC4YY15|Callionymidae_Callionymus_belcheri_CEO149|Callionymidae_Callionymus_calcaratus_CEO76|Callionymidae_Callionymus_curvicornis_CEO154|Callionymidae_Callionymus_delicatulus_CEO94|Callionymidae_Callionymus_grossi_CEO150|Callionymidae_Callionymus_limiceps_CEO152|Callionymidae_Callionymus_lunatus_CEO4|Callionymidae_Callionymus_marquesensis_USNMAG7PU28|Callionymidae_Callionymus_moretonensis_CSIROGT6463|Callionymidae_Callionymus_ogilbyi_CSIROGT4778|Callionymidae_Callionymus_russelli_CSIRODGQ0686b|Callionymidae_Callionymus_scaber_CEO64|Callionymidae_Callionymus_sereti_CSIROGT4601|Callionymidae_Dactylopus_dactylopus_CSIROGT4079|Callionymidae_Diplogrammus_goramensis_CEO93|Callionymidae_Draculo_mirabilis_CEO155|Callionymidae_Synchiropus_morrisoni_USNMAC1VE19|Callionymidae_Synchiropus_moyeri_CEO89|Callionymidae_Synchiropus_ocellatus_CEO24|Callionymidae_Synchiropus_picturatus_CEO23|Callionymidae_Synchiropus_rameus_CSIROGT4623|Callionymidae_Synchiropus_splendidus_CEO135|Callionymidae_Synchiropus_stellatus_CEO78",4.1164,303,304,0.004457961008,0.00108297566028569,-6.82804278555962,"MCMCTree"
"clade:Callionymidae_Callionymus_australis_CSIROGT893|Callionymidae_Callionymus_bairdi_USNMAC4YY15|Callionymidae_Callionymus_belcheri_CEO149|Callionymidae_Callionymus_calcaratus_CEO76|Callionymidae_Callionymus_curvicornis_CEO154|Callionymidae_Callionymus_grossi_CEO150|Callionymidae_Callionymus_limiceps_CEO152|Callionymidae_Callionymus_lunatus_CEO4|Callionymidae_Callionymus_moretonensis_CSIROGT6463|Callionymidae_Callionymus_ogilbyi_CSIROGT4778|Callionymidae_Callionymus_russelli_CSIRODGQ0686b|Callionymidae_Callionymus_scaber_CEO64|Callionymidae_Callionymus_sereti_CSIROGT4601|Callionymidae_Dactylopus_dactylopus_CSIROGT4079|Callionymidae_Diplogrammus_goramensis_CEO93|Callionymidae_Draculo_mirabilis_CEO155|Callionymidae_Synchiropus_morrisoni_USNMAC1VE19|Callionymidae_Synchiropus_moyeri_CEO89|Callionymidae_Synchiropus_ocellatus_CEO24|Callionymidae_Synchiropus_picturatus_CEO23|Callionymidae_Synchiropus_rameus_CSIROGT4623|Callionymidae_Synchiropus_splendidus_CEO135|Callionymidae_Synchiropus_stellatus_CEO78",3.4328,304,306,0.003333476894,0.000971066445467257,-6.93711566207879,"MCMCTree"
"clade:Callionymidae_Callionymus_australis_CSIROGT893|Callionymidae_Callionymus_bairdi_USNMAC4YY15|Callionymidae_Callionymus_belcheri_CEO149|Callionymidae_Callionymus_calcaratus_CEO76|Callionymidae_Callionymus_curvicornis_CEO154|Callionymidae_Callionymus_grossi_CEO150|Callionymidae_Callionymus_limiceps_CEO152|Callionymidae_Callionymus_lunatus_CEO4|Callionymidae_Callionymus_moretonensis_CSIROGT6463|Callionymidae_Callionymus_ogilbyi_CSIROGT4778|Callionymidae_Callionymus_russelli_CSIRODGQ0686b|Callionymidae_Callionymus_scaber_CEO64|Callionymidae_Callionymus_sereti_CSIROGT4601|Callionymidae_Draculo_mirabilis_CEO155",1.3061,306,315,0.001142373907,0.000874645055508766,-7.04169240475235,"MCMCTree"
"clade:Callionymidae_Callionymus_australis_CSIROGT893|Callionymidae_Callionymus_bairdi_USNMAC4YY15|Callionymidae_Callionymus_belcheri_CEO149|Callionymidae_Callionymus_calcaratus_CEO76|Callionymidae_Callionymus_curvicornis_CEO154|Callionymidae_Callionymus_grossi_CEO150|Callionymidae_Callionymus_limiceps_CEO152|Callionymidae_Callionymus_ogilbyi_CSIROGT4778|Callionymidae_Callionymus_russelli_CSIRODGQ0686b|Callionymidae_Callionymus_scaber_CEO64|Callionymidae_Callionymus_sereti_CSIROGT4601|Callionymidae_Draculo_mirabilis_CEO155",1.5873,315,317,0.001441405142,0.000908086147546148,-7.00417130771129,"MCMCTree"
"clade:Callionymidae_Callionymus_australis_CSIROGT893|Callionymidae_Callionymus_bairdi_USNMAC4YY15|Callionymidae_Callionymus_grossi_CEO150|Callionymidae_Callionymus_ogilbyi_CSIROGT4778|Callionymidae_Callionymus_scaber_CEO64|Callionymidae_Callionymus_sereti_CSIROGT4601",5.5711,317,318,0.003481941718,0.000625000757121574,-7.37775769683409,"MCMCTree"
"clade:Callionymidae_Callionymus_australis_CSIROGT893|Callionymidae_Callionymus_bairdi_USNMAC4YY15|Callionymidae_Callionymus_ogilbyi_CSIROGT4778|Callionymidae_Callionymus_scaber_CEO64|Callionymidae_Callionymus_sereti_CSIROGT4601",2.4091,318,319,0.001577876829,0.000654965268772571,-7.33092834850959,"MCMCTree"
"clade:Callionymidae_Callionymus_australis_CSIROGT893|Callionymidae_Callionymus_ogilbyi_CSIROGT4778|Callionymidae_Callionymus_scaber_CEO64|Callionymidae_Callionymus_sereti_CSIROGT4601",15.5812,319,320,0.007037806276,0.000451685767206634,-7.70252382519436,"MCMCTree"
"clade:Callionymidae_Callionymus_australis_CSIROGT893|Callionymidae_Callionymus_sereti_CSIROGT4601",5.891,320,322,0.004660292836,0.000791086884399932,-7.14210275501516,"MCMCTree"
"clade:Callionymidae_Callionymus_belcheri_CEO149|Callionymidae_Callionymus_calcaratus_CEO76|Callionymidae_Callionymus_curvicornis_CEO154|Callionymidae_Callionymus_limiceps_CEO152|Callionymidae_Callionymus_russelli_CSIRODGQ0686b|Callionymidae_Draculo_mirabilis_CEO155",7.2902,317,323,0.02210121031,0.00303163291953582,-5.7986538872861,"MCMCTree"
"clade:Callionymidae_Callionymus_belcheri_CEO149|Callionymidae_Callionymus_curvicornis_CEO154|Callionymidae_Callionymus_russelli_CSIRODGQ0686b|Callionymidae_Draculo_mirabilis_CEO155",2.3535,323,325,0.002398943193,0.00101930877119184,-6.88863055671377,"MCMCTree"
"clade:Callionymidae_Callionymus_belcheri_CEO149|Callionymidae_Callionymus_russelli_CSIRODGQ0686b",6.8838,326,327,0.01197017078,0.00173888997065574,-6.35450831723004,"MCMCTree"
"clade:Callionymidae_Callionymus_belcheri_CEO149|Callionymidae_Callionymus_russelli_CSIRODGQ0686b|Callionymidae_Draculo_mirabilis_CEO155",4.0835,325,326,0.005615377641,0.00137513839622873,-6.58920090112595,"MCMCTree"
"clade:Callionymidae_Callionymus_calcaratus_CEO76|Callionymidae_Callionymus_limiceps_CEO152",13.3925,323,324,0.01162634636,0.000868123678178085,-7.04917636707386,"MCMCTree"
"clade:Callionymidae_Callionymus_delicatulus_CEO94|Callionymidae_Callionymus_marquesensis_USNMAG7PU28",17.069,304,305,0.01722875775,0.00100935952604136,-6.89843928190842,"MCMCTree"
"clade:Callionymidae_Callionymus_lunatus_CEO4|Callionymidae_Callionymus_moretonensis_CSIROGT6463",33.2772,315,316,0.01057339419,0.000317736894630558,-8.05428689302362,"MCMCTree"
"clade:Callionymidae_Callionymus_ogilbyi_CSIROGT4778|Callionymidae_Callionymus_scaber_CEO64",9.3086,320,321,0.004817515144,0.000517533801430935,-7.56643571818304,"MCMCTree"
"clade:Callionymidae_Dactylopus_dactylopus_CSIROGT4079|Callionymidae_Diplogrammus_goramensis_CEO93|Callionymidae_Synchiropus_morrisoni_USNMAC1VE19|Callionymidae_Synchiropus_moyeri_CEO89|Callionymidae_Synchiropus_ocellatus_CEO24|Callionymidae_Synchiropus_picturatus_CEO23|Callionymidae_Synchiropus_rameus_CSIROGT4623|Callionymidae_Synchiropus_splendidus_CEO135|Callionymidae_Synchiropus_stellatus_CEO78",0.6127,306,307,0.0004234414571,0.000691107323486209,-7.27721543006848,"MCMCTree"
"clade:Callionymidae_Dactylopus_dactylopus_CSIROGT4079|Callionymidae_Synchiropus_morrisoni_USNMAC1VE19|Callionymidae_Synchiropus_moyeri_CEO89|Callionymidae_Synchiropus_ocellatus_CEO24|Callionymidae_Synchiropus_picturatus_CEO23|Callionymidae_Synchiropus_rameus_CSIROGT4623|Callionymidae_Synchiropus_splendidus_CEO135|Callionymidae_Synchiropus_stellatus_CEO78",2.5787,307,308,0.001463088334,0.000567374387869857,-7.47449117606929,"MCMCTree"
"clade:Callionymidae_Synchiropus_agassizii_CEO81|Callionymidae_Synchiropus_altivelis_CEO148|Callionymidae_Synchiropus_apricus_CSIROGT882|Callionymidae_Synchiropus_atrilabiatus_CEO85|Callionymidae_Synchiropus_calauropomus_CSIROGT4799|Callionymidae_Synchiropus_goodenbeani_CEO82|Callionymidae_Synchiropus_masudai_CEO74|Callionymidae_Synchiropus_phaeton_USNM405116",35.4846,295,296,0.01032659197,0.000291016158277112,-8.14213176560886,"MCMCTree"
"clade:Callionymidae_Synchiropus_agassizii_CEO81|Callionymidae_Synchiropus_altivelis_CEO148|Callionymidae_Synchiropus_atrilabiatus_CEO85|Callionymidae_Synchiropus_goodenbeani_CEO82|Callionymidae_Synchiropus_masudai_CEO74|Callionymidae_Synchiropus_phaeton_USNM405116",3.197,296,298,0.002928145949,0.000915904269314983,-6.9955987082331,"MCMCTree"
"clade:Callionymidae_Synchiropus_agassizii_CEO81|Callionymidae_Synchiropus_atrilabiatus_CEO85|Callionymidae_Synchiropus_goodenbeani_CEO82|Callionymidae_Synchiropus_phaeton_USNM405116",4.315,298,300,0.003890821836,0.000901696833371958,-7.0112321993067,"MCMCTree"
"clade:Callionymidae_Synchiropus_agassizii_CEO81|Callionymidae_Synchiropus_goodenbeani_CEO82",0.5469,301,302,0.0005025537509,0.000918913422746389,-6.99231864815702,"MCMCTree"
"clade:Callionymidae_Synchiropus_agassizii_CEO81|Callionymidae_Synchiropus_goodenbeani_CEO82|Callionymidae_Synchiropus_phaeton_USNM405116",1.8616,300,301,0.001723777759,0.000925965706381607,-6.98467335814901,"MCMCTree"
"clade:Callionymidae_Synchiropus_altivelis_CEO148|Callionymidae_Synchiropus_masudai_CEO74",6.6606,298,299,0.004211152156,0.000632248169234003,-7.36622856805461,"MCMCTree"
"clade:Callionymidae_Synchiropus_apricus_CSIROGT882|Callionymidae_Synchiropus_calauropomus_CSIROGT4799",2.5144,296,297,0.001357249289,0.000539790522192173,-7.52432941553345,"MCMCTree"
"clade:Callionymidae_Synchiropus_morrisoni_USNMAC1VE19|Callionymidae_Synchiropus_moyeri_CEO89",4.6794,312,314,0.003131480439,0.00066920554750609,-7.30941929912791,"MCMCTree"
"clade:Callionymidae_Synchiropus_morrisoni_USNMAC1VE19|Callionymidae_Synchiropus_moyeri_CEO89|Callionymidae_Synchiropus_ocellatus_CEO24|Callionymidae_Synchiropus_picturatus_CEO23|Callionymidae_Synchiropus_rameus_CSIROGT4623|Callionymidae_Synchiropus_splendidus_CEO135|Callionymidae_Synchiropus_stellatus_CEO78",10.1977,308,309,0.005545409307,0.000543790198476127,-7.51694705006198,"MCMCTree"
"clade:Callionymidae_Synchiropus_morrisoni_USNMAC1VE19|Callionymidae_Synchiropus_moyeri_CEO89|Callionymidae_Synchiropus_ocellatus_CEO24|Callionymidae_Synchiropus_rameus_CSIROGT4623|Callionymidae_Synchiropus_stellatus_CEO78",10.9289,309,311,0.004224394763,0.000386534304733322,-7.8582899364801,"MCMCTree"
"clade:Callionymidae_Synchiropus_morrisoni_USNMAC1VE19|Callionymidae_Synchiropus_moyeri_CEO89|Callionymidae_Synchiropus_ocellatus_CEO24|Callionymidae_Synchiropus_stellatus_CEO78",5.8044,311,312,0.003408742053,0.000587268632933637,-7.44002820579513,"MCMCTree"
"clade:Callionymidae_Synchiropus_ocellatus_CEO24|Callionymidae_Synchiropus_stellatus_CEO78",4.1674,312,313,0.003657964077,0.000877756893266785,-7.0381408896093,"MCMCTree"
"clade:Callionymidae_Synchiropus_picturatus_CEO23|Callionymidae_Synchiropus_splendidus_CEO135",17.0653,309,310,0.02398165265,0.00140528749274844,-6.56751337595522,"MCMCTree"
"clade:Centriscidae_Aeoliscus_strigatus_CEO32|Centriscidae_Centriscops_humerosus_CSIROGT8057|Centriscidae_Centriscus_cristatus_CSIROGT4449|Centriscidae_Centriscus_scutatus_CEO59|Centriscidae_Macroramphosus_gracilis_CEO68|Centriscidae_Macroramphosus_scolopax_CEO28|Centriscidae_Notopogon_fernandezianus_CSIROGT902|Centriscidae_Notopogon_lilliei_CSIROGT7994",28.5476,168,172,0.008867034094,0.000310605238058541,-8.07698778306948,"MCMCTree"
"clade:Centriscidae_Aeoliscus_strigatus_CEO32|Centriscidae_Centriscus_cristatus_CSIROGT4449|Centriscidae_Centriscus_scutatus_CEO59",36.7499,172,173,0.04795905001,0.0013050117145897,-6.64154326155068,"MCMCTree"
"clade:Centriscidae_Centriscops_humerosus_CSIROGT8057|Centriscidae_Macroramphosus_gracilis_CEO68|Centriscidae_Macroramphosus_scolopax_CEO28|Centriscidae_Notopogon_fernandezianus_CSIROGT902|Centriscidae_Notopogon_lilliei_CSIROGT7994",46.5628,172,175,0.01729806879,0.000371499754954599,-7.89796235341745,"MCMCTree"
"clade:Centriscidae_Centriscus_cristatus_CSIROGT4449|Centriscidae_Centriscus_scutatus_CEO59",12.2319,173,174,0.01555156879,0.00127139436964004,-6.66764105194429,"MCMCTree"
"clade:Centriscidae_Macroramphosus_gracilis_CEO68|Centriscidae_Macroramphosus_scolopax_CEO28",2.6464,177,178,0.005485206074,0.00207270483449214,-6.17890084134303,"MCMCTree"
"clade:Centriscidae_Macroramphosus_gracilis_CEO68|Centriscidae_Macroramphosus_scolopax_CEO28|Centriscidae_Notopogon_fernandezianus_CSIROGT902",0.5483,176,177,0.0004768419576,0.000869673459055262,-7.04739275119048,"MCMCTree"
"clade:Centriscidae_Macroramphosus_gracilis_CEO68|Centriscidae_Macroramphosus_scolopax_CEO28|Centriscidae_Notopogon_fernandezianus_CSIROGT902|Centriscidae_Notopogon_lilliei_CSIROGT7994",1.0142,175,176,0.0008184643296,0.000807004860579767,-7.12218086668921,"MCMCTree"
"clade:Dactylopteridae_Dactyloptena_orientalis_CEO33|Dactylopteridae_Dactyloptena_papilio_CSIROGT6501|Dactylopteridae_Dactyloptena_peterseni_CEO69",10.2178,254,255,0.008819591584,0.000863159543541662,-7.05491101311954,"MCMCTree"
"clade:Dactylopteridae_Dactyloptena_orientalis_CEO33|Dactylopteridae_Dactyloptena_papilio_CSIROGT6501|Dactylopteridae_Dactyloptena_peterseni_CEO69|Dactylopteridae_Dactylopterus_volitans_CEO70",63.2233,251,254,0.02592876816,0.000410114121850647,-7.79907509101979,"MCMCTree"
"clade:Dactylopteridae_Dactyloptena_orientalis_CEO33|Dactylopteridae_Dactyloptena_papilio_CSIROGT6501|Dactylopteridae_Dactyloptena_peterseni_CEO69|Dactylopteridae_Dactylopterus_volitans_CEO70|Pegasidae_Eurypegasus_draconis_CEO49|Pegasidae_Pegasus_tetrabelos_CSIROGT7822|Pegasidae_Pegasus_volitans_CEO58",5.1776,250,251,0.004221877241,0.00081541201348115,-7.11181703445102,"MCMCTree"
"clade:Dactylopteridae_Dactyloptena_orientalis_CEO33|Dactylopteridae_Dactyloptena_peterseni_CEO69",2.3316,255,256,0.001864509372,0.000799669485331961,-7.13131205899862,"MCMCTree"
"clade:Fistulariidae_Fistularia_commersonii_CEO40B|Fistulariidae_Fistularia_corneta_CEO62",3.799,170,171,0.005242351412,0.0013799293003422,-6.5857230127615,"MCMCTree"
"clade:Fistulariidae_Fistularia_commersonii_CEO40B|Fistulariidae_Fistularia_corneta_CEO62|Fistulariidae_Fistularia_petimba_CEO88",52.5325,169,170,0.07073482447,0.00134649644448675,-6.61024928627552,"MCMCTree"
"clade:Mullidae_Mulloidichthys_dentatus_CEO43|Mullidae_Mulloidichthys_flavolineatus_KU5644|Mullidae_Mulloidichthys_martinicus_CEO27|Mullidae_Mulloidichthys_vanicolensis_CEO44",13.9581,270,271,0.01185587789,0.00084939052521475,-7.07099149482739,"MCMCTree"
"clade:Mullidae_Mulloidichthys_dentatus_CEO43|Mullidae_Mulloidichthys_flavolineatus_KU5644|Mullidae_Mulloidichthys_martinicus_CEO27|Mullidae_Mulloidichthys_vanicolensis_CEO44|Mullidae_Mullus_argentinae_UNMDPT0134|Mullidae_Mullus_auratus_CEO95|Mullidae_Parupeneus_barberinoides_CEO30|Mullidae_Parupeneus_barberinus_CEO47|Mullidae_Parupeneus_crassilabris_USNMAG9RE44|Mullidae_Parupeneus_cyclostomus_CEO45|Mullidae_Parupeneus_forsskali_FMNHRS1304T54|Mullidae_Parupeneus_inayatae_CSIROIN00502|Mullidae_Parupeneus_indicus_USNMAG9RD89|Mullidae_Parupeneus_insularis_USNMAG5NQ87|Mullidae_Parupeneus_jansenii_CSIROGT4602|Mullidae_Parupeneus_multifasciatus_CEO46|Mullidae_Parupeneus_pleurostigma_KU743|Mullidae_Parupeneus_procerigena_KU6817|Mullidae_Parupeneus_rubescens_CEO66|Mullidae_Pseudupeneus_grandisquamis_CEO41|Mullidae_Pseudupeneus_maculatus_CEO55|Mullidae_Pseudupeneus_prayensis_USNMAD9NF17|Mullidae_Upeneichthys_lineatus_CEO63|Mullidae_Upeneichthys_stotti_CSIROGT5950|Mullidae_Upeneichthys_vlamingii_CSIROGT266",2.3395,258,270,0.001783978421,0.000762546877965377,-7.17884657207363,"MCMCTree"
"clade:Mullidae_Mulloidichthys_dentatus_CEO43|Mullidae_Mulloidichthys_flavolineatus_KU5644|Mullidae_Mulloidichthys_martinicus_CEO27|Mullidae_Mulloidichthys_vanicolensis_CEO44|Mullidae_Mullus_argentinae_UNMDPT0134|Mullidae_Mullus_auratus_CEO95|Mullidae_Parupeneus_barberinoides_CEO30|Mullidae_Parupeneus_barberinus_CEO47|Mullidae_Parupeneus_crassilabris_USNMAG9RE44|Mullidae_Parupeneus_cyclostomus_CEO45|Mullidae_Parupeneus_forsskali_FMNHRS1304T54|Mullidae_Parupeneus_inayatae_CSIROIN00502|Mullidae_Parupeneus_indicus_USNMAG9RD89|Mullidae_Parupeneus_insularis_USNMAG5NQ87|Mullidae_Parupeneus_jansenii_CSIROGT4602|Mullidae_Parupeneus_multifasciatus_CEO46|Mullidae_Parupeneus_pleurostigma_KU743|Mullidae_Parupeneus_procerigena_KU6817|Mullidae_Parupeneus_rubescens_CEO66|Mullidae_Pseudupeneus_grandisquamis_CEO41|Mullidae_Pseudupeneus_maculatus_CEO55|Mullidae_Pseudupeneus_prayensis_USNMAD9NF17|Mullidae_Upeneichthys_lineatus_CEO63|Mullidae_Upeneichthys_stotti_CSIROGT5950|Mullidae_Upeneichthys_vlamingii_CSIROGT266|Mullidae_Upeneus_asymmetricus_CSIROIN01738|Mullidae_Upeneus_australiae_CSIROGT4135|Mullidae_Upeneus_filifer_CSIROCMR003702A|Mullidae_Upeneus_guttatus_CSIROGT4122|Mullidae_Upeneus_japonicus_KU10324|Mullidae_Upeneus_moluccensis_KU6747|Mullidae_Upeneus_nigromarginatus_USNMAG9RE99|Mullidae_Upeneus_quadrilineatus_CSIROIN02060|Mullidae_Upeneus_sulphureus_USNMAG9RC75|Mullidae_Upeneus_sundaicus_CSIROGT4266|Mullidae_Upeneus_torres_CSIROGT1917|Mullidae_Upeneus_tragula_CEO48",59.2832,257,258,0.02535151545,0.00042763405905889,-7.75724273030419,"MCMCTree"
"clade:Mullidae_Mulloidichthys_dentatus_CEO43|Mullidae_Mulloidichthys_martinicus_CEO27|Mullidae_Mulloidichthys_vanicolensis_CEO44",1.4105,271,272,0.001457231226,0.00103313096490606,-6.87516131575187,"MCMCTree"
"clade:Mullidae_Mulloidichthys_martinicus_CEO27|Mullidae_Mulloidichthys_vanicolensis_CEO44",0.2508,272,273,0.0002384665144,0.000950823422647528,-6.9581821881082,"MCMCTree"
"clade:Mullidae_Mullus_argentinae_UNMDPT0134|Mullidae_Mullus_auratus_CEO95",12.8095,275,276,0.005162813888,0.000403045699519888,-7.81646060413432,"MCMCTree"
"clade:Mullidae_Mullus_argentinae_UNMDPT0134|Mullidae_Mullus_auratus_CEO95|Mullidae_Parupeneus_barberinoides_CEO30|Mullidae_Parupeneus_barberinus_CEO47|Mullidae_Parupeneus_crassilabris_USNMAG9RE44|Mullidae_Parupeneus_cyclostomus_CEO45|Mullidae_Parupeneus_forsskali_FMNHRS1304T54|Mullidae_Parupeneus_inayatae_CSIROIN00502|Mullidae_Parupeneus_indicus_USNMAG9RD89|Mullidae_Parupeneus_insularis_USNMAG5NQ87|Mullidae_Parupeneus_jansenii_CSIROGT4602|Mullidae_Parupeneus_multifasciatus_CEO46|Mullidae_Parupeneus_pleurostigma_KU743|Mullidae_Parupeneus_procerigena_KU6817|Mullidae_Parupeneus_rubescens_CEO66|Mullidae_Pseudupeneus_grandisquamis_CEO41|Mullidae_Pseudupeneus_maculatus_CEO55|Mullidae_Pseudupeneus_prayensis_USNMAD9NF17|Mullidae_Upeneichthys_lineatus_CEO63|Mullidae_Upeneichthys_stotti_CSIROGT5950|Mullidae_Upeneichthys_vlamingii_CSIROGT266",2.1267,270,274,0.001637601621,0.00077002004090845,-7.16909401630141,"MCMCTree"
"clade:Mullidae_Mullus_argentinae_UNMDPT0134|Mullidae_Mullus_auratus_CEO95|Mullidae_Upeneichthys_lineatus_CEO63|Mullidae_Upeneichthys_stotti_CSIROGT5950|Mullidae_Upeneichthys_vlamingii_CSIROGT266",2.6647,274,275,0.002470345919,0.000927063428903817,-6.98348857089476,"MCMCTree"
"clade:Mullidae_Parupeneus_barberinoides_CEO30|Mullidae_Parupeneus_barberinus_CEO47|Mullidae_Parupeneus_crassilabris_USNMAG9RE44|Mullidae_Parupeneus_cyclostomus_CEO45|Mullidae_Parupeneus_forsskali_FMNHRS1304T54|Mullidae_Parupeneus_inayatae_CSIROIN00502|Mullidae_Parupeneus_indicus_USNMAG9RD89|Mullidae_Parupeneus_insularis_USNMAG5NQ87|Mullidae_Parupeneus_jansenii_CSIROGT4602|Mullidae_Parupeneus_multifasciatus_CEO46|Mullidae_Parupeneus_pleurostigma_KU743|Mullidae_Parupeneus_procerigena_KU6817|Mullidae_Parupeneus_rubescens_CEO66",6.4879,279,282,0.004521238236,0.000696872367946485,-7.2689082802607,"MCMCTree"
"clade:Mullidae_Parupeneus_barberinoides_CEO30|Mullidae_Parupeneus_barberinus_CEO47|Mullidae_Parupeneus_crassilabris_USNMAG9RE44|Mullidae_Parupeneus_cyclostomus_CEO45|Mullidae_Parupeneus_forsskali_FMNHRS1304T54|Mullidae_Parupeneus_inayatae_CSIROIN00502|Mullidae_Parupeneus_indicus_USNMAG9RD89|Mullidae_Parupeneus_insularis_USNMAG5NQ87|Mullidae_Parupeneus_jansenii_CSIROGT4602|Mullidae_Parupeneus_multifasciatus_CEO46|Mullidae_Parupeneus_pleurostigma_KU743|Mullidae_Parupeneus_procerigena_KU6817|Mullidae_Parupeneus_rubescens_CEO66|Mullidae_Pseudupeneus_grandisquamis_CEO41|Mullidae_Pseudupeneus_maculatus_CEO55|Mullidae_Pseudupeneus_prayensis_USNMAD9NF17",5.4282,274,279,0.00364538971,0.000671565106296747,-7.30589959019054,"MCMCTree"
"clade:Mullidae_Parupeneus_barberinus_CEO47|Mullidae_Parupeneus_crassilabris_USNMAG9RE44|Mullidae_Parupeneus_cyclostomus_CEO45|Mullidae_Parupeneus_forsskali_FMNHRS1304T54|Mullidae_Parupeneus_inayatae_CSIROIN00502|Mullidae_Parupeneus_indicus_USNMAG9RD89|Mullidae_Parupeneus_insularis_USNMAG5NQ87|Mullidae_Parupeneus_jansenii_CSIROGT4602|Mullidae_Parupeneus_multifasciatus_CEO46|Mullidae_Parupeneus_pleurostigma_KU743|Mullidae_Parupeneus_procerigena_KU6817|Mullidae_Parupeneus_rubescens_CEO66",0.9415,282,283,0.0008102349434,0.000860578803398832,-7.05790536789002,"MCMCTree"
"clade:Mullidae_Parupeneus_barberinus_CEO47|Mullidae_Parupeneus_inayatae_CSIROIN00502|Mullidae_Parupeneus_indicus_USNMAG9RD89|Mullidae_Parupeneus_jansenii_CSIROGT4602|Mullidae_Parupeneus_pleurostigma_KU743|Mullidae_Parupeneus_procerigena_KU6817",0.4538,283,284,0.0004288885664,0.00094510481798149,-6.9642147181226,"MCMCTree"
"clade:Mullidae_Parupeneus_barberinus_CEO47|Mullidae_Parupeneus_indicus_USNMAG9RD89",1.2865,284,285,0.001309567457,0.00101793039797901,-6.88998373452815,"MCMCTree"
"clade:Mullidae_Parupeneus_crassilabris_USNMAG9RE44|Mullidae_Parupeneus_cyclostomus_CEO45|Mullidae_Parupeneus_forsskali_FMNHRS1304T54|Mullidae_Parupeneus_insularis_USNMAG5NQ87|Mullidae_Parupeneus_multifasciatus_CEO46|Mullidae_Parupeneus_rubescens_CEO66",0.6394,283,289,0.0004073254749,0.000637043282608696,-7.35867295712007,"MCMCTree"
"clade:Mullidae_Parupeneus_crassilabris_USNMAG9RE44|Mullidae_Parupeneus_forsskali_FMNHRS1304T54|Mullidae_Parupeneus_insularis_USNMAG5NQ87|Mullidae_Parupeneus_multifasciatus_CEO46|Mullidae_Parupeneus_rubescens_CEO66",0.8163,289,290,0.0005096247669,0.00062431062954796,-7.37886250969528,"MCMCTree"
"clade:Mullidae_Parupeneus_crassilabris_USNMAG9RE44|Mullidae_Parupeneus_insularis_USNMAG5NQ87",0.6288,292,293,0.0003641077026,0.000579051689885496,-7.45411880996236,"MCMCTree"
"clade:Mullidae_Parupeneus_crassilabris_USNMAG9RE44|Mullidae_Parupeneus_insularis_USNMAG5NQ87|Mullidae_Parupeneus_multifasciatus_CEO46",0.7469,290,292,0.0005317733872,0.000711974008836524,-7.24746915166169,"MCMCTree"
"clade:Mullidae_Parupeneus_forsskali_FMNHRS1304T54|Mullidae_Parupeneus_rubescens_CEO66",0.4129,290,291,0.0003663341828,0.000887222530394769,-7.02741472730605,"MCMCTree"
"clade:Mullidae_Parupeneus_inayatae_CSIROIN00502|Mullidae_Parupeneus_jansenii_CSIROGT4602|Mullidae_Parupeneus_pleurostigma_KU743|Mullidae_Parupeneus_procerigena_KU6817",0.8934,284,286,0.0009647289476,0.00107983987866577,-6.83094250933234,"MCMCTree"
"clade:Mullidae_Parupeneus_inayatae_CSIROIN00502|Mullidae_Parupeneus_pleurostigma_KU743",1.048,286,287,0.0007447792531,0.000710667226240458,-7.24930627395419,"MCMCTree"
"clade:Mullidae_Parupeneus_jansenii_CSIROGT4602|Mullidae_Parupeneus_procerigena_KU6817",0.3182,286,288,0.0002320222835,0.00072917122407291,-7.22360197826301,"MCMCTree"
"clade:Mullidae_Pseudupeneus_grandisquamis_CEO41|Mullidae_Pseudupeneus_maculatus_CEO55|Mullidae_Pseudupeneus_prayensis_USNMAD9NF17",7.163,279,280,0.00543430617,0.000758663432919168,-7.18395231380408,"MCMCTree"
"clade:Mullidae_Pseudupeneus_maculatus_CEO55|Mullidae_Pseudupeneus_prayensis_USNMAD9NF17",1.2002,280,281,0.0008873049884,0.000739297607398767,-7.20981000171274,"MCMCTree"
"clade:Mullidae_Upeneichthys_lineatus_CEO63|Mullidae_Upeneichthys_stotti_CSIROGT5950|Mullidae_Upeneichthys_vlamingii_CSIROGT266",11.6454,275,277,0.00640236468,0.000549776279045803,-7.5059991278605,"MCMCTree"
"clade:Mullidae_Upeneichthys_lineatus_CEO63|Mullidae_Upeneichthys_vlamingii_CSIROGT266",0.4969,277,278,0.0004772369687,0.00096042859468706,-6.94813092033377,"MCMCTree"
"clade:Mullidae_Upeneus_asymmetricus_CSIROIN01738|Mullidae_Upeneus_australiae_CSIROGT4135",1.3134,267,269,0.001462510377,0.0011135300571037,-6.80022007827355,"MCMCTree"
"clade:Mullidae_Upeneus_asymmetricus_CSIROIN01738|Mullidae_Upeneus_australiae_CSIROGT4135|Mullidae_Upeneus_filifer_CSIROCMR003702A|Mullidae_Upeneus_guttatus_CSIROGT4122|Mullidae_Upeneus_japonicus_KU10324|Mullidae_Upeneus_moluccensis_KU6747|Mullidae_Upeneus_nigromarginatus_USNMAG9RE99|Mullidae_Upeneus_quadrilineatus_CSIROIN02060|Mullidae_Upeneus_sulphureus_USNMAG9RC75|Mullidae_Upeneus_sundaicus_CSIROGT4266|Mullidae_Upeneus_torres_CSIROGT1917|Mullidae_Upeneus_tragula_CEO48",4.4769,258,259,0.003097118182,0.000691799723469365,-7.27621406118756,"MCMCTree"
"clade:Mullidae_Upeneus_asymmetricus_CSIROIN01738|Mullidae_Upeneus_australiae_CSIROGT4135|Mullidae_Upeneus_filifer_CSIROCMR003702A|Mullidae_Upeneus_guttatus_CSIROGT4122|Mullidae_Upeneus_japonicus_KU10324|Mullidae_Upeneus_moluccensis_KU6747|Mullidae_Upeneus_sundaicus_CSIROGT4266|Mullidae_Upeneus_torres_CSIROGT1917|Mullidae_Upeneus_tragula_CEO48",2.5462,259,262,0.001997818027,0.000784627298326919,-7.15030173212658,"MCMCTree"
"clade:Mullidae_Upeneus_asymmetricus_CSIROIN01738|Mullidae_Upeneus_australiae_CSIROGT4135|Mullidae_Upeneus_filifer_CSIROCMR003702A|Mullidae_Upeneus_guttatus_CSIROGT4122|Mullidae_Upeneus_japonicus_KU10324|Mullidae_Upeneus_sundaicus_CSIROGT4266|Mullidae_Upeneus_torres_CSIROGT1917|Mullidae_Upeneus_tragula_CEO48",4.9779,262,263,0.00606955186,0.00121929967657044,-6.70947862065648,"MCMCTree"
"clade:Mullidae_Upeneus_asymmetricus_CSIROIN01738|Mullidae_Upeneus_australiae_CSIROGT4135|Mullidae_Upeneus_filifer_CSIROCMR003702A|Mullidae_Upeneus_guttatus_CSIROGT4122|Mullidae_Upeneus_japonicus_KU10324|Mullidae_Upeneus_torres_CSIROGT1917|Mullidae_Upeneus_tragula_CEO48",5.0229,263,264,0.0069477144,0.00138320778832945,-6.58334999295066,"MCMCTree"
"clade:Mullidae_Upeneus_asymmetricus_CSIROIN01738|Mullidae_Upeneus_australiae_CSIROGT4135|Mullidae_Upeneus_guttatus_CSIROGT4122|Mullidae_Upeneus_tragula_CEO48",0.5631,264,267,0.000507041918,0.000900447377020067,-7.01261883256822,"MCMCTree"
"clade:Mullidae_Upeneus_filifer_CSIROCMR003702A|Mullidae_Upeneus_japonicus_KU10324|Mullidae_Upeneus_torres_CSIROGT1917",0.6792,264,265,0.0004737040241,0.000697444087308598,-7.2680882090466,"MCMCTree"
"clade:Mullidae_Upeneus_guttatus_CSIROGT4122|Mullidae_Upeneus_tragula_CEO48",0.6091,267,268,0.0004581514271,0.000752177683631588,-7.19253798049951,"MCMCTree"
"clade:Mullidae_Upeneus_japonicus_KU10324|Mullidae_Upeneus_torres_CSIROGT1917",2.4894,265,266,0.002147899557,0.000862818171848638,-7.05530658218678,"MCMCTree"
"clade:Mullidae_Upeneus_nigromarginatus_USNMAG9RE99|Mullidae_Upeneus_quadrilineatus_CSIROIN02060|Mullidae_Upeneus_sulphureus_USNMAG9RC75",9.2424,259,260,0.005562575274,0.000601853985328486,-7.41549569136352,"MCMCTree"
"clade:Mullidae_Upeneus_quadrilineatus_CSIROIN02060|Mullidae_Upeneus_sulphureus_USNMAG9RC75",3.8928,260,261,0.003696322996,0.000949528102137279,-6.95954543137552,"MCMCTree"
"clade:Pegasidae_Eurypegasus_draconis_CEO49|Pegasidae_Pegasus_tetrabelos_CSIROGT7822|Pegasidae_Pegasus_volitans_CEO58",41.3929,251,252,0.1647838014,0.00398096778433016,-5.52623032735285,"MCMCTree"
"clade:Pegasidae_Pegasus_tetrabelos_CSIROGT7822|Pegasidae_Pegasus_volitans_CEO58",23.9996,252,253,0.03216416623,0.00134019592951549,-6.61493945965151,"MCMCTree"
"clade:Solenostomidae_Solenostomus_cyanopterus_CEO37|Solenostomidae_Solenostomus_paradoxus_CEO42B",65.3282,179,180,0.2256415608,0.00345396874244201,-5.66823134896797,"MCMCTree"
"clade:Solenostomidae_Solenostomus_cyanopterus_CEO37|Solenostomidae_Solenostomus_paradoxus_CEO42B|Syngnathidae_Bryx_randalli_USNMAC5ZB14|Syngnathidae_Choeroichthys_sculptus_CEO3|Syngnathidae_Corythoichthys_amplexus_CEO80|Syngnathidae_Corythoichthys_flavofasciatus_CEO92|Syngnathidae_Corythoichthys_haematopterus_CEO34|Syngnathidae_Corythoichthys_intestinalis_CEO86|Syngnathidae_Corythoichthys_schultzi_CEO72|Syngnathidae_Cosmocampus_albirostris_USNMAC5ZM66|Syngnathidae_Cosmocampus_arctus_CEO26|Syngnathidae_Doryichthys_boaja_CEO141|Syngnathidae_Doryichthys_martensii_CEO19|Syngnathidae_Doryrhamphus_excisus_CEO137|Syngnathidae_Doryrhamphus_janssi_CEO2|Syngnathidae_Doryrhamphus_melanopleura_CSIROGT3241|Syngnathidae_Dunckerocampus_boylei_CEO51|Syngnathidae_Dunckerocampus_dactyliophorus_CEO35|Syngnathidae_Dunckerocampus_pessuliferus_CEO140|Syngnathidae_Enneacampus_ansorgii_CEO11|Syngnathidae_Entelurus_aequoreus_CEO113|Syngnathidae_Festucalex_wassi_CEO10|Syngnathidae_Filicampus_tigris_CSIROGT4369|Syngnathidae_Halicampus_crinitus_CEO79|Syngnathidae_Halicampus_dunckeri_CEO8|Syngnathidae_Haliichthys_taeniophorus_CSIROGT4114|Syngnathidae_Hippichthys_penicillus_CEO121|Syngnathidae_Hippocampus_abdominalis_CEO144|Syngnathidae_Hippocampus_barbouri_CEO9|Syngnathidae_Hippocampus_comes_CEO132|Syngnathidae_Hippocampus_erectus_CEO134|Syngnathidae_Hippocampus_ingens_CEO39|Syngnathidae_Hippocampus_kelloggi_UW153288|Syngnathidae_Hippocampus_kuda_CEO52|Syngnathidae_Hippocampus_reidi_CEO53|Syngnathidae_Hippocampus_subelongatus_CEO131|Syngnathidae_Hippocampus_zosterae_USNMAC2WR35|Syngnathidae_Hypselognathus_rostratus_CEO108|Syngnathidae_Idiotropiscis_lumnitzeri_CEO91|Syngnathidae_Micrognathus_andersonii_USNMAG9RQ99|Syngnathidae_Microphis_brachyurus_CEO116|Syngnathidae_Microphis_cuncalus_CEO17|Syngnathidae_Microphis_deocata_CEO18|Syngnathidae_Microphis_lineatus_STRIBFT18819|Syngnathidae_Nerophis_ophidion_CEO112|Syngnathidae_Phycodurus_eques_CEO50|Syngnathidae_Phyllopteryx_taeniolatus_CEO83|Syngnathidae_Pseudophallus_starksii_STRIBFT05080|Syngnathidae_Siokunichthys_nigrolineatus_CEO102|Syngnathidae_Solegnathus_guentheri_CSIROGT192|Syngnathidae_Solegnathus_hardwickii_CSIRODGQ0572a|Syngnathidae_Solegnathus_spinosissimus_CSIROGT7988|Syngnathidae_Stigmatopora_nigra_CEO153|Syngnathidae_Syngnathoides_biaculeatus_CEO101|Syngnathidae_Syngnathus_abaster_CEO125|Syngnathidae_Syngnathus_acus_CEO109|Syngnathidae_Syngnathus_auliscus_CEO25|Syngnathidae_Syngnathus_californiensis_CEO56|Syngnathidae_Syngnathus_exilis_CEO57|Syngnathidae_Syngnathus_floridae_CEO105|Syngnathidae_Syngnathus_fuscus_CEO123|Syngnathidae_Syngnathus_leptorhynchus_CEO12|Syngnathidae_Syngnathus_louisianae_CEO104|Syngnathidae_Syngnathus_pelagicus_CEO99|Syngnathidae_Syngnathus_rostellatus_CEO110|Syngnathidae_Syngnathus_scovelli_CEO71|Syngnathidae_Syngnathus_springeri_CEO100|Syngnathidae_Syngnathus_taenionotus_CEO126|Syngnathidae_Syngnathus_typhle_CEO111|Syngnathidae_Trachyrhamphus_bicoarctatus_CEO7|Syngnathidae_Vanacampus_phillipi_CEO106|Syngnathidae_Vanacampus_poecilolaemus_CEO107",7.1676,167,179,0.01717078922,0.00239561209051844,-6.03411651061791,"MCMCTree"
"clade:Syngnathidae_Bryx_randalli_USNMAC5ZB14|Syngnathidae_Choeroichthys_sculptus_CEO3|Syngnathidae_Corythoichthys_amplexus_CEO80|Syngnathidae_Corythoichthys_flavofasciatus_CEO92|Syngnathidae_Corythoichthys_haematopterus_CEO34|Syngnathidae_Corythoichthys_intestinalis_CEO86|Syngnathidae_Corythoichthys_schultzi_CEO72|Syngnathidae_Cosmocampus_albirostris_USNMAC5ZM66|Syngnathidae_Cosmocampus_arctus_CEO26|Syngnathidae_Doryichthys_boaja_CEO141|Syngnathidae_Doryichthys_martensii_CEO19|Syngnathidae_Doryrhamphus_excisus_CEO137|Syngnathidae_Doryrhamphus_janssi_CEO2|Syngnathidae_Doryrhamphus_melanopleura_CSIROGT3241|Syngnathidae_Dunckerocampus_boylei_CEO51|Syngnathidae_Dunckerocampus_dactyliophorus_CEO35|Syngnathidae_Dunckerocampus_pessuliferus_CEO140|Syngnathidae_Enneacampus_ansorgii_CEO11|Syngnathidae_Entelurus_aequoreus_CEO113|Syngnathidae_Festucalex_wassi_CEO10|Syngnathidae_Filicampus_tigris_CSIROGT4369|Syngnathidae_Halicampus_crinitus_CEO79|Syngnathidae_Halicampus_dunckeri_CEO8|Syngnathidae_Haliichthys_taeniophorus_CSIROGT4114|Syngnathidae_Hippichthys_penicillus_CEO121|Syngnathidae_Hippocampus_abdominalis_CEO144|Syngnathidae_Hippocampus_barbouri_CEO9|Syngnathidae_Hippocampus_comes_CEO132|Syngnathidae_Hippocampus_erectus_CEO134|Syngnathidae_Hippocampus_ingens_CEO39|Syngnathidae_Hippocampus_kelloggi_UW153288|Syngnathidae_Hippocampus_kuda_CEO52|Syngnathidae_Hippocampus_reidi_CEO53|Syngnathidae_Hippocampus_subelongatus_CEO131|Syngnathidae_Hippocampus_zosterae_USNMAC2WR35|Syngnathidae_Hypselognathus_rostratus_CEO108|Syngnathidae_Idiotropiscis_lumnitzeri_CEO91|Syngnathidae_Micrognathus_andersonii_USNMAG9RQ99|Syngnathidae_Microphis_brachyurus_CEO116|Syngnathidae_Microphis_cuncalus_CEO17|Syngnathidae_Microphis_deocata_CEO18|Syngnathidae_Microphis_lineatus_STRIBFT18819|Syngnathidae_Nerophis_ophidion_CEO112|Syngnathidae_Phycodurus_eques_CEO50|Syngnathidae_Phyllopteryx_taeniolatus_CEO83|Syngnathidae_Pseudophallus_starksii_STRIBFT05080|Syngnathidae_Siokunichthys_nigrolineatus_CEO102|Syngnathidae_Solegnathus_guentheri_CSIROGT192|Syngnathidae_Solegnathus_hardwickii_CSIRODGQ0572a|Syngnathidae_Solegnathus_spinosissimus_CSIROGT7988|Syngnathidae_Stigmatopora_nigra_CEO153|Syngnathidae_Syngnathoides_biaculeatus_CEO101|Syngnathidae_Syngnathus_abaster_CEO125|Syngnathidae_Syngnathus_acus_CEO109|Syngnathidae_Syngnathus_auliscus_CEO25|Syngnathidae_Syngnathus_californiensis_CEO56|Syngnathidae_Syngnathus_exilis_CEO57|Syngnathidae_Syngnathus_floridae_CEO105|Syngnathidae_Syngnathus_fuscus_CEO123|Syngnathidae_Syngnathus_leptorhynchus_CEO12|Syngnathidae_Syngnathus_louisianae_CEO104|Syngnathidae_Syngnathus_pelagicus_CEO99|Syngnathidae_Syngnathus_rostellatus_CEO110|Syngnathidae_Syngnathus_scovelli_CEO71|Syngnathidae_Syngnathus_springeri_CEO100|Syngnathidae_Syngnathus_taenionotus_CEO126|Syngnathidae_Syngnathus_typhle_CEO111|Syngnathidae_Trachyrhamphus_bicoarctatus_CEO7|Syngnathidae_Vanacampus_phillipi_CEO106|Syngnathidae_Vanacampus_poecilolaemus_CEO107",11.9005,179,181,0.04892880473,0.00411149151128104,-5.49396941818368,"MCMCTree"
"clade:Syngnathidae_Bryx_randalli_USNMAC5ZB14|Syngnathidae_Corythoichthys_amplexus_CEO80|Syngnathidae_Corythoichthys_flavofasciatus_CEO92|Syngnathidae_Corythoichthys_haematopterus_CEO34|Syngnathidae_Corythoichthys_intestinalis_CEO86|Syngnathidae_Corythoichthys_schultzi_CEO72|Syngnathidae_Cosmocampus_albirostris_USNMAC5ZM66|Syngnathidae_Cosmocampus_arctus_CEO26|Syngnathidae_Enneacampus_ansorgii_CEO11|Syngnathidae_Festucalex_wassi_CEO10|Syngnathidae_Filicampus_tigris_CSIROGT4369|Syngnathidae_Halicampus_crinitus_CEO79|Syngnathidae_Halicampus_dunckeri_CEO8|Syngnathidae_Haliichthys_taeniophorus_CSIROGT4114|Syngnathidae_Hippichthys_penicillus_CEO121|Syngnathidae_Hippocampus_abdominalis_CEO144|Syngnathidae_Hippocampus_barbouri_CEO9|Syngnathidae_Hippocampus_comes_CEO132|Syngnathidae_Hippocampus_erectus_CEO134|Syngnathidae_Hippocampus_ingens_CEO39|Syngnathidae_Hippocampus_kelloggi_UW153288|Syngnathidae_Hippocampus_kuda_CEO52|Syngnathidae_Hippocampus_reidi_CEO53|Syngnathidae_Hippocampus_subelongatus_CEO131|Syngnathidae_Hippocampus_zosterae_USNMAC2WR35|Syngnathidae_Hypselognathus_rostratus_CEO108|Syngnathidae_Idiotropiscis_lumnitzeri_CEO91|Syngnathidae_Micrognathus_andersonii_USNMAG9RQ99|Syngnathidae_Phycodurus_eques_CEO50|Syngnathidae_Phyllopteryx_taeniolatus_CEO83|Syngnathidae_Pseudophallus_starksii_STRIBFT05080|Syngnathidae_Siokunichthys_nigrolineatus_CEO102|Syngnathidae_Solegnathus_guentheri_CSIROGT192|Syngnathidae_Solegnathus_hardwickii_CSIRODGQ0572a|Syngnathidae_Solegnathus_spinosissimus_CSIROGT7988|Syngnathidae_Stigmatopora_nigra_CEO153|Syngnathidae_Syngnathoides_biaculeatus_CEO101|Syngnathidae_Syngnathus_abaster_CEO125|Syngnathidae_Syngnathus_acus_CEO109|Syngnathidae_Syngnathus_auliscus_CEO25|Syngnathidae_Syngnathus_californiensis_CEO56|Syngnathidae_Syngnathus_exilis_CEO57|Syngnathidae_Syngnathus_floridae_CEO105|Syngnathidae_Syngnathus_fuscus_CEO123|Syngnathidae_Syngnathus_leptorhynchus_CEO12|Syngnathidae_Syngnathus_louisianae_CEO104|Syngnathidae_Syngnathus_pelagicus_CEO99|Syngnathidae_Syngnathus_rostellatus_CEO110|Syngnathidae_Syngnathus_scovelli_CEO71|Syngnathidae_Syngnathus_springeri_CEO100|Syngnathidae_Syngnathus_taenionotus_CEO126|Syngnathidae_Syngnathus_typhle_CEO111|Syngnathidae_Trachyrhamphus_bicoarctatus_CEO7|Syngnathidae_Vanacampus_phillipi_CEO106|Syngnathidae_Vanacampus_poecilolaemus_CEO107",13.9325,181,196,0.03950460923,0.00283542861869729,-5.8655621649772,"MCMCTree"
"clade:Syngnathidae_Bryx_randalli_USNMAC5ZB14|Syngnathidae_Cosmocampus_albirostris_USNMAC5ZM66|Syngnathidae_Cosmocampus_arctus_CEO26",13.8576,232,233,0.007634920947,0.000550955500736058,-7.50385651298729,"MCMCTree"
"clade:Syngnathidae_Bryx_randalli_USNMAC5ZB14|Syngnathidae_Cosmocampus_albirostris_USNMAC5ZM66|Syngnathidae_Cosmocampus_arctus_CEO26|Syngnathidae_Enneacampus_ansorgii_CEO11",2.4117,231,232,0.001538104584,0.000637767792013932,-7.35753630323047,"MCMCTree"
"clade:Syngnathidae_Bryx_randalli_USNMAC5ZB14|Syngnathidae_Cosmocampus_albirostris_USNMAC5ZM66|Syngnathidae_Cosmocampus_arctus_CEO26|Syngnathidae_Enneacampus_ansorgii_CEO11|Syngnathidae_Festucalex_wassi_CEO10|Syngnathidae_Filicampus_tigris_CSIROGT4369|Syngnathidae_Halicampus_crinitus_CEO79|Syngnathidae_Halicampus_dunckeri_CEO8|Syngnathidae_Haliichthys_taeniophorus_CSIROGT4114|Syngnathidae_Hippichthys_penicillus_CEO121|Syngnathidae_Hippocampus_abdominalis_CEO144|Syngnathidae_Hippocampus_barbouri_CEO9|Syngnathidae_Hippocampus_comes_CEO132|Syngnathidae_Hippocampus_erectus_CEO134|Syngnathidae_Hippocampus_ingens_CEO39|Syngnathidae_Hippocampus_kelloggi_UW153288|Syngnathidae_Hippocampus_kuda_CEO52|Syngnathidae_Hippocampus_reidi_CEO53|Syngnathidae_Hippocampus_subelongatus_CEO131|Syngnathidae_Hippocampus_zosterae_USNMAC2WR35|Syngnathidae_Hypselognathus_rostratus_CEO108|Syngnathidae_Idiotropiscis_lumnitzeri_CEO91|Syngnathidae_Micrognathus_andersonii_USNMAG9RQ99|Syngnathidae_Pseudophallus_starksii_STRIBFT05080|Syngnathidae_Siokunichthys_nigrolineatus_CEO102|Syngnathidae_Syngnathus_abaster_CEO125|Syngnathidae_Syngnathus_acus_CEO109|Syngnathidae_Syngnathus_auliscus_CEO25|Syngnathidae_Syngnathus_californiensis_CEO56|Syngnathidae_Syngnathus_exilis_CEO57|Syngnathidae_Syngnathus_floridae_CEO105|Syngnathidae_Syngnathus_fuscus_CEO123|Syngnathidae_Syngnathus_leptorhynchus_CEO12|Syngnathidae_Syngnathus_louisianae_CEO104|Syngnathidae_Syngnathus_pelagicus_CEO99|Syngnathidae_Syngnathus_rostellatus_CEO110|Syngnathidae_Syngnathus_scovelli_CEO71|Syngnathidae_Syngnathus_springeri_CEO100|Syngnathidae_Syngnathus_taenionotus_CEO126|Syngnathidae_Syngnathus_typhle_CEO111|Syngnathidae_Trachyrhamphus_bicoarctatus_CEO7|Syngnathidae_Vanacampus_phillipi_CEO106|Syngnathidae_Vanacampus_poecilolaemus_CEO107",5.8753,196,208,0.007271977288,0.00123772016543836,-6.69448416788045,"MCMCTree"
"clade:Syngnathidae_Bryx_randalli_USNMAC5ZB14|Syngnathidae_Cosmocampus_albirostris_USNMAC5ZM66|Syngnathidae_Cosmocampus_arctus_CEO26|Syngnathidae_Enneacampus_ansorgii_CEO11|Syngnathidae_Filicampus_tigris_CSIROGT4369|Syngnathidae_Halicampus_crinitus_CEO79|Syngnathidae_Halicampus_dunckeri_CEO8|Syngnathidae_Haliichthys_taeniophorus_CSIROGT4114|Syngnathidae_Hippocampus_abdominalis_CEO144|Syngnathidae_Hippocampus_barbouri_CEO9|Syngnathidae_Hippocampus_comes_CEO132|Syngnathidae_Hippocampus_erectus_CEO134|Syngnathidae_Hippocampus_ingens_CEO39|Syngnathidae_Hippocampus_kelloggi_UW153288|Syngnathidae_Hippocampus_kuda_CEO52|Syngnathidae_Hippocampus_reidi_CEO53|Syngnathidae_Hippocampus_subelongatus_CEO131|Syngnathidae_Hippocampus_zosterae_USNMAC2WR35|Syngnathidae_Idiotropiscis_lumnitzeri_CEO91|Syngnathidae_Pseudophallus_starksii_STRIBFT05080|Syngnathidae_Syngnathus_abaster_CEO125|Syngnathidae_Syngnathus_acus_CEO109|Syngnathidae_Syngnathus_auliscus_CEO25|Syngnathidae_Syngnathus_californiensis_CEO56|Syngnathidae_Syngnathus_exilis_CEO57|Syngnathidae_Syngnathus_floridae_CEO105|Syngnathidae_Syngnathus_fuscus_CEO123|Syngnathidae_Syngnathus_leptorhynchus_CEO12|Syngnathidae_Syngnathus_louisianae_CEO104|Syngnathidae_Syngnathus_pelagicus_CEO99|Syngnathidae_Syngnathus_rostellatus_CEO110|Syngnathidae_Syngnathus_scovelli_CEO71|Syngnathidae_Syngnathus_springeri_CEO100|Syngnathidae_Syngnathus_taenionotus_CEO126|Syngnathidae_Syngnathus_typhle_CEO111|Syngnathidae_Trachyrhamphus_bicoarctatus_CEO7",2.5579,208,215,0.002168417229,0.000847733386371633,-7.07294437447095,"MCMCTree"
"clade:Syngnathidae_Bryx_randalli_USNMAC5ZB14|Syngnathidae_Cosmocampus_albirostris_USNMAC5ZM66|Syngnathidae_Cosmocampus_arctus_CEO26|Syngnathidae_Enneacampus_ansorgii_CEO11|Syngnathidae_Halicampus_crinitus_CEO79",3.2338,230,231,0.002080267878,0.000643288972107119,-7.34891652238489,"MCMCTree"
"clade:Syngnathidae_Bryx_randalli_USNMAC5ZB14|Syngnathidae_Cosmocampus_albirostris_USNMAC5ZM66|Syngnathidae_Cosmocampus_arctus_CEO26|Syngnathidae_Enneacampus_ansorgii_CEO11|Syngnathidae_Halicampus_crinitus_CEO79|Syngnathidae_Halicampus_dunckeri_CEO8|Syngnathidae_Pseudophallus_starksii_STRIBFT05080|Syngnathidae_Syngnathus_abaster_CEO125|Syngnathidae_Syngnathus_acus_CEO109|Syngnathidae_Syngnathus_auliscus_CEO25|Syngnathidae_Syngnathus_californiensis_CEO56|Syngnathidae_Syngnathus_exilis_CEO57|Syngnathidae_Syngnathus_floridae_CEO105|Syngnathidae_Syngnathus_fuscus_CEO123|Syngnathidae_Syngnathus_leptorhynchus_CEO12|Syngnathidae_Syngnathus_louisianae_CEO104|Syngnathidae_Syngnathus_pelagicus_CEO99|Syngnathidae_Syngnathus_rostellatus_CEO110|Syngnathidae_Syngnathus_scovelli_CEO71|Syngnathidae_Syngnathus_springeri_CEO100|Syngnathidae_Syngnathus_taenionotus_CEO126|Syngnathidae_Syngnathus_typhle_CEO111",2.6877,215,229,0.002230541846,0.000829907298433605,-7.09419655204548,"MCMCTree"
"clade:Syngnathidae_Bryx_randalli_USNMAC5ZB14|Syngnathidae_Cosmocampus_albirostris_USNMAC5ZM66|Syngnathidae_Cosmocampus_arctus_CEO26|Syngnathidae_Enneacampus_ansorgii_CEO11|Syngnathidae_Halicampus_crinitus_CEO79|Syngnathidae_Pseudophallus_starksii_STRIBFT05080|Syngnathidae_Syngnathus_abaster_CEO125|Syngnathidae_Syngnathus_acus_CEO109|Syngnathidae_Syngnathus_auliscus_CEO25|Syngnathidae_Syngnathus_californiensis_CEO56|Syngnathidae_Syngnathus_exilis_CEO57|Syngnathidae_Syngnathus_floridae_CEO105|Syngnathidae_Syngnathus_fuscus_CEO123|Syngnathidae_Syngnathus_leptorhynchus_CEO12|Syngnathidae_Syngnathus_louisianae_CEO104|Syngnathidae_Syngnathus_pelagicus_CEO99|Syngnathidae_Syngnathus_rostellatus_CEO110|Syngnathidae_Syngnathus_scovelli_CEO71|Syngnathidae_Syngnathus_springeri_CEO100|Syngnathidae_Syngnathus_taenionotus_CEO126|Syngnathidae_Syngnathus_typhle_CEO111",6.5026,229,230,0.007294479848,0.00112177895734014,-6.79283949900844,"MCMCTree"
"clade:Syngnathidae_Bryx_randalli_USNMAC5ZB14|Syngnathidae_Cosmocampus_arctus_CEO26",1.7402,233,234,0.001100901855,0.000632629499482818,-7.36562561605411,"MCMCTree"
"clade:Syngnathidae_Choeroichthys_sculptus_CEO3|Syngnathidae_Doryichthys_boaja_CEO141|Syngnathidae_Doryichthys_martensii_CEO19|Syngnathidae_Doryrhamphus_excisus_CEO137|Syngnathidae_Doryrhamphus_janssi_CEO2|Syngnathidae_Doryrhamphus_melanopleura_CSIROGT3241|Syngnathidae_Dunckerocampus_boylei_CEO51|Syngnathidae_Dunckerocampus_dactyliophorus_CEO35|Syngnathidae_Dunckerocampus_pessuliferus_CEO140|Syngnathidae_Entelurus_aequoreus_CEO113|Syngnathidae_Microphis_brachyurus_CEO116|Syngnathidae_Microphis_cuncalus_CEO17|Syngnathidae_Microphis_deocata_CEO18|Syngnathidae_Microphis_lineatus_STRIBFT18819|Syngnathidae_Nerophis_ophidion_CEO112",16.8453,181,182,0.02840719678,0.0016863574278879,-6.38518444430975,"MCMCTree"
"clade:Syngnathidae_Choeroichthys_sculptus_CEO3|Syngnathidae_Doryichthys_boaja_CEO141|Syngnathidae_Doryichthys_martensii_CEO19|Syngnathidae_Doryrhamphus_excisus_CEO137|Syngnathidae_Doryrhamphus_janssi_CEO2|Syngnathidae_Doryrhamphus_melanopleura_CSIROGT3241|Syngnathidae_Dunckerocampus_boylei_CEO51|Syngnathidae_Dunckerocampus_dactyliophorus_CEO35|Syngnathidae_Dunckerocampus_pessuliferus_CEO140|Syngnathidae_Microphis_brachyurus_CEO116|Syngnathidae_Microphis_cuncalus_CEO17|Syngnathidae_Microphis_deocata_CEO18|Syngnathidae_Microphis_lineatus_STRIBFT18819",13.7198,182,184,0.01378441367,0.00100470951981807,-6.90305681425666,"MCMCTree"
"clade:Syngnathidae_Choeroichthys_sculptus_CEO3|Syngnathidae_Doryichthys_boaja_CEO141|Syngnathidae_Doryichthys_martensii_CEO19|Syngnathidae_Microphis_brachyurus_CEO116|Syngnathidae_Microphis_cuncalus_CEO17|Syngnathidae_Microphis_deocata_CEO18|Syngnathidae_Microphis_lineatus_STRIBFT18819",3.1468,184,190,0.002408628343,0.0007654214894496,-7.17508390926332,"MCMCTree"
"clade:Syngnathidae_Corythoichthys_amplexus_CEO80|Syngnathidae_Corythoichthys_flavofasciatus_CEO92|Syngnathidae_Corythoichthys_haematopterus_CEO34|Syngnathidae_Corythoichthys_intestinalis_CEO86",3.2551,199,200,0.002517421931,0.000773377755214893,-7.16474294153354,"MCMCTree"
"clade:Syngnathidae_Corythoichthys_amplexus_CEO80|Syngnathidae_Corythoichthys_flavofasciatus_CEO92|Syngnathidae_Corythoichthys_haematopterus_CEO34|Syngnathidae_Corythoichthys_intestinalis_CEO86|Syngnathidae_Corythoichthys_schultzi_CEO72",18.0829,198,199,0.01347852544,0.000745374107029293,-7.20162430853709,"MCMCTree"
"clade:Syngnathidae_Corythoichthys_amplexus_CEO80|Syngnathidae_Corythoichthys_flavofasciatus_CEO92|Syngnathidae_Corythoichthys_haematopterus_CEO34|Syngnathidae_Corythoichthys_intestinalis_CEO86|Syngnathidae_Corythoichthys_schultzi_CEO72|Syngnathidae_Phycodurus_eques_CEO50|Syngnathidae_Phyllopteryx_taeniolatus_CEO83|Syngnathidae_Solegnathus_guentheri_CSIROGT192|Syngnathidae_Solegnathus_hardwickii_CSIRODGQ0572a|Syngnathidae_Solegnathus_spinosissimus_CSIROGT7988|Syngnathidae_Stigmatopora_nigra_CEO153|Syngnathidae_Syngnathoides_biaculeatus_CEO101",1.6083,196,197,0.001126186374,0.00070023401977243,-7.26409596483072,"MCMCTree"
"clade:Syngnathidae_Corythoichthys_amplexus_CEO80|Syngnathidae_Corythoichthys_flavofasciatus_CEO92|Syngnathidae_Corythoichthys_haematopterus_CEO34|Syngnathidae_Corythoichthys_intestinalis_CEO86|Syngnathidae_Corythoichthys_schultzi_CEO72|Syngnathidae_Stigmatopora_nigra_CEO153",20.1197,197,198,0.03251926063,0.00161628953861141,-6.42762216499945,"MCMCTree"
"clade:Syngnathidae_Corythoichthys_flavofasciatus_CEO92|Syngnathidae_Corythoichthys_haematopterus_CEO34|Syngnathidae_Corythoichthys_intestinalis_CEO86",3.3909,200,201,0.002648026386,0.000780921403167301,-7.15503604933817,"MCMCTree"
"clade:Syngnathidae_Corythoichthys_flavofasciatus_CEO92|Syngnathidae_Corythoichthys_intestinalis_CEO86",1.8089,201,202,0.001331994573,0.000736356113107413,-7.21379670692202,"MCMCTree"
"clade:Syngnathidae_Doryichthys_boaja_CEO141|Syngnathidae_Doryichthys_martensii_CEO19",5.309,193,194,0.003277983777,0.000617439023733283,-7.38993024132858,"MCMCTree"
"clade:Syngnathidae_Doryichthys_boaja_CEO141|Syngnathidae_Doryichthys_martensii_CEO19|Syngnathidae_Microphis_brachyurus_CEO116|Syngnathidae_Microphis_cuncalus_CEO17|Syngnathidae_Microphis_deocata_CEO18|Syngnathidae_Microphis_lineatus_STRIBFT18819",12.6169,190,191,0.01424489526,0.00112903290507177,-6.78639384891447,"MCMCTree"
"clade:Syngnathidae_Doryichthys_boaja_CEO141|Syngnathidae_Doryichthys_martensii_CEO19|Syngnathidae_Microphis_brachyurus_CEO116|Syngnathidae_Microphis_lineatus_STRIBFT18819",2.7965,191,193,0.001872981463,0.00066975915000894,-7.30859238780542,"MCMCTree"
"clade:Syngnathidae_Doryrhamphus_excisus_CEO137|Syngnathidae_Doryrhamphus_janssi_CEO2|Syngnathidae_Doryrhamphus_melanopleura_CSIROGT3241",8.0878,185,188,0.00638788793,0.000789817741536635,-7.14370834603579,"MCMCTree"
"clade:Syngnathidae_Doryrhamphus_excisus_CEO137|Syngnathidae_Doryrhamphus_janssi_CEO2|Syngnathidae_Doryrhamphus_melanopleura_CSIROGT3241|Syngnathidae_Dunckerocampus_boylei_CEO51|Syngnathidae_Dunckerocampus_dactyliophorus_CEO35|Syngnathidae_Dunckerocampus_pessuliferus_CEO140",5.0843,184,185,0.003103129861,0.000610335712094094,-7.40150140448743,"MCMCTree"
"clade:Syngnathidae_Doryrhamphus_excisus_CEO137|Syngnathidae_Doryrhamphus_melanopleura_CSIROGT3241",14.5601,188,189,0.01972113141,0.00135446400848895,-6.60434946859803,"MCMCTree"
"clade:Syngnathidae_Dunckerocampus_boylei_CEO51|Syngnathidae_Dunckerocampus_dactyliophorus_CEO35|Syngnathidae_Dunckerocampus_pessuliferus_CEO140",19.9968,185,186,0.01036392622,0.000518279235677708,-7.56499639593326,"MCMCTree"
"clade:Syngnathidae_Dunckerocampus_dactyliophorus_CEO35|Syngnathidae_Dunckerocampus_pessuliferus_CEO140",3.4655,186,187,0.002647359085,0.000763918362429664,-7.17704962996576,"MCMCTree"
"clade:Syngnathidae_Entelurus_aequoreus_CEO113|Syngnathidae_Nerophis_ophidion_CEO112",28.2563,182,183,0.05513375106,0.00195120207033476,-6.23930965000595,"MCMCTree"
"clade:Syngnathidae_Festucalex_wassi_CEO10|Syngnathidae_Hippichthys_penicillus_CEO121|Syngnathidae_Hypselognathus_rostratus_CEO108|Syngnathidae_Micrognathus_andersonii_USNMAG9RQ99|Syngnathidae_Siokunichthys_nigrolineatus_CEO102|Syngnathidae_Vanacampus_phillipi_CEO106|Syngnathidae_Vanacampus_poecilolaemus_CEO107",2.0996,208,209,0.001443869706,0.000687687991045913,-7.28217532428054,"MCMCTree"
"clade:Syngnathidae_Festucalex_wassi_CEO10|Syngnathidae_Hypselognathus_rostratus_CEO108|Syngnathidae_Micrognathus_andersonii_USNMAG9RQ99|Syngnathidae_Vanacampus_phillipi_CEO106|Syngnathidae_Vanacampus_poecilolaemus_CEO107",21.3006,209,211,0.01251255671,0.000587427429743763,-7.43975784341606,"MCMCTree"
"clade:Syngnathidae_Festucalex_wassi_CEO10|Syngnathidae_Micrognathus_andersonii_USNMAG9RQ99",7.4106,211,212,0.004122240414,0.000556262706663428,-7.49426988130486,"MCMCTree"
"clade:Syngnathidae_Filicampus_tigris_CSIROGT4369|Syngnathidae_Haliichthys_taeniophorus_CSIROGT4114|Syngnathidae_Hippocampus_abdominalis_CEO144|Syngnathidae_Hippocampus_barbouri_CEO9|Syngnathidae_Hippocampus_comes_CEO132|Syngnathidae_Hippocampus_erectus_CEO134|Syngnathidae_Hippocampus_ingens_CEO39|Syngnathidae_Hippocampus_kelloggi_UW153288|Syngnathidae_Hippocampus_kuda_CEO52|Syngnathidae_Hippocampus_reidi_CEO53|Syngnathidae_Hippocampus_subelongatus_CEO131|Syngnathidae_Hippocampus_zosterae_USNMAC2WR35|Syngnathidae_Idiotropiscis_lumnitzeri_CEO91|Syngnathidae_Trachyrhamphus_bicoarctatus_CEO7",4.9333,215,216,0.003537362856,0.000717037856201731,-7.24038192070859,"MCMCTree"
"clade:Syngnathidae_Filicampus_tigris_CSIROGT4369|Syngnathidae_Haliichthys_taeniophorus_CSIROGT4114|Syngnathidae_Idiotropiscis_lumnitzeri_CEO91|Syngnathidae_Trachyrhamphus_bicoarctatus_CEO7",3.1596,216,217,0.00207115859,0.000655512909862008,-7.33009256027557,"MCMCTree"
"clade:Syngnathidae_Filicampus_tigris_CSIROGT4369|Syngnathidae_Haliichthys_taeniophorus_CSIROGT4114|Syngnathidae_Trachyrhamphus_bicoarctatus_CEO7",16.0892,217,218,0.0085970072,0.000534334037739602,-7.53448937573374,"MCMCTree"
"clade:Syngnathidae_Filicampus_tigris_CSIROGT4369|Syngnathidae_Trachyrhamphus_bicoarctatus_CEO7",4.1384,218,219,0.002915403303,0.00070447595761647,-7.258056354083,"MCMCTree"
"clade:Syngnathidae_Hippichthys_penicillus_CEO121|Syngnathidae_Siokunichthys_nigrolineatus_CEO102",14.0241,209,210,0.01639148498,0.00116880833565077,-6.75177056575071,"MCMCTree"
"clade:Syngnathidae_Hippocampus_abdominalis_CEO144|Syngnathidae_Hippocampus_barbouri_CEO9|Syngnathidae_Hippocampus_comes_CEO132|Syngnathidae_Hippocampus_erectus_CEO134|Syngnathidae_Hippocampus_ingens_CEO39|Syngnathidae_Hippocampus_kelloggi_UW153288|Syngnathidae_Hippocampus_kuda_CEO52|Syngnathidae_Hippocampus_reidi_CEO53|Syngnathidae_Hippocampus_subelongatus_CEO131|Syngnathidae_Hippocampus_zosterae_USNMAC2WR35",22.6521,216,220,0.03435911025,0.00151681787781265,-6.49114064000037,"MCMCTree"
"clade:Syngnathidae_Hippocampus_barbouri_CEO9|Syngnathidae_Hippocampus_comes_CEO132|Syngnathidae_Hippocampus_erectus_CEO134|Syngnathidae_Hippocampus_ingens_CEO39|Syngnathidae_Hippocampus_kelloggi_UW153288|Syngnathidae_Hippocampus_kuda_CEO52|Syngnathidae_Hippocampus_reidi_CEO53|Syngnathidae_Hippocampus_subelongatus_CEO131|Syngnathidae_Hippocampus_zosterae_USNMAC2WR35",1.3888,220,221,0.001017867071,0.000732911197436636,-7.21848601288934,"MCMCTree"
"clade:Syngnathidae_Hippocampus_barbouri_CEO9|Syngnathidae_Hippocampus_comes_CEO132|Syngnathidae_Hippocampus_subelongatus_CEO131",7.2615,221,222,0.003005850908,0.000413943525166977,-7.78978100608416,"MCMCTree"
"clade:Syngnathidae_Hippocampus_comes_CEO132|Syngnathidae_Hippocampus_subelongatus_CEO131",0.8098,222,223,0.0005767839967,0.000712254873672512,-7.24707474196662,"MCMCTree"
"clade:Syngnathidae_Hippocampus_erectus_CEO134|Syngnathidae_Hippocampus_ingens_CEO39|Syngnathidae_Hippocampus_kelloggi_UW153288|Syngnathidae_Hippocampus_kuda_CEO52|Syngnathidae_Hippocampus_reidi_CEO53|Syngnathidae_Hippocampus_zosterae_USNMAC2WR35",1.3279,221,224,0.001171215073,0.000882005477069056,-7.0333122921479,"MCMCTree"
"clade:Syngnathidae_Hippocampus_erectus_CEO134|Syngnathidae_Hippocampus_ingens_CEO39|Syngnathidae_Hippocampus_kuda_CEO52|Syngnathidae_Hippocampus_reidi_CEO53|Syngnathidae_Hippocampus_zosterae_USNMAC2WR35",0.8142,224,225,0.0005954818315,0.000731370463645296,-7.22059043637684,"MCMCTree"
"clade:Syngnathidae_Hippocampus_erectus_CEO134|Syngnathidae_Hippocampus_zosterae_USNMAC2WR35",3.3429,225,226,0.003290410274,0.000984298146519489,-6.92358171237519,"MCMCTree"
"clade:Syngnathidae_Hippocampus_ingens_CEO39|Syngnathidae_Hippocampus_kuda_CEO52|Syngnathidae_Hippocampus_reidi_CEO53",3.4834,225,227,0.002791407986,0.000801345807544353,-7.12921798427937,"MCMCTree"
"clade:Syngnathidae_Hippocampus_ingens_CEO39|Syngnathidae_Hippocampus_reidi_CEO53",2.6905,227,228,0.002226740579,0.000827630767143653,-7.09694343643827,"MCMCTree"
"clade:Syngnathidae_Hypselognathus_rostratus_CEO108|Syngnathidae_Vanacampus_phillipi_CEO106|Syngnathidae_Vanacampus_poecilolaemus_CEO107",9.8044,211,213,0.008960672249,0.000913943968932316,-6.99774129152675,"MCMCTree"
"clade:Syngnathidae_Microphis_brachyurus_CEO116|Syngnathidae_Microphis_lineatus_STRIBFT18819",13.1854,193,195,0.01612587058,0.00122300958484384,-6.70644058515013,"MCMCTree"
"clade:Syngnathidae_Microphis_cuncalus_CEO17|Syngnathidae_Microphis_deocata_CEO18",3.8972,191,192,0.003362878182,0.000862895971979883,-7.05521641646429,"MCMCTree"
"clade:Syngnathidae_Phycodurus_eques_CEO50|Syngnathidae_Phyllopteryx_taeniolatus_CEO83",7.3653,206,207,0.00798041627,0.0010835154399685,-6.8275444870031,"MCMCTree"
"clade:Syngnathidae_Phycodurus_eques_CEO50|Syngnathidae_Phyllopteryx_taeniolatus_CEO83|Syngnathidae_Solegnathus_guentheri_CSIROGT192|Syngnathidae_Solegnathus_hardwickii_CSIRODGQ0572a|Syngnathidae_Solegnathus_spinosissimus_CSIROGT7988",13.1299,203,204,0.008280235404,0.000630639639601216,-7.3687759526938,"MCMCTree"
"clade:Syngnathidae_Phycodurus_eques_CEO50|Syngnathidae_Phyllopteryx_taeniolatus_CEO83|Syngnathidae_Solegnathus_guentheri_CSIROGT192|Syngnathidae_Solegnathus_hardwickii_CSIRODGQ0572a|Syngnathidae_Solegnathus_spinosissimus_CSIROGT7988|Syngnathidae_Syngnathoides_biaculeatus_CEO101",19.7689,197,203,0.02199761582,0.00111273848418475,-6.80093119909085,"MCMCTree"
"clade:Syngnathidae_Phycodurus_eques_CEO50|Syngnathidae_Phyllopteryx_taeniolatus_CEO83|Syngnathidae_Solegnathus_spinosissimus_CSIROGT7988",0.8115,204,206,0.0005495959522,0.000677259337276648,-7.29745629004849,"MCMCTree"
"clade:Syngnathidae_Pseudophallus_starksii_STRIBFT05080|Syngnathidae_Syngnathus_abaster_CEO125|Syngnathidae_Syngnathus_acus_CEO109|Syngnathidae_Syngnathus_auliscus_CEO25|Syngnathidae_Syngnathus_californiensis_CEO56|Syngnathidae_Syngnathus_exilis_CEO57|Syngnathidae_Syngnathus_floridae_CEO105|Syngnathidae_Syngnathus_fuscus_CEO123|Syngnathidae_Syngnathus_leptorhynchus_CEO12|Syngnathidae_Syngnathus_louisianae_CEO104|Syngnathidae_Syngnathus_pelagicus_CEO99|Syngnathidae_Syngnathus_rostellatus_CEO110|Syngnathidae_Syngnathus_scovelli_CEO71|Syngnathidae_Syngnathus_springeri_CEO100|Syngnathidae_Syngnathus_taenionotus_CEO126|Syngnathidae_Syngnathus_typhle_CEO111",8.7263,230,235,0.01473716049,0.00168882120600942,-6.38372450465832,"MCMCTree"
"clade:Syngnathidae_Solegnathus_guentheri_CSIROGT192|Syngnathidae_Solegnathus_hardwickii_CSIRODGQ0572a",9.6207,204,205,0.006040656074,0.00062788113900236,-7.37315967851426,"MCMCTree"
"clade:Syngnathidae_Syngnathus_abaster_CEO125|Syngnathidae_Syngnathus_acus_CEO109|Syngnathidae_Syngnathus_auliscus_CEO25|Syngnathidae_Syngnathus_californiensis_CEO56|Syngnathidae_Syngnathus_exilis_CEO57|Syngnathidae_Syngnathus_floridae_CEO105|Syngnathidae_Syngnathus_fuscus_CEO123|Syngnathidae_Syngnathus_leptorhynchus_CEO12|Syngnathidae_Syngnathus_louisianae_CEO104|Syngnathidae_Syngnathus_pelagicus_CEO99|Syngnathidae_Syngnathus_rostellatus_CEO110|Syngnathidae_Syngnathus_scovelli_CEO71|Syngnathidae_Syngnathus_springeri_CEO100|Syngnathidae_Syngnathus_taenionotus_CEO126|Syngnathidae_Syngnathus_typhle_CEO111",8.9334,235,236,0.0152190938,0.00170361718942396,-6.37500152990744,"MCMCTree"
"clade:Syngnathidae_Syngnathus_abaster_CEO125|Syngnathidae_Syngnathus_acus_CEO109|Syngnathidae_Syngnathus_floridae_CEO105|Syngnathidae_Syngnathus_fuscus_CEO123|Syngnathidae_Syngnathus_louisianae_CEO104|Syngnathidae_Syngnathus_pelagicus_CEO99|Syngnathidae_Syngnathus_rostellatus_CEO110|Syngnathidae_Syngnathus_scovelli_CEO71|Syngnathidae_Syngnathus_springeri_CEO100|Syngnathidae_Syngnathus_taenionotus_CEO126|Syngnathidae_Syngnathus_typhle_CEO111",3.8318,236,240,0.003508417218,0.000915605516467457,-6.99592494492863,"MCMCTree"
"clade:Syngnathidae_Syngnathus_abaster_CEO125|Syngnathidae_Syngnathus_acus_CEO109|Syngnathidae_Syngnathus_rostellatus_CEO110|Syngnathidae_Syngnathus_taenionotus_CEO126|Syngnathidae_Syngnathus_typhle_CEO111",2.112,240,241,0.002328077012,0.00110230919128788,-6.8103480347481,"MCMCTree"
"clade:Syngnathidae_Syngnathus_abaster_CEO125|Syngnathidae_Syngnathus_rostellatus_CEO110|Syngnathidae_Syngnathus_taenionotus_CEO126|Syngnathidae_Syngnathus_typhle_CEO111",2.6724,241,242,0.003965725485,0.00148395655029187,-6.51304341344464,"MCMCTree"
"clade:Syngnathidae_Syngnathus_auliscus_CEO25|Syngnathidae_Syngnathus_californiensis_CEO56|Syngnathidae_Syngnathus_exilis_CEO57|Syngnathidae_Syngnathus_leptorhynchus_CEO12",8.4987,236,237,0.01050383679,0.00123593452998694,-6.69592789061579,"MCMCTree"
"clade:Syngnathidae_Syngnathus_californiensis_CEO56|Syngnathidae_Syngnathus_exilis_CEO57|Syngnathidae_Syngnathus_leptorhynchus_CEO12",2.9855,237,238,0.001997410765,0.000669037268464244,-7.30967079166832,"MCMCTree"
"clade:Syngnathidae_Syngnathus_californiensis_CEO56|Syngnathidae_Syngnathus_leptorhynchus_CEO12",0.9199,238,239,0.0005601216252,0.000608894037612784,-7.40386629946078,"MCMCTree"
"clade:Syngnathidae_Syngnathus_floridae_CEO105|Syngnathidae_Syngnathus_fuscus_CEO123|Syngnathidae_Syngnathus_louisianae_CEO104|Syngnathidae_Syngnathus_pelagicus_CEO99|Syngnathidae_Syngnathus_scovelli_CEO71",1.5693,245,246,0.0009560281216,0.000609206730134455,-7.40335288950847,"MCMCTree"
"clade:Syngnathidae_Syngnathus_floridae_CEO105|Syngnathidae_Syngnathus_fuscus_CEO123|Syngnathidae_Syngnathus_louisianae_CEO104|Syngnathidae_Syngnathus_pelagicus_CEO99|Syngnathidae_Syngnathus_scovelli_CEO71|Syngnathidae_Syngnathus_springeri_CEO100",1.9445,240,245,0.0009658316456,0.000496699226330676,-7.60752589347111,"MCMCTree"
"clade:Syngnathidae_Syngnathus_floridae_CEO105|Syngnathidae_Syngnathus_louisianae_CEO104|Syngnathidae_Syngnathus_pelagicus_CEO99",1.0652,246,248,0.000675110204,0.000633787273751408,-7.36379719019051,"MCMCTree"
"clade:Syngnathidae_Syngnathus_fuscus_CEO123|Syngnathidae_Syngnathus_scovelli_CEO71",3.2486,246,247,0.002132070507,0.000656304410207474,-7.32888583670301,"MCMCTree"
"clade:Syngnathidae_Syngnathus_louisianae_CEO104|Syngnathidae_Syngnathus_pelagicus_CEO99",3.5817,248,249,0.002694784281,0.00075237576597705,-7.19227467001804,"MCMCTree"
"clade:Syngnathidae_Syngnathus_rostellatus_CEO110|Syngnathidae_Syngnathus_taenionotus_CEO126",1.2501,243,244,0.001344444452,0.00107546952403808,-6.83499794621021,"MCMCTree"
"clade:Syngnathidae_Syngnathus_rostellatus_CEO110|Syngnathidae_Syngnathus_taenionotus_CEO126|Syngnathidae_Syngnathus_typhle_CEO111",1.7995,242,243,0.002452056232,0.00136263197110308,-6.59833717659226,"MCMCTree"
"clade:Syngnathidae_Vanacampus_phillipi_CEO106|Syngnathidae_Vanacampus_poecilolaemus_CEO107",7.1129,213,214,0.005341480827,0.00075095682871965,-7.19416239291285,"MCMCTree"
"tip:Aulostomidae_Aulostomus_maculatus_CEO156",58.5815,169,2,0.02395826691,0.000408973257939793,-7.80186078806939,"MCMCTree"
"tip:Bramidae_Taractichthys_longipinnis_CEO67",94.4568,165,1,0.01069697363,0.000113247258323382,-9.08593700295924,"MCMCTree"
"tip:Callionymidae_Anaora_tentaculata_CEO61",43.8548,303,139,0.04576043233,0.00104345322131215,-6.86521966109378,"MCMCTree"
"tip:Callionymidae_Callionymus_australis_CSIROGT893",3.9598,322,158,0.002183384858,0.000551387660487903,-7.50307243813803,"MCMCTree"
"tip:Callionymidae_Callionymus_bairdi_USNMAC4YY15",25.432,319,154,0.03914137144,0.00153905990248506,-6.47658350189063,"MCMCTree"
"tip:Callionymidae_Callionymus_belcheri_CEO149",12.8011,327,164,0.02613317846,0.00204147912757497,-6.19408067132011,"MCMCTree"
"tip:Callionymidae_Callionymus_calcaratus_CEO76",12.7294,324,159,0.01045714688,0.000821495662010778,-7.10438390107207,"MCMCTree"
"tip:Callionymidae_Callionymus_curvicornis_CEO154",23.7684,325,161,0.01498146792,0.000630310324632706,-7.36929828107373,"MCMCTree"
"tip:Callionymidae_Callionymus_delicatulus_CEO94",22.6695,305,141,0.01891638041,0.000834441889322658,-7.08874745261039,"MCMCTree"
"tip:Callionymidae_Callionymus_grossi_CEO150",27.8411,318,153,0.0166681591,0.00059868895625532,-7.42076836641102,"MCMCTree"
"tip:Callionymidae_Callionymus_limiceps_CEO152",12.7294,324,160,0.01831701732,0.00143895370716609,-6.54383902173608,"MCMCTree"
"tip:Callionymidae_Callionymus_lunatus_CEO4",1.7223,316,151,0.001522782075,0.000884156113917436,-7.03087691146437,"MCMCTree"
"tip:Callionymidae_Callionymus_marquesensis_USNMAG7PU28",22.6695,305,140,0.02757238703,0.0012162768049582,-6.71196088568681,"MCMCTree"
"tip:Callionymidae_Callionymus_moretonensis_CSIROGT6463",1.7223,316,152,0.001011867605,0.00058750949602276,-7.43961814863359,"MCMCTree"
"tip:Callionymidae_Callionymus_ogilbyi_CSIROGT4778",0.5422,321,155,0.0003548559094,0.000654474196606418,-7.33167839798061,"MCMCTree"
"tip:Callionymidae_Callionymus_russelli_CSIRODGQ0686b",12.8011,327,163,0.02066340581,0.0016141898594652,-6.42892208317452,"MCMCTree"
"tip:Callionymidae_Callionymus_scaber_CEO64",0.5422,321,156,0.0005542736373,0.00102226786665437,-6.88573172109836,"MCMCTree"
"tip:Callionymidae_Callionymus_sereti_CSIROGT4601",3.9598,322,157,0.006124137735,0.00154657753800697,-6.47171082936114,"MCMCTree"
"tip:Callionymidae_Dactylopus_dactylopus_CSIROGT4079",33.1143,308,143,0.01970907314,0.000595183142630223,-7.42664139704032,"MCMCTree"
"tip:Callionymidae_Diplogrammus_goramensis_CEO93",35.6929,307,142,0.02822248192,0.000790702966696458,-7.142588176907,"MCMCTree"
"tip:Callionymidae_Draculo_mirabilis_CEO155",19.6849,326,162,0.04986464941,0.00253314212467424,-5.97829480030877,"MCMCTree"
"tip:Callionymidae_Synchiropus_agassizii_CEO81",0.8098,302,138,0.0006708464836,0.000828410081007656,-7.09600225926574,"MCMCTree"
"tip:Callionymidae_Synchiropus_altivelis_CEO148",0.8728,299,133,0.000529022463,0.000606121062098992,-7.40843081940624,"MCMCTree"
"tip:Callionymidae_Synchiropus_apricus_CSIROGT882",8.2159,297,131,0.004493453366,0.000546921623437481,-7.51120505020066,"MCMCTree"
"tip:Callionymidae_Synchiropus_atrilabiatus_CEO85",3.2184,300,135,0.002681358273,0.0008331339401566,-7.09031613621824,"MCMCTree"
"tip:Callionymidae_Synchiropus_calauropomus_CSIROGT4799",8.2159,297,132,0.004353342435,0.000529867991942453,-7.54288265424833,"MCMCTree"
"tip:Callionymidae_Synchiropus_goodenbeani_CEO82",0.8098,302,137,0.0009740946044,0.00120288293949123,-6.72303415388033,"MCMCTree"
"tip:Callionymidae_Synchiropus_masudai_CEO74",0.8728,299,134,0.0007194989901,0.00082435722972044,-7.10090659078818,"MCMCTree"
"tip:Callionymidae_Synchiropus_morrisoni_USNMAC1VE19",1.5039,314,149,0.0009049192652,0.000601715051000731,-7.41572656192296,"MCMCTree"
"tip:Callionymidae_Synchiropus_moyeri_CEO89",1.5039,314,150,0.001412893,0.000939486003058714,-6.97017763750943,"MCMCTree"
"tip:Callionymidae_Synchiropus_ocellatus_CEO24",2.016,313,147,0.001698023164,0.00084227339484127,-7.07940589946347,"MCMCTree"
"tip:Callionymidae_Synchiropus_phaeton_USNM405116",1.3567,301,136,0.0009825899051,0.000724249948477924,-7.23037399245334,"MCMCTree"
"tip:Callionymidae_Synchiropus_picturatus_CEO23",5.8513,310,145,0.0053209473,0.000909361560678823,-7.00276778634859,"MCMCTree"
"tip:Callionymidae_Synchiropus_rameus_CSIROGT4623",11.9877,311,146,0.007060798962,0.000589003642233289,-7.4370781905741,"MCMCTree"
"tip:Callionymidae_Synchiropus_splendidus_CEO135",5.8513,310,144,0.005377590115,0.000919041941961615,-6.99217879795401,"MCMCTree"
"tip:Callionymidae_Synchiropus_stellatus_CEO78",2.016,313,148,0.001530416301,0.000759135069940476,-7.18333083864041,"MCMCTree"
"tip:Centriscidae_Aeoliscus_strigatus_CEO32",15.2594,173,6,0.009393353137,0.000615578144422454,-7.39294865951729,"MCMCTree"
"tip:Centriscidae_Centriscops_humerosus_CSIROGT8057",5.4465,175,9,0.003139639477,0.000576450835766088,-7.45862050243627,"MCMCTree"
"tip:Centriscidae_Centriscus_cristatus_CSIROGT4449",3.0275,174,7,0.002139631012,0.000706731961023947,-7.25485908555933,"MCMCTree"
"tip:Centriscidae_Centriscus_scutatus_CEO59",3.0275,174,8,0.003098509264,0.00102345475276631,-6.8845713621779,"MCMCTree"
"tip:Centriscidae_Macroramphosus_gracilis_CEO68",1.2376,178,12,0.001691651701,0.00136688081851972,-6.59522390973775,"MCMCTree"
"tip:Centriscidae_Macroramphosus_scolopax_CEO28",1.2376,178,13,0.001126231587,0.000910012594537815,-7.00205211839771,"MCMCTree"
"tip:Centriscidae_Notopogon_fernandezianus_CSIROGT902",3.8841,177,11,0.002652088838,0.00068280652866816,-7.28929900547845,"MCMCTree"
"tip:Centriscidae_Notopogon_lilliei_CSIROGT7994",4.4323,176,10,0.001971038438,0.000444698787988178,-7.7181133859108,"MCMCTree"
"tip:Dactylopteridae_Dactyloptena_orientalis_CEO33",2.9366,256,92,0.003298249834,0.0011231525689573,-6.79161575407681,"MCMCTree"
"tip:Dactylopteridae_Dactyloptena_papilio_CSIROGT6501",5.2682,255,90,0.004596748308,0.000872546279184541,-7.04409486324905,"MCMCTree"
"tip:Dactylopteridae_Dactyloptena_peterseni_CEO69",2.9366,256,91,0.002363681985,0.000804904306000136,-7.12478716214584,"MCMCTree"
"tip:Dactylopteridae_Dactylopterus_volitans_CEO70",15.4861,254,89,0.01119478361,0.000722892375097668,-7.23225020567215,"MCMCTree"
"tip:Draconettidae_Draconetta_xenica_CSIROGT11264",68.4741,294,130,0.07823460405,0.0011425430060417,-6.77449879385473,"MCMCTree"
"tip:Fistulariidae_Fistularia_commersonii_CEO40B",2.2499,171,3,0.001835693266,0.000815899935997155,-7.11121883797399,"MCMCTree"
"tip:Fistulariidae_Fistularia_corneta_CEO62",2.2499,171,4,0.002665705022,0.00118481044579759,-6.73817247854247,"MCMCTree"
"tip:Fistulariidae_Fistularia_petimba_CEO88",6.0489,170,5,0.003619182876,0.000598320831225512,-7.42138344081603,"MCMCTree"
"tip:Mullidae_Mulloidichthys_dentatus_CEO43",3.1396,272,106,0.0009264055598,0.000295071206459422,-8.12829385292285,"MCMCTree"
"tip:Mullidae_Mulloidichthys_flavolineatus_KU5644",4.5501,271,105,0.001750495491,0.000384715828443331,-7.86300560415167,"MCMCTree"
"tip:Mullidae_Mulloidichthys_martinicus_CEO27",2.8888,273,107,0.000477953853,0.000165450655289394,-8.7068375629554,"MCMCTree"
"tip:Mullidae_Mulloidichthys_vanicolensis_CEO44",2.8888,273,108,0.0005205667574,0.000180201729922459,-8.62143361282247,"MCMCTree"
"tip:Mullidae_Mullus_argentinae_UNMDPT0134",0.9073,276,109,0.0006540384025,0.000720862341562879,-7.23506236600548,"MCMCTree"
"tip:Mullidae_Mullus_auratus_CEO95",0.9073,276,110,0.0008993830309,0.000991274144053786,-6.91651942813274,"MCMCTree"
"tip:Mullidae_Parupeneus_barberinoides_CEO30",4.4654,282,117,0.002492667117,0.000558218102969499,-7.49076080641426,"MCMCTree"
"tip:Mullidae_Parupeneus_barberinus_CEO47",1.7836,285,119,0.002060643566,0.00115532830567392,-6.76337072806228,"MCMCTree"
"tip:Mullidae_Parupeneus_crassilabris_USNMAG9RE44",0.6925,293,128,0.0007933794583,0.00114567430801444,-6.77176190002204,"MCMCTree"
"tip:Mullidae_Parupeneus_cyclostomus_CEO45",2.8845,289,124,0.002674288432,0.000927123741376322,-6.98342351546401,"MCMCTree"
"tip:Mullidae_Parupeneus_forsskali_FMNHRS1304T54",1.6554,291,125,0.001327246682,0.000801767960613749,-7.1286913178786,"MCMCTree"
"tip:Mullidae_Parupeneus_inayatae_CSIROIN00502",1.1287,287,120,0.0006093346302,0.000539855258438912,-7.52420949426302,"MCMCTree"
"tip:Mullidae_Parupeneus_indicus_USNMAG9RD89",1.7836,285,118,0.001772929666,0.000994017529715183,-6.91375571593485,"MCMCTree"
"tip:Mullidae_Parupeneus_insularis_USNMAG5NQ87",0.6925,293,127,0.0003544535052,0.000511846216895307,-7.57748633566751,"MCMCTree"
"tip:Mullidae_Parupeneus_jansenii_CSIROGT4602",1.8585,288,123,0.003161191022,0.00170093678880818,-6.37657612745339,"MCMCTree"
"tip:Mullidae_Parupeneus_multifasciatus_CEO46",1.3213,292,129,0.001822080287,0.0013790057420722,-6.58639251624041,"MCMCTree"
"tip:Mullidae_Parupeneus_pleurostigma_KU743",1.1287,287,121,0.0009485306177,0.00084037442872331,-7.08166301696312,"MCMCTree"
"tip:Mullidae_Parupeneus_procerigena_KU6817",1.8585,288,122,0.002001598368,0.00107699670056497,-6.83357894435485,"MCMCTree"
"tip:Mullidae_Parupeneus_rubescens_CEO66",1.6554,291,126,0.001773875066,0.00107156884499215,-6.83863149407205,"MCMCTree"
"tip:Mullidae_Pseudupeneus_grandisquamis_CEO41",3.7903,280,114,0.00420507517,0.00110943069677862,-6.80390828101383,"MCMCTree"
"tip:Mullidae_Pseudupeneus_maculatus_CEO55",2.5901,281,116,0.002240511638,0.000865029009690746,-7.05274751438002,"MCMCTree"
"tip:Mullidae_Pseudupeneus_prayensis_USNMAD9NF17",2.5901,281,115,0.001950877391,0.00075320543260878,-7.19117254850312,"MCMCTree"
"tip:Mullidae_Upeneichthys_lineatus_CEO63",1.5746,278,112,0.001077542063,0.000684327488250984,-7.28707397092954,"MCMCTree"
"tip:Mullidae_Upeneichthys_stotti_CSIROGT5950",2.0715,277,111,0.0009976125448,0.000481589449577601,-7.63841857123288,"MCMCTree"
"tip:Mullidae_Upeneichthys_vlamingii_CSIROGT266",1.5746,278,113,0.002137174479,0.00135728088339896,-6.60227193104528,"MCMCTree"
"tip:Mullidae_Upeneus_asymmetricus_CSIROIN01738",1.9473,269,104,0.002155229748,0.00110677848713603,-6.80630174723351,"MCMCTree"
"tip:Mullidae_Upeneus_australiae_CSIROGT4135",1.9473,269,103,0.0014950847,0.000767773173111488,-7.17201621595135,"MCMCTree"
"tip:Mullidae_Upeneus_filifer_CSIROCMR003702A",3.1446,265,98,0.002191108074,0.000696784352222858,-7.26903458930434,"MCMCTree"
"tip:Mullidae_Upeneus_guttatus_CSIROGT4122",2.6516,268,101,0.001827141648,0.000689071371247549,-7.28016570559902,"MCMCTree"
"tip:Mullidae_Upeneus_japonicus_KU10324",0.6552,266,99,0.000536032909,0.000818121045482296,-7.10850025494688,"MCMCTree"
"tip:Mullidae_Upeneus_moluccensis_KU6747",13.8246,262,96,0.007496500258,0.000542258022510597,-7.51976861351086,"MCMCTree"
"tip:Mullidae_Upeneus_nigromarginatus_USNMAG9RE99",7.1284,260,93,0.003556217192,0.000498880140283935,-7.60314469089715,"MCMCTree"
"tip:Mullidae_Upeneus_quadrilineatus_CSIROIN02060",3.2356,261,94,0.004160744969,0.00128592686642354,-6.65627552381683,"MCMCTree"
"tip:Mullidae_Upeneus_sulphureus_USNMAG9RC75",3.2356,261,95,0.002103980573,0.000650259788910867,-7.33813859967598,"MCMCTree"
"tip:Mullidae_Upeneus_sundaicus_CSIROGT4266",8.8468,263,97,0.00580044194,0.000655654241081521,-7.32987697949328,"MCMCTree"
"tip:Mullidae_Upeneus_torres_CSIROGT1917",0.6552,266,100,0.0004954703384,0.00075621236019536,-7.18718832150037,"MCMCTree"
"tip:Mullidae_Upeneus_tragula_CEO48",2.6516,268,102,0.003928083209,0.00148140111970131,-6.51476693654541,"MCMCTree"
"tip:Pegasidae_Eurypegasus_draconis_CEO49",37.3165,252,86,0.05004009254,0.00134096425281042,-6.61436633215168,"MCMCTree"
"tip:Pegasidae_Pegasus_tetrabelos_CSIROGT7822",13.3169,253,87,0.01300293292,0.000976423410853877,-6.93161424302881,"MCMCTree"
"tip:Pegasidae_Pegasus_volitans_CEO58",13.3169,253,88,0.01299602892,0.000975904971877839,-6.93214534117071,"MCMCTree"
"tip:Solenostomidae_Solenostomus_cyanopterus_CEO37",9.8407,180,14,0.00750359674,0.000762506400967411,-7.17889965480658,"MCMCTree"
"tip:Solenostomidae_Solenostomus_paradoxus_CEO42B",9.8407,180,15,0.009662702984,0.000981912159094373,-6.92600870463485,"MCMCTree"
"tip:Syngnathidae_Bryx_randalli_USNMAC5ZB14",10.4691,234,68,0.005051009029,0.000482468314277254,-7.6365953092333,"MCMCTree"
"tip:Syngnathidae_Choeroichthys_sculptus_CEO3",29.5565,190,24,0.02885969216,0.00097642454823812,-6.93161307818212,"MCMCTree"
"tip:Syngnathidae_Corythoichthys_amplexus_CEO80",6.2699,200,33,0.005803695484,0.000925644026858483,-6.98502081746572,"MCMCTree"
"tip:Syngnathidae_Corythoichthys_flavofasciatus_CEO92",1.0702,202,36,0.00085941242,0.000803039076808073,-7.12710718167966,"MCMCTree"
"tip:Syngnathidae_Corythoichthys_haematopterus_CEO34",2.8791,201,34,0.001993635323,0.000692450878052169,-7.27527325663943,"MCMCTree"
"tip:Syngnathidae_Corythoichthys_intestinalis_CEO86",1.0702,202,35,0.00080773082,0.000754747542515418,-7.18912724540725,"MCMCTree"
"tip:Syngnathidae_Corythoichthys_schultzi_CEO72",9.525,199,32,0.006421950676,0.000674220543412073,-7.30195328483045,"MCMCTree"
"tip:Syngnathidae_Cosmocampus_albirostris_USNMAC5ZM66",12.2094,233,67,0.01165860606,0.000954887714383999,-6.95391680095747,"MCMCTree"
"tip:Syngnathidae_Cosmocampus_arctus_CEO26",10.4691,234,69,0.009578789333,0.000914958242160262,-6.99663213071347,"MCMCTree"
"tip:Syngnathidae_Doryichthys_boaja_CEO141",8.8341,194,28,0.01041848922,0.00117934925119707,-6.7427924746631,"MCMCTree"
"tip:Syngnathidae_Doryichthys_martensii_CEO19",8.8341,194,27,0.004041168087,0.000457451023533806,-7.68984073136434,"MCMCTree"
"tip:Syngnathidae_Doryrhamphus_excisus_CEO137",4.9711,189,23,0.003802009932,0.000764822661382793,-7.17586656619692,"MCMCTree"
"tip:Syngnathidae_Doryrhamphus_janssi_CEO2",19.5312,188,21,0.01127451359,0.000577256573584828,-7.45722372203387,"MCMCTree"
"tip:Syngnathidae_Doryrhamphus_melanopleura_CSIROGT3241",4.9711,189,22,0.005365151298,0.00107926843113194,-6.83147184595207,"MCMCTree"
"tip:Syngnathidae_Dunckerocampus_boylei_CEO51",7.6222,186,18,0.005196453684,0.000681752470940149,-7.29084391183715,"MCMCTree"
"tip:Syngnathidae_Dunckerocampus_dactyliophorus_CEO35",4.1567,187,19,0.003074629711,0.000739680446267472,-7.20929229439949,"MCMCTree"
"tip:Syngnathidae_Dunckerocampus_pessuliferus_CEO140",4.1567,187,20,0.004255829861,0.00102384821156206,-6.88418699424854,"MCMCTree"
"tip:Syngnathidae_Enneacampus_ansorgii_CEO11",26.067,232,66,0.03270958239,0.00125482726780987,-6.68075735108224,"MCMCTree"
"tip:Syngnathidae_Entelurus_aequoreus_CEO113",18.1668,183,17,0.01053661235,0.000579992753264196,-7.45249494887394,"MCMCTree"
"tip:Syngnathidae_Festucalex_wassi_CEO10",12.6499,212,46,0.007348119834,0.000580883630226326,-7.45096011338295,"MCMCTree"
"tip:Syngnathidae_Filicampus_tigris_CSIROGT4369",12.5823,219,53,0.0112492259,0.000894051636028389,-7.0197470260377,"MCMCTree"
"tip:Syngnathidae_Halicampus_crinitus_CEO79",28.4786,231,65,0.01450161099,0.000509210810573553,-7.58264846100059,"MCMCTree"
"tip:Syngnathidae_Halicampus_dunckeri_CEO8",38.2151,229,64,0.03406808288,0.000891482238172869,-7.02262504438971,"MCMCTree"
"tip:Syngnathidae_Haliichthys_taeniophorus_CSIROGT4114",16.7207,218,51,0.01134162761,0.00067829861249828,-7.29592293557193,"MCMCTree"
"tip:Syngnathidae_Hippichthys_penicillus_CEO121",27.3369,210,43,0.03067296087,0.00112203508334888,-6.7926112037886,"MCMCTree"
"tip:Syngnathidae_Hippocampus_abdominalis_CEO144",13.3175,220,54,0.01064341116,0.000799204892810212,-7.13189320851377,"MCMCTree"
"tip:Syngnathidae_Hippocampus_barbouri_CEO9",4.6672,222,55,0.005619377955,0.00120401481723517,-6.7220936254975,"MCMCTree"
"tip:Syngnathidae_Hippocampus_comes_CEO132",3.8574,223,56,0.00291341975,0.000755280694250013,-7.18842109734489,"MCMCTree"
"tip:Syngnathidae_Hippocampus_erectus_CEO134",6.4437,226,60,0.004583742963,0.000711352633269705,-7.248342283082,"MCMCTree"
"tip:Syngnathidae_Hippocampus_ingens_CEO39",3.6128,228,62,0.002609106907,0.000722184152734721,-7.23323039240415,"MCMCTree"
"tip:Syngnathidae_Hippocampus_kelloggi_UW153288",10.6008,224,58,0.006122166278,0.00057751927005509,-7.45676874806426,"MCMCTree"
"tip:Syngnathidae_Hippocampus_kuda_CEO52",6.3033,227,61,0.005396729172,0.000856175205368616,-7.06303552359751,"MCMCTree"
"tip:Syngnathidae_Hippocampus_reidi_CEO53",3.6128,228,63,0.002587170822,0.000716112384300266,-7.24167344200755,"MCMCTree"
"tip:Syngnathidae_Hippocampus_subelongatus_CEO131",3.8574,223,57,0.002068061427,0.000536128331777881,-7.53113700059232,"MCMCTree"
"tip:Syngnathidae_Hippocampus_zosterae_USNMAC2WR35",6.4437,226,59,0.01247501679,0.00193600210903673,-6.24713020074987,"MCMCTree"
"tip:Syngnathidae_Hypselognathus_rostratus_CEO108",10.256,213,47,0.009998059749,0.000974849819520281,-6.93322713009171,"MCMCTree"
"tip:Syngnathidae_Idiotropiscis_lumnitzeri_CEO91",32.8099,217,50,0.02863445758,0.000872738337513982,-7.04387477498565,"MCMCTree"
"tip:Syngnathidae_Micrognathus_andersonii_USNMAG9RQ99",12.6499,212,45,0.009768050728,0.000772184027383616,-7.16628765890697,"MCMCTree"
"tip:Syngnathidae_Microphis_brachyurus_CEO116",0.9577,195,30,0.0009808650038,0.00102418816309909,-6.88385501621888,"MCMCTree"
"tip:Syngnathidae_Microphis_cuncalus_CEO17",13.0424,192,26,0.01176178077,0.000901811075415568,-7.01110551059832,"MCMCTree"
"tip:Syngnathidae_Microphis_deocata_CEO18",13.0424,192,25,0.02139783908,0.00164063662209409,-6.41267092826631,"MCMCTree"
"tip:Syngnathidae_Microphis_lineatus_STRIBFT18819",0.9577,195,29,0.0005719389639,0.000597200547039783,-7.42325757629198,"MCMCTree"
"tip:Syngnathidae_Nerophis_ophidion_CEO112",18.1668,183,16,0.02068903971,0.00113883786412577,-6.77774695396862,"MCMCTree"
"tip:Syngnathidae_Phycodurus_eques_CEO50",6.652,207,41,0.006453684897,0.000970187146271798,-6.93802157077545,"MCMCTree"
"tip:Syngnathidae_Phyllopteryx_taeniolatus_CEO83",6.652,207,40,0.006064924495,0.000911744512176789,-7.00015074729356,"MCMCTree"
"tip:Syngnathidae_Pseudophallus_starksii_STRIBFT05080",22.9861,235,70,0.02190456292,0.000952948213050496,-6.95594999676194,"MCMCTree"
"tip:Syngnathidae_Siokunichthys_nigrolineatus_CEO102",27.3369,210,44,0.04045384335,0.00147982555995742,-6.51583106304636,"MCMCTree"
"tip:Syngnathidae_Solegnathus_guentheri_CSIROGT192",5.2081,205,38,0.00456039241,0.000875634571148787,-7.04056171028459,"MCMCTree"
"tip:Syngnathidae_Solegnathus_hardwickii_CSIRODGQ0572a",5.2081,205,39,0.00328602485,0.000630945037537682,-7.36829180296058,"MCMCTree"
"tip:Syngnathidae_Solegnathus_spinosissimus_CSIROGT7988",14.0172,206,42,0.008677237356,0.000619042130810718,-7.38733722489678,"MCMCTree"
"tip:Syngnathidae_Stigmatopora_nigra_CEO153",27.6079,198,31,0.06997900284,0.00253474559238479,-5.97766200500881,"MCMCTree"
"tip:Syngnathidae_Syngnathoides_biaculeatus_CEO101",27.9587,203,37,0.04760952729,0.00170285196700848,-6.37545080591331,"MCMCTree"
"tip:Syngnathidae_Syngnathus_abaster_CEO125",5.4367,242,76,0.003491331924,0.00064217851343646,-7.35064423461312,"MCMCTree"
"tip:Syngnathidae_Syngnathus_acus_CEO109",8.1091,241,75,0.003850219177,0.000474802281017622,-7.65261209107513,"MCMCTree"
"tip:Syngnathidae_Syngnathus_auliscus_CEO25",5.5541,237,71,0.008038960364,0.00144739208224555,-6.53799190587639,"MCMCTree"
"tip:Syngnathidae_Syngnathus_californiensis_CEO56",1.6486,239,74,0.001219338548,0.00073962061628048,-7.2093731839338,"MCMCTree"
"tip:Syngnathidae_Syngnathus_exilis_CEO57",2.5685,238,72,0.002162384117,0.00084188597118941,-7.07986597903374,"MCMCTree"
"tip:Syngnathidae_Syngnathus_floridae_CEO105",5.6421,248,83,0.003859685114,0.000684086619166622,-7.2874260121509,"MCMCTree"
"tip:Syngnathidae_Syngnathus_fuscus_CEO123",3.4586,247,82,0.002213085658,0.000639879042965362,-7.35423139483905,"MCMCTree"
"tip:Syngnathidae_Syngnathus_leptorhynchus_CEO12",1.6486,239,73,0.001019577133,0.000618450280844353,-7.38829375603332,"MCMCTree"
"tip:Syngnathidae_Syngnathus_louisianae_CEO104",2.0604,249,85,0.001077503234,0.000522958277033586,-7.55600887330806,"MCMCTree"
"tip:Syngnathidae_Syngnathus_pelagicus_CEO99",2.0604,249,84,0.002274820424,0.00110406737720831,-6.8087543029095,"MCMCTree"
"tip:Syngnathidae_Syngnathus_rostellatus_CEO110",2.3871,244,79,0.003125495575,0.00130932745800343,-6.63824166443635,"MCMCTree"
"tip:Syngnathidae_Syngnathus_scovelli_CEO71",3.4586,247,81,0.003222019331,0.00093159640634939,-6.9786108774654,"MCMCTree"
"tip:Syngnathidae_Syngnathus_springeri_CEO100",8.2766,245,80,0.004594785216,0.000555153712393978,-7.49626552329555,"MCMCTree"
"tip:Syngnathidae_Syngnathus_taenionotus_CEO126",2.3871,244,78,0.002492358831,0.00104409485610155,-6.86460493531424,"MCMCTree"
"tip:Syngnathidae_Syngnathus_typhle_CEO111",3.6372,243,77,0.003019379887,0.000830138537061476,-7.09391795897965,"MCMCTree"
"tip:Syngnathidae_Trachyrhamphus_bicoarctatus_CEO7",12.5823,219,52,0.01005449293,0.00079909817203532,-7.13202675111579,"MCMCTree"
"tip:Syngnathidae_Vanacampus_phillipi_CEO106",3.1432,214,48,0.002592113757,0.000824673503754136,-7.10052300298578,"MCMCTree"
"tip:Syngnathidae_Vanacampus_poecilolaemus_CEO107",3.1432,214,49,0.002342037391,0.000745112430325783,-7.201975437782,"MCMCTree"
