"sig","time_branch","parent_node","child_node","ref_branch","rate","log_rate","candidate"
"clade:Centrarchidae_Lepomis_macrochirus|Centrarchidae_Micropterus_dolomieu|Centrarchidae_Micropterus_salmoides",75.33965267,106,208,0.027243,0.00036160241034464,-7.92496526369236,"chronos_discrete"
"clade:Centrarchidae_Micropterus_dolomieu|Centrarchidae_Micropterus_salmoides",25.67247879,208,209,0.014861,0.000578868917238669,-7.45443450111981,"chronos_discrete"
"clade:Eupercaria_Centrarchiformes_Dichistiidae_Dichistius_capensis|Eupercaria_Centrarchiformes_Dichistiidae_Dichistius_multifasciatus",21.49867985,183,184,0.025626,0.00119198016709849,-6.73213934881759,"chronos_discrete"
"clade:Eupercaria_Centrarchiformes_Dichistiidae_Dichistius_capensis|Eupercaria_Centrarchiformes_Dichistiidae_Dichistius_multifasciatus|Eupercaria_Centrarchiformes_Girellidae_Girella_cyanea|Eupercaria_Centrarchiformes_Girellidae_Girella_fimbriata|Eupercaria_Centrarchiformes_Girellidae_Girella_laevifrons|Eupercaria_Centrarchiformes_Girellidae_Girella_leonina|Eupercaria_Centrarchiformes_Girellidae_Girella_melanichthys|Eupercaria_Centrarchiformes_Girellidae_Girella_mezina|Eupercaria_Centrarchiformes_Girellidae_Girella_nebulosa|Eupercaria_Centrarchiformes_Girellidae_Girella_nigricans|Eupercaria_Centrarchiformes_Girellidae_Girella_punctata|Eupercaria_Centrarchiformes_Girellidae_Girella_simplicidens|Eupercaria_Centrarchiformes_Girellidae_Girella_tricuspidata|Eupercaria_Centrarchiformes_Girellidae_Girella_zebra|Eupercaria_Centrarchiformes_Girellidae_Graus_nigra|Eupercaria_Centrarchiformes_Kuhliidae_Kuhlia_caudavittata|Eupercaria_Centrarchiformes_Kuhliidae_Kuhlia_mugil|Eupercaria_Centrarchiformes_Kuhliidae_Kuhlia_munda|Eupercaria_Centrarchiformes_Kuhliidae_Kuhlia_nutabunda|Eupercaria_Centrarchiformes_Kuhliidae_Kuhlia_rupestris|Eupercaria_Centrarchiformes_Kuhliidae_Kuhlia_salelea|Eupercaria_Centrarchiformes_Kuhliidae_Kuhlia_sandvicensis|Eupercaria_Centrarchiformes_Kuhliidae_Kuhlia_sauvagii|Eupercaria_Centrarchiformes_Kyphosidae_Kyphosus_azureus|Eupercaria_Centrarchiformes_Kyphosidae_Kyphosus_bigibbus|Eupercaria_Centrarchiformes_Kyphosidae_Kyphosus_cornelii|Eupercaria_Centrarchiformes_Kyphosidae_Kyphosus_hawaiiensis|Eupercaria_Centrarchiformes_Kyphosidae_Kyphosus_ocyurus|Eupercaria_Centrarchiformes_Kyphosidae_Kyphosus_sydneyanus|Eupercaria_Centrarchiformes_Microcanthidae_Microcanthus_strigatus|Eupercaria_Centrarchiformes_Microcanthidae_Neatypus_obliquus|Eupercaria_Centrarchiformes_Microcanthidae_Tilodon_sexfasciatus|Eupercaria_Centrarchiformes_Oplegnathidae_Oplegnathus_conwayi|Eupercaria_Centrarchiformes_Oplegnathidae_Oplegnathus_fasciatus|Eupercaria_Centrarchiformes_Oplegnathidae_Oplegnathus_insignis|Eupercaria_Centrarchiformes_Oplegnathidae_Oplegnathus_peaolopesi|Eupercaria_Centrarchiformes_Oplegnathidae_Oplegnathus_robinsoni|Eupercaria_Centrarchiformes_Scorpididae_Labracoglossa_argenteiventris|Eupercaria_Centrarchiformes_Scorpididae_Medialuna_californiensis|Eupercaria_Centrarchiformes_Scorpididae_Scorpis_georgiana|Eupercaria_Centrarchiformes_Scorpididae_Scorpis_lineolata|Eupercaria_Centrarchiformes_Scorpididae_Scorpis_violacea|Eupercaria_Centrarchiformes_Terapontidae_Amniataba_affinis|Eupercaria_Centrarchiformes_Terapontidae_Amniataba_caudavittata|Eupercaria_Centrarchiformes_Terapontidae_Amniataba_percoides|Eupercaria_Centrarchiformes_Terapontidae_Bidyanus_welchi|Eupercaria_Centrarchiformes_Terapontidae_Hannia_greenwayi|Eupercaria_Centrarchiformes_Terapontidae_Helotes_octolineatus|Eupercaria_Centrarchiformes_Terapontidae_Hephaestus_carbo|Eupercaria_Centrarchiformes_Terapontidae_Hephaestus_epirrhinos|Eupercaria_Centrarchiformes_Terapontidae_Hephaestus_habbemai|Eupercaria_Centrarchiformes_Terapontidae_Hephaestus_transmontanus|Eupercaria_Centrarchiformes_Terapontidae_Hephaestus_tulliensis|Eupercaria_Centrarchiformes_Terapontidae_Lagusia_micracanthus|Eupercaria_Centrarchiformes_Terapontidae_Leiopotherapon_aheneus|Eupercaria_Centrarchiformes_Terapontidae_Leiopotherapon_macrolepis|Eupercaria_Centrarchiformes_Terapontidae_Leiopotherapon_plumbeus|Eupercaria_Centrarchiformes_Terapontidae_Leiopotherapon_unicolor|Eupercaria_Centrarchiformes_Terapontidae_Mesopristes_argenteus|Eupercaria_Centrarchiformes_Terapontidae_Mesopristes_cancellatus|Eupercaria_Centrarchiformes_Terapontidae_Pelates_sexlineatus|Eupercaria_Centrarchiformes_Terapontidae_Pelsartia_humeralis|Eupercaria_Centrarchiformes_Terapontidae_Pingalla_gilberti|Eupercaria_Centrarchiformes_Terapontidae_Pingalla_lorentzi|Eupercaria_Centrarchiformes_Terapontidae_Pingalla_midgleyi|Eupercaria_Centrarchiformes_Terapontidae_Rhynchopelates_oxyrhynchus|Eupercaria_Centrarchiformes_Terapontidae_Scortum_barcoo|Eupercaria_Centrarchiformes_Terapontidae_Scortum_hillii|Eupercaria_Centrarchiformes_Terapontidae_Scortum_ogilbyi|Eupercaria_Centrarchiformes_Terapontidae_Scortum_parviceps|Eupercaria_Centrarchiformes_Terapontidae_Syncomistes_bonapartensis|Eupercaria_Centrarchiformes_Terapontidae_Syncomistes_butleri|Eupercaria_Centrarchiformes_Terapontidae_Syncomistes_carcharus|Eupercaria_Centrarchiformes_Terapontidae_Syncomistes_dilliensis|Eupercaria_Centrarchiformes_Terapontidae_Syncomistes_holsworthi|Eupercaria_Centrarchiformes_Terapontidae_Syncomistes_kimberleyensis|Eupercaria_Centrarchiformes_Terapontidae_Syncomistes_moranensis|Eupercaria_Centrarchiformes_Terapontidae_Syncomistes_rastellus|Eupercaria_Centrarchiformes_Terapontidae_Syncomistes_trigonicus|Eupercaria_Centrarchiformes_Terapontidae_Syncomistes_versicolor|Eupercaria_Centrarchiformes_Terapontidae_Syncomistes_wunambal|Eupercaria_Centrarchiformes_Terapontidae_Variichthys_lacustris|Kuhliidae_Kuhlia_malo|Kuhliidae_Kuhlia_marginata|Kuhliidae_Kuhlia_petiti|Kuhliidae_Kuhlia_xenura|Kyphosidae_Kyphosus_cinerascens|Kyphosidae_Kyphosus_elegans|Kyphosidae_Kyphosus_pacificus|Kyphosidae_Kyphosus_sectatrix|Kyphosidae_Kyphosus_vaigiensis|Oplegnathidae_Oplegnathus_punctatus|Oplegnathidae_Oplegnathus_woodwardi|Scorpididae_Atypichthys_strigatus|Scorpididae_Scorpis_aequipinnis|Terapontidae_Bidyanus_bidyanus|Terapontidae_Hephaestus_fuliginosus|Terapontidae_Hephaestus_jenkinsi|Terapontidae_Pelates_quadrilineatus|Terapontidae_Terapon_jarbua|Terapontidae_Terapon_puta|Terapontidae_Terapon_theraps",50.79764,106,107,0.027243,0.000536304442489848,-7.53080856841871,"chronos_discrete"
"clade:Eupercaria_Centrarchiformes_Dichistiidae_Dichistius_capensis|Eupercaria_Centrarchiformes_Dichistiidae_Dichistius_multifasciatus|Eupercaria_Centrarchiformes_Kuhliidae_Kuhlia_caudavittata|Eupercaria_Centrarchiformes_Kuhliidae_Kuhlia_mugil|Eupercaria_Centrarchiformes_Kuhliidae_Kuhlia_munda|Eupercaria_Centrarchiformes_Kuhliidae_Kuhlia_nutabunda|Eupercaria_Centrarchiformes_Kuhliidae_Kuhlia_rupestris|Eupercaria_Centrarchiformes_Kuhliidae_Kuhlia_salelea|Eupercaria_Centrarchiformes_Kuhliidae_Kuhlia_sandvicensis|Eupercaria_Centrarchiformes_Kuhliidae_Kuhlia_sauvagii|Eupercaria_Centrarchiformes_Kyphosidae_Kyphosus_azureus|Eupercaria_Centrarchiformes_Kyphosidae_Kyphosus_bigibbus|Eupercaria_Centrarchiformes_Kyphosidae_Kyphosus_cornelii|Eupercaria_Centrarchiformes_Kyphosidae_Kyphosus_hawaiiensis|Eupercaria_Centrarchiformes_Kyphosidae_Kyphosus_ocyurus|Eupercaria_Centrarchiformes_Kyphosidae_Kyphosus_sydneyanus|Eupercaria_Centrarchiformes_Microcanthidae_Microcanthus_strigatus|Eupercaria_Centrarchiformes_Microcanthidae_Neatypus_obliquus|Eupercaria_Centrarchiformes_Microcanthidae_Tilodon_sexfasciatus|Eupercaria_Centrarchiformes_Oplegnathidae_Oplegnathus_conwayi|Eupercaria_Centrarchiformes_Oplegnathidae_Oplegnathus_fasciatus|Eupercaria_Centrarchiformes_Oplegnathidae_Oplegnathus_insignis|Eupercaria_Centrarchiformes_Oplegnathidae_Oplegnathus_peaolopesi|Eupercaria_Centrarchiformes_Oplegnathidae_Oplegnathus_robinsoni|Eupercaria_Centrarchiformes_Terapontidae_Amniataba_affinis|Eupercaria_Centrarchiformes_Terapontidae_Amniataba_caudavittata|Eupercaria_Centrarchiformes_Terapontidae_Amniataba_percoides|Eupercaria_Centrarchiformes_Terapontidae_Bidyanus_welchi|Eupercaria_Centrarchiformes_Terapontidae_Hannia_greenwayi|Eupercaria_Centrarchiformes_Terapontidae_Helotes_octolineatus|Eupercaria_Centrarchiformes_Terapontidae_Hephaestus_carbo|Eupercaria_Centrarchiformes_Terapontidae_Hephaestus_epirrhinos|Eupercaria_Centrarchiformes_Terapontidae_Hephaestus_habbemai|Eupercaria_Centrarchiformes_Terapontidae_Hephaestus_transmontanus|Eupercaria_Centrarchiformes_Terapontidae_Hephaestus_tulliensis|Eupercaria_Centrarchiformes_Terapontidae_Lagusia_micracanthus|Eupercaria_Centrarchiformes_Terapontidae_Leiopotherapon_aheneus|Eupercaria_Centrarchiformes_Terapontidae_Leiopotherapon_macrolepis|Eupercaria_Centrarchiformes_Terapontidae_Leiopotherapon_plumbeus|Eupercaria_Centrarchiformes_Terapontidae_Leiopotherapon_unicolor|Eupercaria_Centrarchiformes_Terapontidae_Mesopristes_argenteus|Eupercaria_Centrarchiformes_Terapontidae_Mesopristes_cancellatus|Eupercaria_Centrarchiformes_Terapontidae_Pelates_sexlineatus|Eupercaria_Centrarchiformes_Terapontidae_Pelsartia_humeralis|Eupercaria_Centrarchiformes_Terapontidae_Pingalla_gilberti|Eupercaria_Centrarchiformes_Terapontidae_Pingalla_lorentzi|Eupercaria_Centrarchiformes_Terapontidae_Pingalla_midgleyi|Eupercaria_Centrarchiformes_Terapontidae_Rhynchopelates_oxyrhynchus|Eupercaria_Centrarchiformes_Terapontidae_Scortum_barcoo|Eupercaria_Centrarchiformes_Terapontidae_Scortum_hillii|Eupercaria_Centrarchiformes_Terapontidae_Scortum_ogilbyi|Eupercaria_Centrarchiformes_Terapontidae_Scortum_parviceps|Eupercaria_Centrarchiformes_Terapontidae_Syncomistes_bonapartensis|Eupercaria_Centrarchiformes_Terapontidae_Syncomistes_butleri|Eupercaria_Centrarchiformes_Terapontidae_Syncomistes_carcharus|Eupercaria_Centrarchiformes_Terapontidae_Syncomistes_dilliensis|Eupercaria_Centrarchiformes_Terapontidae_Syncomistes_holsworthi|Eupercaria_Centrarchiformes_Terapontidae_Syncomistes_kimberleyensis|Eupercaria_Centrarchiformes_Terapontidae_Syncomistes_moranensis|Eupercaria_Centrarchiformes_Terapontidae_Syncomistes_rastellus|Eupercaria_Centrarchiformes_Terapontidae_Syncomistes_trigonicus|Eupercaria_Centrarchiformes_Terapontidae_Syncomistes_versicolor|Eupercaria_Centrarchiformes_Terapontidae_Syncomistes_wunambal|Eupercaria_Centrarchiformes_Terapontidae_Variichthys_lacustris|Kuhliidae_Kuhlia_malo|Kuhliidae_Kuhlia_marginata|Kuhliidae_Kuhlia_petiti|Kuhliidae_Kuhlia_xenura|Kyphosidae_Kyphosus_cinerascens|Kyphosidae_Kyphosus_elegans|Kyphosidae_Kyphosus_pacificus|Kyphosidae_Kyphosus_sectatrix|Kyphosidae_Kyphosus_vaigiensis|Oplegnathidae_Oplegnathus_punctatus|Oplegnathidae_Oplegnathus_woodwardi|Scorpididae_Atypichthys_strigatus|Terapontidae_Bidyanus_bidyanus|Terapontidae_Hephaestus_fuliginosus|Terapontidae_Hephaestus_jenkinsi|Terapontidae_Pelates_quadrilineatus|Terapontidae_Terapon_jarbua|Terapontidae_Terapon_puta|Terapontidae_Terapon_theraps",1.315730185,107,108,0.002173,0.00165155441805114,-6.4060383629944,"chronos_discrete"
"clade:Eupercaria_Centrarchiformes_Dichistiidae_Dichistius_capensis|Eupercaria_Centrarchiformes_Dichistiidae_Dichistius_multifasciatus|Eupercaria_Centrarchiformes_Microcanthidae_Microcanthus_strigatus|Eupercaria_Centrarchiformes_Microcanthidae_Neatypus_obliquus|Eupercaria_Centrarchiformes_Microcanthidae_Tilodon_sexfasciatus|Eupercaria_Centrarchiformes_Oplegnathidae_Oplegnathus_conwayi|Eupercaria_Centrarchiformes_Oplegnathidae_Oplegnathus_fasciatus|Eupercaria_Centrarchiformes_Oplegnathidae_Oplegnathus_insignis|Eupercaria_Centrarchiformes_Oplegnathidae_Oplegnathus_peaolopesi|Eupercaria_Centrarchiformes_Oplegnathidae_Oplegnathus_robinsoni|Oplegnathidae_Oplegnathus_punctatus|Oplegnathidae_Oplegnathus_woodwardi|Scorpididae_Atypichthys_strigatus",2.357382891,108,178,0.000894,0.000379234108898095,-7.87735684200285,"chronos_discrete"
"clade:Eupercaria_Centrarchiformes_Dichistiidae_Dichistius_capensis|Eupercaria_Centrarchiformes_Dichistiidae_Dichistius_multifasciatus|Eupercaria_Centrarchiformes_Microcanthidae_Microcanthus_strigatus|Eupercaria_Centrarchiformes_Microcanthidae_Neatypus_obliquus|Eupercaria_Centrarchiformes_Microcanthidae_Tilodon_sexfasciatus|Eupercaria_Centrarchiformes_Oplegnathidae_Oplegnathus_conwayi|Scorpididae_Atypichthys_strigatus",5.682631845,178,179,0.006695,0.00117815128317538,-6.74380877825017,"chronos_discrete"
"clade:Eupercaria_Centrarchiformes_Dichistiidae_Dichistius_capensis|Eupercaria_Centrarchiformes_Dichistiidae_Dichistius_multifasciatus|Eupercaria_Centrarchiformes_Oplegnathidae_Oplegnathus_conwayi",3.115945822,179,183,0.00387,0.00124199848812391,-6.69103351276313,"chronos_discrete"
"clade:Eupercaria_Centrarchiformes_Girellidae_Girella_cyanea|Eupercaria_Centrarchiformes_Girellidae_Girella_fimbriata|Eupercaria_Centrarchiformes_Girellidae_Girella_laevifrons|Eupercaria_Centrarchiformes_Girellidae_Girella_leonina|Eupercaria_Centrarchiformes_Girellidae_Girella_melanichthys|Eupercaria_Centrarchiformes_Girellidae_Girella_mezina|Eupercaria_Centrarchiformes_Girellidae_Girella_nebulosa|Eupercaria_Centrarchiformes_Girellidae_Girella_nigricans|Eupercaria_Centrarchiformes_Girellidae_Girella_punctata|Eupercaria_Centrarchiformes_Girellidae_Girella_simplicidens|Eupercaria_Centrarchiformes_Girellidae_Girella_tricuspidata|Eupercaria_Centrarchiformes_Girellidae_Girella_zebra",8.255168849,191,192,0.01227,0.00148634149397033,-6.51143755157123,"chronos_discrete"
"clade:Eupercaria_Centrarchiformes_Girellidae_Girella_cyanea|Eupercaria_Centrarchiformes_Girellidae_Girella_fimbriata|Eupercaria_Centrarchiformes_Girellidae_Girella_laevifrons|Eupercaria_Centrarchiformes_Girellidae_Girella_leonina|Eupercaria_Centrarchiformes_Girellidae_Girella_melanichthys|Eupercaria_Centrarchiformes_Girellidae_Girella_mezina|Eupercaria_Centrarchiformes_Girellidae_Girella_nebulosa|Eupercaria_Centrarchiformes_Girellidae_Girella_nigricans|Eupercaria_Centrarchiformes_Girellidae_Girella_punctata|Eupercaria_Centrarchiformes_Girellidae_Girella_simplicidens|Eupercaria_Centrarchiformes_Girellidae_Girella_tricuspidata|Eupercaria_Centrarchiformes_Girellidae_Girella_zebra|Eupercaria_Centrarchiformes_Girellidae_Graus_nigra",16.63577747,190,191,0.027571,0.00165733161853841,-6.40254642867343,"chronos_discrete"
"clade:Eupercaria_Centrarchiformes_Girellidae_Girella_cyanea|Eupercaria_Centrarchiformes_Girellidae_Girella_fimbriata|Eupercaria_Centrarchiformes_Girellidae_Girella_laevifrons|Eupercaria_Centrarchiformes_Girellidae_Girella_leonina|Eupercaria_Centrarchiformes_Girellidae_Girella_melanichthys|Eupercaria_Centrarchiformes_Girellidae_Girella_mezina|Eupercaria_Centrarchiformes_Girellidae_Girella_nebulosa|Eupercaria_Centrarchiformes_Girellidae_Girella_nigricans|Eupercaria_Centrarchiformes_Girellidae_Girella_punctata|Eupercaria_Centrarchiformes_Girellidae_Girella_simplicidens|Eupercaria_Centrarchiformes_Girellidae_Girella_tricuspidata|Eupercaria_Centrarchiformes_Girellidae_Girella_zebra|Eupercaria_Centrarchiformes_Girellidae_Graus_nigra|Eupercaria_Centrarchiformes_Scorpididae_Labracoglossa_argenteiventris|Eupercaria_Centrarchiformes_Scorpididae_Medialuna_californiensis|Eupercaria_Centrarchiformes_Scorpididae_Scorpis_georgiana|Eupercaria_Centrarchiformes_Scorpididae_Scorpis_lineolata|Eupercaria_Centrarchiformes_Scorpididae_Scorpis_violacea|Scorpididae_Scorpis_aequipinnis",3.352477957,107,190,0.004256,0.00126950871999425,-6.66912528800166,"chronos_discrete"
"clade:Eupercaria_Centrarchiformes_Girellidae_Girella_cyanea|Eupercaria_Centrarchiformes_Girellidae_Girella_laevifrons|Eupercaria_Centrarchiformes_Girellidae_Girella_leonina|Eupercaria_Centrarchiformes_Girellidae_Girella_melanichthys|Eupercaria_Centrarchiformes_Girellidae_Girella_mezina|Eupercaria_Centrarchiformes_Girellidae_Girella_nigricans|Eupercaria_Centrarchiformes_Girellidae_Girella_punctata|Eupercaria_Centrarchiformes_Girellidae_Girella_simplicidens|Eupercaria_Centrarchiformes_Girellidae_Girella_tricuspidata|Eupercaria_Centrarchiformes_Girellidae_Girella_zebra",11.66560715,192,193,0.019379,0.00166120800664884,-6.40021022642105,"chronos_discrete"
"clade:Eupercaria_Centrarchiformes_Girellidae_Girella_cyanea|Eupercaria_Centrarchiformes_Girellidae_Girella_laevifrons|Eupercaria_Centrarchiformes_Girellidae_Girella_nigricans|Eupercaria_Centrarchiformes_Girellidae_Girella_simplicidens|Eupercaria_Centrarchiformes_Girellidae_Girella_tricuspidata|Eupercaria_Centrarchiformes_Girellidae_Girella_zebra",2.868273644,193,194,0.00344,0.00119932768869385,-6.72599413861393,"chronos_discrete"
"clade:Eupercaria_Centrarchiformes_Girellidae_Girella_cyanea|Eupercaria_Centrarchiformes_Girellidae_Girella_nigricans|Eupercaria_Centrarchiformes_Girellidae_Girella_simplicidens|Eupercaria_Centrarchiformes_Girellidae_Girella_tricuspidata|Eupercaria_Centrarchiformes_Girellidae_Girella_zebra",1.07604224,194,195,0.001213,0.00112727916703344,-6.78794836649488,"chronos_discrete"
"clade:Eupercaria_Centrarchiformes_Girellidae_Girella_cyanea|Eupercaria_Centrarchiformes_Girellidae_Girella_tricuspidata|Eupercaria_Centrarchiformes_Girellidae_Girella_zebra",0.002155532372,195,196,1e-06,0.000463922515379416,-7.67579301239963,"chronos_discrete"
"clade:Eupercaria_Centrarchiformes_Girellidae_Girella_fimbriata|Eupercaria_Centrarchiformes_Girellidae_Girella_nebulosa",25.50069014,192,202,0.02016,0.000790566839145162,-7.14276035189084,"chronos_discrete"
"clade:Eupercaria_Centrarchiformes_Girellidae_Girella_leonina|Eupercaria_Centrarchiformes_Girellidae_Girella_melanichthys",9.868624937,200,201,0.016586,0.00168067994334397,-6.3885568392664,"chronos_discrete"
"clade:Eupercaria_Centrarchiformes_Girellidae_Girella_leonina|Eupercaria_Centrarchiformes_Girellidae_Girella_melanichthys|Eupercaria_Centrarchiformes_Girellidae_Girella_mezina",1.807566726,199,200,0.003328,0.00184114918256135,-6.29736534657514,"chronos_discrete"
"clade:Eupercaria_Centrarchiformes_Girellidae_Girella_leonina|Eupercaria_Centrarchiformes_Girellidae_Girella_melanichthys|Eupercaria_Centrarchiformes_Girellidae_Girella_mezina|Eupercaria_Centrarchiformes_Girellidae_Girella_punctata",2.755390476,193,199,0.003949,0.00143319069815933,-6.54785206281457,"chronos_discrete"
"clade:Eupercaria_Centrarchiformes_Girellidae_Girella_nigricans|Eupercaria_Centrarchiformes_Girellidae_Girella_simplicidens",8.736417383,195,198,0.014173,0.00162228970740099,-6.42391672801667,"chronos_discrete"
"clade:Eupercaria_Centrarchiformes_Girellidae_Girella_tricuspidata|Eupercaria_Centrarchiformes_Girellidae_Girella_zebra",1.484694782,196,197,0.00203,0.00136728439044248,-6.59492870305136,"chronos_discrete"
"clade:Eupercaria_Centrarchiformes_Kuhliidae_Kuhlia_caudavittata|Eupercaria_Centrarchiformes_Kuhliidae_Kuhlia_mugil|Eupercaria_Centrarchiformes_Kuhliidae_Kuhlia_munda|Eupercaria_Centrarchiformes_Kuhliidae_Kuhlia_nutabunda|Eupercaria_Centrarchiformes_Kuhliidae_Kuhlia_rupestris|Eupercaria_Centrarchiformes_Kuhliidae_Kuhlia_salelea|Eupercaria_Centrarchiformes_Kuhliidae_Kuhlia_sandvicensis|Eupercaria_Centrarchiformes_Kuhliidae_Kuhlia_sauvagii|Eupercaria_Centrarchiformes_Kyphosidae_Kyphosus_azureus|Eupercaria_Centrarchiformes_Kyphosidae_Kyphosus_bigibbus|Eupercaria_Centrarchiformes_Kyphosidae_Kyphosus_cornelii|Eupercaria_Centrarchiformes_Kyphosidae_Kyphosus_hawaiiensis|Eupercaria_Centrarchiformes_Kyphosidae_Kyphosus_ocyurus|Eupercaria_Centrarchiformes_Kyphosidae_Kyphosus_sydneyanus|Eupercaria_Centrarchiformes_Terapontidae_Amniataba_affinis|Eupercaria_Centrarchiformes_Terapontidae_Amniataba_caudavittata|Eupercaria_Centrarchiformes_Terapontidae_Amniataba_percoides|Eupercaria_Centrarchiformes_Terapontidae_Bidyanus_welchi|Eupercaria_Centrarchiformes_Terapontidae_Hannia_greenwayi|Eupercaria_Centrarchiformes_Terapontidae_Helotes_octolineatus|Eupercaria_Centrarchiformes_Terapontidae_Hephaestus_carbo|Eupercaria_Centrarchiformes_Terapontidae_Hephaestus_epirrhinos|Eupercaria_Centrarchiformes_Terapontidae_Hephaestus_habbemai|Eupercaria_Centrarchiformes_Terapontidae_Hephaestus_transmontanus|Eupercaria_Centrarchiformes_Terapontidae_Hephaestus_tulliensis|Eupercaria_Centrarchiformes_Terapontidae_Lagusia_micracanthus|Eupercaria_Centrarchiformes_Terapontidae_Leiopotherapon_aheneus|Eupercaria_Centrarchiformes_Terapontidae_Leiopotherapon_macrolepis|Eupercaria_Centrarchiformes_Terapontidae_Leiopotherapon_plumbeus|Eupercaria_Centrarchiformes_Terapontidae_Leiopotherapon_unicolor|Eupercaria_Centrarchiformes_Terapontidae_Mesopristes_argenteus|Eupercaria_Centrarchiformes_Terapontidae_Mesopristes_cancellatus|Eupercaria_Centrarchiformes_Terapontidae_Pelates_sexlineatus|Eupercaria_Centrarchiformes_Terapontidae_Pelsartia_humeralis|Eupercaria_Centrarchiformes_Terapontidae_Pingalla_gilberti|Eupercaria_Centrarchiformes_Terapontidae_Pingalla_lorentzi|Eupercaria_Centrarchiformes_Terapontidae_Pingalla_midgleyi|Eupercaria_Centrarchiformes_Terapontidae_Rhynchopelates_oxyrhynchus|Eupercaria_Centrarchiformes_Terapontidae_Scortum_barcoo|Eupercaria_Centrarchiformes_Terapontidae_Scortum_hillii|Eupercaria_Centrarchiformes_Terapontidae_Scortum_ogilbyi|Eupercaria_Centrarchiformes_Terapontidae_Scortum_parviceps|Eupercaria_Centrarchiformes_Terapontidae_Syncomistes_bonapartensis|Eupercaria_Centrarchiformes_Terapontidae_Syncomistes_butleri|Eupercaria_Centrarchiformes_Terapontidae_Syncomistes_carcharus|Eupercaria_Centrarchiformes_Terapontidae_Syncomistes_dilliensis|Eupercaria_Centrarchiformes_Terapontidae_Syncomistes_holsworthi|Eupercaria_Centrarchiformes_Terapontidae_Syncomistes_kimberleyensis|Eupercaria_Centrarchiformes_Terapontidae_Syncomistes_moranensis|Eupercaria_Centrarchiformes_Terapontidae_Syncomistes_rastellus|Eupercaria_Centrarchiformes_Terapontidae_Syncomistes_trigonicus|Eupercaria_Centrarchiformes_Terapontidae_Syncomistes_versicolor|Eupercaria_Centrarchiformes_Terapontidae_Syncomistes_wunambal|Eupercaria_Centrarchiformes_Terapontidae_Variichthys_lacustris|Kuhliidae_Kuhlia_malo|Kuhliidae_Kuhlia_marginata|Kuhliidae_Kuhlia_petiti|Kuhliidae_Kuhlia_xenura|Kyphosidae_Kyphosus_cinerascens|Kyphosidae_Kyphosus_elegans|Kyphosidae_Kyphosus_pacificus|Kyphosidae_Kyphosus_sectatrix|Kyphosidae_Kyphosus_vaigiensis|Terapontidae_Bidyanus_bidyanus|Terapontidae_Hephaestus_fuliginosus|Terapontidae_Hephaestus_jenkinsi|Terapontidae_Pelates_quadrilineatus|Terapontidae_Terapon_jarbua|Terapontidae_Terapon_puta|Terapontidae_Terapon_theraps",0.3715617838,108,109,0.000832,0.00223919691495463,-6.10163799750843,"chronos_discrete"
"clade:Eupercaria_Centrarchiformes_Kuhliidae_Kuhlia_caudavittata|Eupercaria_Centrarchiformes_Kuhliidae_Kuhlia_mugil|Eupercaria_Centrarchiformes_Kuhliidae_Kuhlia_munda|Eupercaria_Centrarchiformes_Kuhliidae_Kuhlia_nutabunda|Eupercaria_Centrarchiformes_Kuhliidae_Kuhlia_rupestris|Eupercaria_Centrarchiformes_Kuhliidae_Kuhlia_salelea|Eupercaria_Centrarchiformes_Kuhliidae_Kuhlia_sandvicensis|Eupercaria_Centrarchiformes_Kuhliidae_Kuhlia_sauvagii|Eupercaria_Centrarchiformes_Terapontidae_Amniataba_affinis|Eupercaria_Centrarchiformes_Terapontidae_Amniataba_caudavittata|Eupercaria_Centrarchiformes_Terapontidae_Amniataba_percoides|Eupercaria_Centrarchiformes_Terapontidae_Bidyanus_welchi|Eupercaria_Centrarchiformes_Terapontidae_Hannia_greenwayi|Eupercaria_Centrarchiformes_Terapontidae_Helotes_octolineatus|Eupercaria_Centrarchiformes_Terapontidae_Hephaestus_carbo|Eupercaria_Centrarchiformes_Terapontidae_Hephaestus_epirrhinos|Eupercaria_Centrarchiformes_Terapontidae_Hephaestus_habbemai|Eupercaria_Centrarchiformes_Terapontidae_Hephaestus_transmontanus|Eupercaria_Centrarchiformes_Terapontidae_Hephaestus_tulliensis|Eupercaria_Centrarchiformes_Terapontidae_Lagusia_micracanthus|Eupercaria_Centrarchiformes_Terapontidae_Leiopotherapon_aheneus|Eupercaria_Centrarchiformes_Terapontidae_Leiopotherapon_macrolepis|Eupercaria_Centrarchiformes_Terapontidae_Leiopotherapon_plumbeus|Eupercaria_Centrarchiformes_Terapontidae_Leiopotherapon_unicolor|Eupercaria_Centrarchiformes_Terapontidae_Mesopristes_argenteus|Eupercaria_Centrarchiformes_Terapontidae_Mesopristes_cancellatus|Eupercaria_Centrarchiformes_Terapontidae_Pelates_sexlineatus|Eupercaria_Centrarchiformes_Terapontidae_Pelsartia_humeralis|Eupercaria_Centrarchiformes_Terapontidae_Pingalla_gilberti|Eupercaria_Centrarchiformes_Terapontidae_Pingalla_lorentzi|Eupercaria_Centrarchiformes_Terapontidae_Pingalla_midgleyi|Eupercaria_Centrarchiformes_Terapontidae_Rhynchopelates_oxyrhynchus|Eupercaria_Centrarchiformes_Terapontidae_Scortum_barcoo|Eupercaria_Centrarchiformes_Terapontidae_Scortum_hillii|Eupercaria_Centrarchiformes_Terapontidae_Scortum_ogilbyi|Eupercaria_Centrarchiformes_Terapontidae_Scortum_parviceps|Eupercaria_Centrarchiformes_Terapontidae_Syncomistes_bonapartensis|Eupercaria_Centrarchiformes_Terapontidae_Syncomistes_butleri|Eupercaria_Centrarchiformes_Terapontidae_Syncomistes_carcharus|Eupercaria_Centrarchiformes_Terapontidae_Syncomistes_dilliensis|Eupercaria_Centrarchiformes_Terapontidae_Syncomistes_holsworthi|Eupercaria_Centrarchiformes_Terapontidae_Syncomistes_kimberleyensis|Eupercaria_Centrarchiformes_Terapontidae_Syncomistes_moranensis|Eupercaria_Centrarchiformes_Terapontidae_Syncomistes_rastellus|Eupercaria_Centrarchiformes_Terapontidae_Syncomistes_trigonicus|Eupercaria_Centrarchiformes_Terapontidae_Syncomistes_versicolor|Eupercaria_Centrarchiformes_Terapontidae_Syncomistes_wunambal|Eupercaria_Centrarchiformes_Terapontidae_Variichthys_lacustris|Kuhliidae_Kuhlia_malo|Kuhliidae_Kuhlia_marginata|Kuhliidae_Kuhlia_petiti|Kuhliidae_Kuhlia_xenura|Terapontidae_Bidyanus_bidyanus|Terapontidae_Hephaestus_fuliginosus|Terapontidae_Hephaestus_jenkinsi|Terapontidae_Pelates_quadrilineatus|Terapontidae_Terapon_jarbua|Terapontidae_Terapon_puta|Terapontidae_Terapon_theraps",0.9875672095,109,110,0.00272,0.00275424292527606,-5.89461267440454,"chronos_discrete"
"clade:Eupercaria_Centrarchiformes_Kuhliidae_Kuhlia_caudavittata|Eupercaria_Centrarchiformes_Kuhliidae_Kuhlia_mugil|Eupercaria_Centrarchiformes_Kuhliidae_Kuhlia_munda|Eupercaria_Centrarchiformes_Kuhliidae_Kuhlia_nutabunda|Eupercaria_Centrarchiformes_Kuhliidae_Kuhlia_rupestris|Eupercaria_Centrarchiformes_Kuhliidae_Kuhlia_salelea|Eupercaria_Centrarchiformes_Kuhliidae_Kuhlia_sandvicensis|Eupercaria_Centrarchiformes_Kuhliidae_Kuhlia_sauvagii|Kuhliidae_Kuhlia_malo|Kuhliidae_Kuhlia_marginata|Kuhliidae_Kuhlia_petiti|Kuhliidae_Kuhlia_xenura",18.90941251,110,157,0.017763,0.000939373446457222,-6.97029745126309,"chronos_discrete"
"clade:Eupercaria_Centrarchiformes_Kuhliidae_Kuhlia_caudavittata|Eupercaria_Centrarchiformes_Kuhliidae_Kuhlia_mugil|Eupercaria_Centrarchiformes_Kuhliidae_Kuhlia_nutabunda|Eupercaria_Centrarchiformes_Kuhliidae_Kuhlia_rupestris|Eupercaria_Centrarchiformes_Kuhliidae_Kuhlia_salelea|Eupercaria_Centrarchiformes_Kuhliidae_Kuhlia_sandvicensis|Eupercaria_Centrarchiformes_Kuhliidae_Kuhlia_sauvagii|Kuhliidae_Kuhlia_malo|Kuhliidae_Kuhlia_marginata|Kuhliidae_Kuhlia_petiti|Kuhliidae_Kuhlia_xenura",9.437202489,157,158,0.006409,0.000679120746584629,-7.29471161619392,"chronos_discrete"
"clade:Eupercaria_Centrarchiformes_Kuhliidae_Kuhlia_mugil|Eupercaria_Centrarchiformes_Kuhliidae_Kuhlia_nutabunda|Eupercaria_Centrarchiformes_Kuhliidae_Kuhlia_rupestris|Eupercaria_Centrarchiformes_Kuhliidae_Kuhlia_salelea|Eupercaria_Centrarchiformes_Kuhliidae_Kuhlia_sandvicensis|Eupercaria_Centrarchiformes_Kuhliidae_Kuhlia_sauvagii|Kuhliidae_Kuhlia_malo|Kuhliidae_Kuhlia_marginata|Kuhliidae_Kuhlia_petiti|Kuhliidae_Kuhlia_xenura",4.769098486,158,159,0.0028,0.000587113058834827,-7.44029315219341,"chronos_discrete"
"clade:Eupercaria_Centrarchiformes_Kuhliidae_Kuhlia_mugil|Eupercaria_Centrarchiformes_Kuhliidae_Kuhlia_nutabunda|Eupercaria_Centrarchiformes_Kuhliidae_Kuhlia_sandvicensis|Kuhliidae_Kuhlia_petiti",1.243846306,164,165,0.001172,0.000942238598407672,-6.96725202628008,"chronos_discrete"
"clade:Eupercaria_Centrarchiformes_Kuhliidae_Kuhlia_mugil|Eupercaria_Centrarchiformes_Kuhliidae_Kuhlia_nutabunda|Eupercaria_Centrarchiformes_Kuhliidae_Kuhlia_sandvicensis|Kuhliidae_Kuhlia_petiti|Kuhliidae_Kuhlia_xenura",7.636435257,159,164,0.003344,0.000437900654881438,-7.7335184886535,"chronos_discrete"
"clade:Eupercaria_Centrarchiformes_Kuhliidae_Kuhlia_mugil|Kuhliidae_Kuhlia_petiti",8.015711024,165,166,0.006185,0.000771609652778321,-7.16703176693018,"chronos_discrete"
"clade:Eupercaria_Centrarchiformes_Kuhliidae_Kuhlia_nutabunda|Eupercaria_Centrarchiformes_Kuhliidae_Kuhlia_sandvicensis",8.445563615,165,167,0.009635,0.00114083564332965,-6.77599426463941,"chronos_discrete"
"clade:Eupercaria_Centrarchiformes_Kuhliidae_Kuhlia_rupestris|Eupercaria_Centrarchiformes_Kuhliidae_Kuhlia_salelea|Eupercaria_Centrarchiformes_Kuhliidae_Kuhlia_sauvagii|Kuhliidae_Kuhlia_malo|Kuhliidae_Kuhlia_marginata",2.950097844,159,160,0.003292,0.00111589519198333,-6.79809833342664,"chronos_discrete"
"clade:Eupercaria_Centrarchiformes_Kuhliidae_Kuhlia_rupestris|Eupercaria_Centrarchiformes_Kuhliidae_Kuhlia_sauvagii",5.532301681,160,163,0.007163,0.00129475947137887,-6.64943033746875,"chronos_discrete"
"clade:Eupercaria_Centrarchiformes_Kuhliidae_Kuhlia_salelea|Kuhliidae_Kuhlia_malo",1.308884045,161,162,0.001999,0.00152725522756296,-6.48428312358024,"chronos_discrete"
"clade:Eupercaria_Centrarchiformes_Kuhliidae_Kuhlia_salelea|Kuhliidae_Kuhlia_malo|Kuhliidae_Kuhlia_marginata",11.37309631,160,161,0.008962,0.000788000009471475,-7.14601245608676,"chronos_discrete"
"clade:Eupercaria_Centrarchiformes_Kyphosidae_Kyphosus_azureus|Eupercaria_Centrarchiformes_Kyphosidae_Kyphosus_bigibbus|Eupercaria_Centrarchiformes_Kyphosidae_Kyphosus_cornelii|Eupercaria_Centrarchiformes_Kyphosidae_Kyphosus_hawaiiensis|Eupercaria_Centrarchiformes_Kyphosidae_Kyphosus_ocyurus|Eupercaria_Centrarchiformes_Kyphosidae_Kyphosus_sydneyanus|Kyphosidae_Kyphosus_cinerascens|Kyphosidae_Kyphosus_elegans|Kyphosidae_Kyphosus_pacificus|Kyphosidae_Kyphosus_sectatrix|Kyphosidae_Kyphosus_vaigiensis",26.54673147,109,168,0.012077,0.000454933595634853,-7.6953590933238,"chronos_discrete"
"clade:Eupercaria_Centrarchiformes_Kyphosidae_Kyphosus_azureus|Eupercaria_Centrarchiformes_Kyphosidae_Kyphosus_cornelii",9.145795251,168,177,0.008771,0.0009590199385932,-6.94959869227173,"chronos_discrete"
"clade:Eupercaria_Centrarchiformes_Kyphosidae_Kyphosus_bigibbus|Eupercaria_Centrarchiformes_Kyphosidae_Kyphosus_hawaiiensis|Eupercaria_Centrarchiformes_Kyphosidae_Kyphosus_ocyurus|Eupercaria_Centrarchiformes_Kyphosidae_Kyphosus_sydneyanus|Kyphosidae_Kyphosus_cinerascens|Kyphosidae_Kyphosus_elegans|Kyphosidae_Kyphosus_pacificus|Kyphosidae_Kyphosus_sectatrix|Kyphosidae_Kyphosus_vaigiensis",13.5712196,168,169,0.006293,0.000463701876874795,-7.67626871896928,"chronos_discrete"
"clade:Eupercaria_Centrarchiformes_Kyphosidae_Kyphosus_bigibbus|Eupercaria_Centrarchiformes_Kyphosidae_Kyphosus_hawaiiensis|Eupercaria_Centrarchiformes_Kyphosidae_Kyphosus_ocyurus|Kyphosidae_Kyphosus_cinerascens|Kyphosidae_Kyphosus_elegans|Kyphosidae_Kyphosus_pacificus|Kyphosidae_Kyphosus_sectatrix|Kyphosidae_Kyphosus_vaigiensis",5.457676967,169,170,0.004978,0.00091210968148163,-6.99975031033868,"chronos_discrete"
"clade:Eupercaria_Centrarchiformes_Kyphosidae_Kyphosus_bigibbus|Kyphosidae_Kyphosus_cinerascens|Kyphosidae_Kyphosus_elegans|Kyphosidae_Kyphosus_pacificus|Kyphosidae_Kyphosus_sectatrix",1.522445828,170,171,0.000772,0.000507078797683171,-7.58684414695601,"chronos_discrete"
"clade:Eupercaria_Centrarchiformes_Kyphosidae_Kyphosus_bigibbus|Kyphosidae_Kyphosus_cinerascens|Kyphosidae_Kyphosus_pacificus|Kyphosidae_Kyphosus_sectatrix",1.235143666,171,172,0.000911,0.00073756602173273,-7.21215495276353,"chronos_discrete"
"clade:Eupercaria_Centrarchiformes_Kyphosidae_Kyphosus_bigibbus|Kyphosidae_Kyphosus_pacificus|Kyphosidae_Kyphosus_sectatrix",2.115480487,172,173,0.001825,0.000862688174726709,-7.05545725925897,"chronos_discrete"
"clade:Eupercaria_Centrarchiformes_Kyphosidae_Kyphosus_hawaiiensis|Eupercaria_Centrarchiformes_Kyphosidae_Kyphosus_ocyurus|Kyphosidae_Kyphosus_vaigiensis",5.118358867,170,175,0.003392,0.000662712421723594,-7.3191694149329,"chronos_discrete"
"clade:Eupercaria_Centrarchiformes_Kyphosidae_Kyphosus_ocyurus|Kyphosidae_Kyphosus_vaigiensis",0.9038430465,175,176,0.000891,0.000985790623106818,-6.92206657570129,"chronos_discrete"
"clade:Eupercaria_Centrarchiformes_Microcanthidae_Microcanthus_strigatus|Eupercaria_Centrarchiformes_Microcanthidae_Neatypus_obliquus|Eupercaria_Centrarchiformes_Microcanthidae_Tilodon_sexfasciatus",3.93680101,180,181,0.006625,0.00168283842215332,-6.387273374233,"chronos_discrete"
"clade:Eupercaria_Centrarchiformes_Microcanthidae_Microcanthus_strigatus|Eupercaria_Centrarchiformes_Microcanthidae_Neatypus_obliquus|Eupercaria_Centrarchiformes_Microcanthidae_Tilodon_sexfasciatus|Scorpididae_Atypichthys_strigatus",11.6941629,179,180,0.010552,0.00090233051225924,-7.0105296834442,"chronos_discrete"
"clade:Eupercaria_Centrarchiformes_Microcanthidae_Neatypus_obliquus|Eupercaria_Centrarchiformes_Microcanthidae_Tilodon_sexfasciatus",5.93737616,181,182,0.007395,0.00124549966192474,-6.68821849469946,"chronos_discrete"
"clade:Eupercaria_Centrarchiformes_Oplegnathidae_Oplegnathus_fasciatus|Eupercaria_Centrarchiformes_Oplegnathidae_Oplegnathus_insignis|Eupercaria_Centrarchiformes_Oplegnathidae_Oplegnathus_peaolopesi|Eupercaria_Centrarchiformes_Oplegnathidae_Oplegnathus_robinsoni|Oplegnathidae_Oplegnathus_punctatus",0.8215135543,185,186,0.001788,0.00217647048017793,-6.13005076004211,"chronos_discrete"
"clade:Eupercaria_Centrarchiformes_Oplegnathidae_Oplegnathus_fasciatus|Eupercaria_Centrarchiformes_Oplegnathidae_Oplegnathus_insignis|Eupercaria_Centrarchiformes_Oplegnathidae_Oplegnathus_peaolopesi|Eupercaria_Centrarchiformes_Oplegnathidae_Oplegnathus_robinsoni|Oplegnathidae_Oplegnathus_punctatus|Oplegnathidae_Oplegnathus_woodwardi",27.67675692,178,185,0.00462,0.000166927072176634,-8.697953534479,"chronos_discrete"
"clade:Eupercaria_Centrarchiformes_Oplegnathidae_Oplegnathus_fasciatus|Eupercaria_Centrarchiformes_Oplegnathidae_Oplegnathus_peaolopesi|Eupercaria_Centrarchiformes_Oplegnathidae_Oplegnathus_robinsoni",1.11596447,187,188,0.001848,0.00165596669936992,-6.4033703322974,"chronos_discrete"
"clade:Eupercaria_Centrarchiformes_Oplegnathidae_Oplegnathus_fasciatus|Eupercaria_Centrarchiformes_Oplegnathidae_Oplegnathus_peaolopesi|Eupercaria_Centrarchiformes_Oplegnathidae_Oplegnathus_robinsoni|Oplegnathidae_Oplegnathus_punctatus",5.778866211,186,187,0.00677,0.00117151007703092,-6.74946169823445,"chronos_discrete"
"clade:Eupercaria_Centrarchiformes_Oplegnathidae_Oplegnathus_peaolopesi|Eupercaria_Centrarchiformes_Oplegnathidae_Oplegnathus_robinsoni",14.60084906,188,189,0.033965,0.00232623458131962,-6.06350437815676,"chronos_discrete"
"clade:Eupercaria_Centrarchiformes_Scorpididae_Labracoglossa_argenteiventris|Eupercaria_Centrarchiformes_Scorpididae_Medialuna_californiensis|Eupercaria_Centrarchiformes_Scorpididae_Scorpis_georgiana|Eupercaria_Centrarchiformes_Scorpididae_Scorpis_lineolata|Eupercaria_Centrarchiformes_Scorpididae_Scorpis_violacea|Scorpididae_Scorpis_aequipinnis",10.77879532,190,203,0.006245,0.000579378289929342,-7.45355494324933,"chronos_discrete"
"clade:Eupercaria_Centrarchiformes_Scorpididae_Medialuna_californiensis|Eupercaria_Centrarchiformes_Scorpididae_Scorpis_georgiana",8.972006229,204,207,0.009544,0.00106375316249237,-6.84595190511531,"chronos_discrete"
"clade:Eupercaria_Centrarchiformes_Scorpididae_Medialuna_californiensis|Eupercaria_Centrarchiformes_Scorpididae_Scorpis_georgiana|Eupercaria_Centrarchiformes_Scorpididae_Scorpis_lineolata|Eupercaria_Centrarchiformes_Scorpididae_Scorpis_violacea|Scorpididae_Scorpis_aequipinnis",9.258602656,203,204,0.003618,0.000390771710853729,-7.8473870282005,"chronos_discrete"
"clade:Eupercaria_Centrarchiformes_Scorpididae_Scorpis_lineolata|Eupercaria_Centrarchiformes_Scorpididae_Scorpis_violacea",3.869883581,205,206,0.002191,0.000566166902476646,-7.47662164252907,"chronos_discrete"
"clade:Eupercaria_Centrarchiformes_Scorpididae_Scorpis_lineolata|Eupercaria_Centrarchiformes_Scorpididae_Scorpis_violacea|Scorpididae_Scorpis_aequipinnis",24.15567428,204,205,0.007047,0.000291732696769912,-8.13967259697146,"chronos_discrete"
"clade:Eupercaria_Centrarchiformes_Terapontidae_Amniataba_affinis|Eupercaria_Centrarchiformes_Terapontidae_Amniataba_caudavittata|Eupercaria_Centrarchiformes_Terapontidae_Amniataba_percoides|Eupercaria_Centrarchiformes_Terapontidae_Bidyanus_welchi|Eupercaria_Centrarchiformes_Terapontidae_Hannia_greenwayi|Eupercaria_Centrarchiformes_Terapontidae_Helotes_octolineatus|Eupercaria_Centrarchiformes_Terapontidae_Hephaestus_carbo|Eupercaria_Centrarchiformes_Terapontidae_Hephaestus_epirrhinos|Eupercaria_Centrarchiformes_Terapontidae_Hephaestus_habbemai|Eupercaria_Centrarchiformes_Terapontidae_Hephaestus_transmontanus|Eupercaria_Centrarchiformes_Terapontidae_Hephaestus_tulliensis|Eupercaria_Centrarchiformes_Terapontidae_Lagusia_micracanthus|Eupercaria_Centrarchiformes_Terapontidae_Leiopotherapon_aheneus|Eupercaria_Centrarchiformes_Terapontidae_Leiopotherapon_macrolepis|Eupercaria_Centrarchiformes_Terapontidae_Leiopotherapon_plumbeus|Eupercaria_Centrarchiformes_Terapontidae_Leiopotherapon_unicolor|Eupercaria_Centrarchiformes_Terapontidae_Mesopristes_argenteus|Eupercaria_Centrarchiformes_Terapontidae_Mesopristes_cancellatus|Eupercaria_Centrarchiformes_Terapontidae_Pelates_sexlineatus|Eupercaria_Centrarchiformes_Terapontidae_Pelsartia_humeralis|Eupercaria_Centrarchiformes_Terapontidae_Pingalla_gilberti|Eupercaria_Centrarchiformes_Terapontidae_Pingalla_lorentzi|Eupercaria_Centrarchiformes_Terapontidae_Pingalla_midgleyi|Eupercaria_Centrarchiformes_Terapontidae_Rhynchopelates_oxyrhynchus|Eupercaria_Centrarchiformes_Terapontidae_Scortum_barcoo|Eupercaria_Centrarchiformes_Terapontidae_Scortum_hillii|Eupercaria_Centrarchiformes_Terapontidae_Scortum_ogilbyi|Eupercaria_Centrarchiformes_Terapontidae_Scortum_parviceps|Eupercaria_Centrarchiformes_Terapontidae_Syncomistes_bonapartensis|Eupercaria_Centrarchiformes_Terapontidae_Syncomistes_butleri|Eupercaria_Centrarchiformes_Terapontidae_Syncomistes_carcharus|Eupercaria_Centrarchiformes_Terapontidae_Syncomistes_dilliensis|Eupercaria_Centrarchiformes_Terapontidae_Syncomistes_holsworthi|Eupercaria_Centrarchiformes_Terapontidae_Syncomistes_kimberleyensis|Eupercaria_Centrarchiformes_Terapontidae_Syncomistes_moranensis|Eupercaria_Centrarchiformes_Terapontidae_Syncomistes_rastellus|Eupercaria_Centrarchiformes_Terapontidae_Syncomistes_trigonicus|Eupercaria_Centrarchiformes_Terapontidae_Syncomistes_versicolor|Eupercaria_Centrarchiformes_Terapontidae_Syncomistes_wunambal|Eupercaria_Centrarchiformes_Terapontidae_Variichthys_lacustris|Terapontidae_Bidyanus_bidyanus|Terapontidae_Hephaestus_fuliginosus|Terapontidae_Hephaestus_jenkinsi|Terapontidae_Pelates_quadrilineatus|Terapontidae_Terapon_jarbua|Terapontidae_Terapon_puta|Terapontidae_Terapon_theraps",17.40028838,110,111,0.048347,0.00277851716846086,-5.88583788622403,"chronos_discrete"
"clade:Eupercaria_Centrarchiformes_Terapontidae_Amniataba_affinis|Eupercaria_Centrarchiformes_Terapontidae_Amniataba_caudavittata|Eupercaria_Centrarchiformes_Terapontidae_Amniataba_percoides|Eupercaria_Centrarchiformes_Terapontidae_Bidyanus_welchi|Eupercaria_Centrarchiformes_Terapontidae_Hannia_greenwayi|Eupercaria_Centrarchiformes_Terapontidae_Helotes_octolineatus|Eupercaria_Centrarchiformes_Terapontidae_Hephaestus_carbo|Eupercaria_Centrarchiformes_Terapontidae_Hephaestus_epirrhinos|Eupercaria_Centrarchiformes_Terapontidae_Hephaestus_habbemai|Eupercaria_Centrarchiformes_Terapontidae_Hephaestus_transmontanus|Eupercaria_Centrarchiformes_Terapontidae_Hephaestus_tulliensis|Eupercaria_Centrarchiformes_Terapontidae_Lagusia_micracanthus|Eupercaria_Centrarchiformes_Terapontidae_Leiopotherapon_aheneus|Eupercaria_Centrarchiformes_Terapontidae_Leiopotherapon_macrolepis|Eupercaria_Centrarchiformes_Terapontidae_Leiopotherapon_plumbeus|Eupercaria_Centrarchiformes_Terapontidae_Leiopotherapon_unicolor|Eupercaria_Centrarchiformes_Terapontidae_Mesopristes_argenteus|Eupercaria_Centrarchiformes_Terapontidae_Mesopristes_cancellatus|Eupercaria_Centrarchiformes_Terapontidae_Pelates_sexlineatus|Eupercaria_Centrarchiformes_Terapontidae_Pelsartia_humeralis|Eupercaria_Centrarchiformes_Terapontidae_Pingalla_gilberti|Eupercaria_Centrarchiformes_Terapontidae_Pingalla_lorentzi|Eupercaria_Centrarchiformes_Terapontidae_Pingalla_midgleyi|Eupercaria_Centrarchiformes_Terapontidae_Rhynchopelates_oxyrhynchus|Eupercaria_Centrarchiformes_Terapontidae_Scortum_barcoo|Eupercaria_Centrarchiformes_Terapontidae_Scortum_hillii|Eupercaria_Centrarchiformes_Terapontidae_Scortum_ogilbyi|Eupercaria_Centrarchiformes_Terapontidae_Scortum_parviceps|Eupercaria_Centrarchiformes_Terapontidae_Syncomistes_bonapartensis|Eupercaria_Centrarchiformes_Terapontidae_Syncomistes_butleri|Eupercaria_Centrarchiformes_Terapontidae_Syncomistes_carcharus|Eupercaria_Centrarchiformes_Terapontidae_Syncomistes_dilliensis|Eupercaria_Centrarchiformes_Terapontidae_Syncomistes_holsworthi|Eupercaria_Centrarchiformes_Terapontidae_Syncomistes_kimberleyensis|Eupercaria_Centrarchiformes_Terapontidae_Syncomistes_moranensis|Eupercaria_Centrarchiformes_Terapontidae_Syncomistes_rastellus|Eupercaria_Centrarchiformes_Terapontidae_Syncomistes_trigonicus|Eupercaria_Centrarchiformes_Terapontidae_Syncomistes_versicolor|Eupercaria_Centrarchiformes_Terapontidae_Syncomistes_wunambal|Eupercaria_Centrarchiformes_Terapontidae_Variichthys_lacustris|Terapontidae_Bidyanus_bidyanus|Terapontidae_Hephaestus_fuliginosus|Terapontidae_Hephaestus_jenkinsi|Terapontidae_Pelates_quadrilineatus|Terapontidae_Terapon_puta|Terapontidae_Terapon_theraps",3.089727179,111,112,0.008026,0.00259764035302225,-5.95315180256337,"chronos_discrete"
"clade:Eupercaria_Centrarchiformes_Terapontidae_Amniataba_affinis|Eupercaria_Centrarchiformes_Terapontidae_Amniataba_caudavittata|Eupercaria_Centrarchiformes_Terapontidae_Amniataba_percoides|Eupercaria_Centrarchiformes_Terapontidae_Hannia_greenwayi|Eupercaria_Centrarchiformes_Terapontidae_Helotes_octolineatus|Eupercaria_Centrarchiformes_Terapontidae_Hephaestus_carbo|Eupercaria_Centrarchiformes_Terapontidae_Hephaestus_habbemai|Eupercaria_Centrarchiformes_Terapontidae_Hephaestus_transmontanus|Eupercaria_Centrarchiformes_Terapontidae_Lagusia_micracanthus|Eupercaria_Centrarchiformes_Terapontidae_Leiopotherapon_aheneus|Eupercaria_Centrarchiformes_Terapontidae_Leiopotherapon_macrolepis|Eupercaria_Centrarchiformes_Terapontidae_Leiopotherapon_plumbeus|Eupercaria_Centrarchiformes_Terapontidae_Leiopotherapon_unicolor|Eupercaria_Centrarchiformes_Terapontidae_Mesopristes_argenteus|Eupercaria_Centrarchiformes_Terapontidae_Mesopristes_cancellatus|Eupercaria_Centrarchiformes_Terapontidae_Pelates_sexlineatus|Eupercaria_Centrarchiformes_Terapontidae_Pelsartia_humeralis|Eupercaria_Centrarchiformes_Terapontidae_Rhynchopelates_oxyrhynchus|Eupercaria_Centrarchiformes_Terapontidae_Variichthys_lacustris|Terapontidae_Hephaestus_fuliginosus|Terapontidae_Pelates_quadrilineatus|Terapontidae_Terapon_puta|Terapontidae_Terapon_theraps",0.4894710916,112,113,0.001557,0.00318098459075576,-5.75056451037783,"chronos_discrete"
"clade:Eupercaria_Centrarchiformes_Terapontidae_Amniataba_affinis|Eupercaria_Centrarchiformes_Terapontidae_Amniataba_caudavittata|Eupercaria_Centrarchiformes_Terapontidae_Amniataba_percoides|Eupercaria_Centrarchiformes_Terapontidae_Hannia_greenwayi|Eupercaria_Centrarchiformes_Terapontidae_Hephaestus_carbo|Eupercaria_Centrarchiformes_Terapontidae_Hephaestus_habbemai|Eupercaria_Centrarchiformes_Terapontidae_Hephaestus_transmontanus|Eupercaria_Centrarchiformes_Terapontidae_Lagusia_micracanthus|Eupercaria_Centrarchiformes_Terapontidae_Leiopotherapon_aheneus|Eupercaria_Centrarchiformes_Terapontidae_Leiopotherapon_macrolepis|Eupercaria_Centrarchiformes_Terapontidae_Leiopotherapon_plumbeus|Eupercaria_Centrarchiformes_Terapontidae_Leiopotherapon_unicolor|Eupercaria_Centrarchiformes_Terapontidae_Mesopristes_argenteus|Eupercaria_Centrarchiformes_Terapontidae_Mesopristes_cancellatus|Eupercaria_Centrarchiformes_Terapontidae_Pelsartia_humeralis|Eupercaria_Centrarchiformes_Terapontidae_Rhynchopelates_oxyrhynchus|Eupercaria_Centrarchiformes_Terapontidae_Variichthys_lacustris|Terapontidae_Hephaestus_fuliginosus",2.093410181,113,114,0.003079,0.00147080587834401,-6.52194481184674,"chronos_discrete"
"clade:Eupercaria_Centrarchiformes_Terapontidae_Amniataba_affinis|Eupercaria_Centrarchiformes_Terapontidae_Amniataba_caudavittata|Eupercaria_Centrarchiformes_Terapontidae_Amniataba_percoides|Eupercaria_Centrarchiformes_Terapontidae_Hannia_greenwayi|Eupercaria_Centrarchiformes_Terapontidae_Hephaestus_carbo|Eupercaria_Centrarchiformes_Terapontidae_Hephaestus_habbemai|Eupercaria_Centrarchiformes_Terapontidae_Hephaestus_transmontanus|Eupercaria_Centrarchiformes_Terapontidae_Lagusia_micracanthus|Eupercaria_Centrarchiformes_Terapontidae_Leiopotherapon_aheneus|Eupercaria_Centrarchiformes_Terapontidae_Leiopotherapon_macrolepis|Eupercaria_Centrarchiformes_Terapontidae_Leiopotherapon_plumbeus|Eupercaria_Centrarchiformes_Terapontidae_Leiopotherapon_unicolor|Eupercaria_Centrarchiformes_Terapontidae_Variichthys_lacustris|Terapontidae_Hephaestus_fuliginosus",5.936325513,114,115,0.00977,0.00164579923702038,-6.40952915438471,"chronos_discrete"
"clade:Eupercaria_Centrarchiformes_Terapontidae_Amniataba_affinis|Eupercaria_Centrarchiformes_Terapontidae_Amniataba_caudavittata|Eupercaria_Centrarchiformes_Terapontidae_Amniataba_percoides|Eupercaria_Centrarchiformes_Terapontidae_Hannia_greenwayi|Eupercaria_Centrarchiformes_Terapontidae_Lagusia_micracanthus|Eupercaria_Centrarchiformes_Terapontidae_Leiopotherapon_aheneus|Eupercaria_Centrarchiformes_Terapontidae_Leiopotherapon_macrolepis|Eupercaria_Centrarchiformes_Terapontidae_Leiopotherapon_plumbeus|Eupercaria_Centrarchiformes_Terapontidae_Leiopotherapon_unicolor|Eupercaria_Centrarchiformes_Terapontidae_Variichthys_lacustris|Terapontidae_Hephaestus_fuliginosus",8.818601261,115,116,0.01336,0.00151497948536172,-6.49235338112785,"chronos_discrete"
"clade:Eupercaria_Centrarchiformes_Terapontidae_Amniataba_affinis|Eupercaria_Centrarchiformes_Terapontidae_Amniataba_caudavittata|Eupercaria_Centrarchiformes_Terapontidae_Hannia_greenwayi|Eupercaria_Centrarchiformes_Terapontidae_Lagusia_micracanthus|Eupercaria_Centrarchiformes_Terapontidae_Leiopotherapon_aheneus|Eupercaria_Centrarchiformes_Terapontidae_Leiopotherapon_macrolepis|Eupercaria_Centrarchiformes_Terapontidae_Leiopotherapon_plumbeus|Eupercaria_Centrarchiformes_Terapontidae_Leiopotherapon_unicolor|Eupercaria_Centrarchiformes_Terapontidae_Variichthys_lacustris",2.468015994,116,117,0.004725,0.00191449326563805,-6.25830230460963,"chronos_discrete"
"clade:Eupercaria_Centrarchiformes_Terapontidae_Amniataba_affinis|Eupercaria_Centrarchiformes_Terapontidae_Amniataba_caudavittata|Eupercaria_Centrarchiformes_Terapontidae_Hannia_greenwayi|Eupercaria_Centrarchiformes_Terapontidae_Lagusia_micracanthus|Eupercaria_Centrarchiformes_Terapontidae_Leiopotherapon_aheneus|Eupercaria_Centrarchiformes_Terapontidae_Leiopotherapon_plumbeus",0.8087393594,117,118,0.001729,0.00213789520678546,-6.14793348218042,"chronos_discrete"
"clade:Eupercaria_Centrarchiformes_Terapontidae_Amniataba_affinis|Eupercaria_Centrarchiformes_Terapontidae_Amniataba_caudavittata|Eupercaria_Centrarchiformes_Terapontidae_Lagusia_micracanthus|Eupercaria_Centrarchiformes_Terapontidae_Leiopotherapon_plumbeus",1.495298811,118,119,0.002783,0.00186116646353703,-6.28655185688757,"chronos_discrete"
"clade:Eupercaria_Centrarchiformes_Terapontidae_Amniataba_affinis|Eupercaria_Centrarchiformes_Terapontidae_Lagusia_micracanthus|Eupercaria_Centrarchiformes_Terapontidae_Leiopotherapon_plumbeus",0.7255045459,119,120,0.001468,0.00202341943726751,-6.20296640799788,"chronos_discrete"
"clade:Eupercaria_Centrarchiformes_Terapontidae_Amniataba_affinis|Eupercaria_Centrarchiformes_Terapontidae_Leiopotherapon_plumbeus",1.832759686,120,121,0.001425,0.000777516010901606,-7.15940632132342,"chronos_discrete"
"clade:Eupercaria_Centrarchiformes_Terapontidae_Amniataba_percoides|Terapontidae_Hephaestus_fuliginosus",12.6603137,116,125,0.007166,0.000566020729802296,-7.47687985533938,"chronos_discrete"
"clade:Eupercaria_Centrarchiformes_Terapontidae_Bidyanus_welchi|Eupercaria_Centrarchiformes_Terapontidae_Hephaestus_epirrhinos|Eupercaria_Centrarchiformes_Terapontidae_Hephaestus_tulliensis|Eupercaria_Centrarchiformes_Terapontidae_Pingalla_gilberti|Eupercaria_Centrarchiformes_Terapontidae_Pingalla_lorentzi|Eupercaria_Centrarchiformes_Terapontidae_Pingalla_midgleyi|Eupercaria_Centrarchiformes_Terapontidae_Scortum_barcoo|Eupercaria_Centrarchiformes_Terapontidae_Scortum_hillii|Eupercaria_Centrarchiformes_Terapontidae_Scortum_ogilbyi|Eupercaria_Centrarchiformes_Terapontidae_Scortum_parviceps|Eupercaria_Centrarchiformes_Terapontidae_Syncomistes_bonapartensis|Eupercaria_Centrarchiformes_Terapontidae_Syncomistes_butleri|Eupercaria_Centrarchiformes_Terapontidae_Syncomistes_carcharus|Eupercaria_Centrarchiformes_Terapontidae_Syncomistes_dilliensis|Eupercaria_Centrarchiformes_Terapontidae_Syncomistes_holsworthi|Eupercaria_Centrarchiformes_Terapontidae_Syncomistes_kimberleyensis|Eupercaria_Centrarchiformes_Terapontidae_Syncomistes_moranensis|Eupercaria_Centrarchiformes_Terapontidae_Syncomistes_rastellus|Eupercaria_Centrarchiformes_Terapontidae_Syncomistes_trigonicus|Eupercaria_Centrarchiformes_Terapontidae_Syncomistes_versicolor|Eupercaria_Centrarchiformes_Terapontidae_Syncomistes_wunambal|Terapontidae_Bidyanus_bidyanus|Terapontidae_Hephaestus_jenkinsi",11.92351262,112,135,0.004648,0.00038981801320893,-7.84983056054516,"chronos_discrete"
"clade:Eupercaria_Centrarchiformes_Terapontidae_Bidyanus_welchi|Eupercaria_Centrarchiformes_Terapontidae_Hephaestus_epirrhinos|Eupercaria_Centrarchiformes_Terapontidae_Hephaestus_tulliensis|Eupercaria_Centrarchiformes_Terapontidae_Scortum_barcoo|Eupercaria_Centrarchiformes_Terapontidae_Scortum_hillii|Eupercaria_Centrarchiformes_Terapontidae_Scortum_ogilbyi|Eupercaria_Centrarchiformes_Terapontidae_Scortum_parviceps|Eupercaria_Centrarchiformes_Terapontidae_Syncomistes_bonapartensis|Eupercaria_Centrarchiformes_Terapontidae_Syncomistes_butleri|Eupercaria_Centrarchiformes_Terapontidae_Syncomistes_carcharus|Eupercaria_Centrarchiformes_Terapontidae_Syncomistes_dilliensis|Eupercaria_Centrarchiformes_Terapontidae_Syncomistes_holsworthi|Eupercaria_Centrarchiformes_Terapontidae_Syncomistes_kimberleyensis|Eupercaria_Centrarchiformes_Terapontidae_Syncomistes_moranensis|Eupercaria_Centrarchiformes_Terapontidae_Syncomistes_rastellus|Eupercaria_Centrarchiformes_Terapontidae_Syncomistes_trigonicus|Eupercaria_Centrarchiformes_Terapontidae_Syncomistes_versicolor|Eupercaria_Centrarchiformes_Terapontidae_Syncomistes_wunambal|Terapontidae_Bidyanus_bidyanus|Terapontidae_Hephaestus_jenkinsi",8.259801463,135,136,0.004095,0.000495774628281764,-7.60938911296471,"chronos_discrete"
"clade:Eupercaria_Centrarchiformes_Terapontidae_Bidyanus_welchi|Terapontidae_Bidyanus_bidyanus",8.254308462,136,154,0.006982,0.000845861289548692,-7.07515517214535,"chronos_discrete"
"clade:Eupercaria_Centrarchiformes_Terapontidae_Hannia_greenwayi|Eupercaria_Centrarchiformes_Terapontidae_Leiopotherapon_aheneus",4.355332975,118,122,0.005418,0.00124399214275919,-6.68942960079507,"chronos_discrete"
"clade:Eupercaria_Centrarchiformes_Terapontidae_Helotes_octolineatus|Eupercaria_Centrarchiformes_Terapontidae_Pelates_sexlineatus|Terapontidae_Pelates_quadrilineatus",4.834018245,132,133,0.010426,0.00215679781738184,-6.13913064921738,"chronos_discrete"
"clade:Eupercaria_Centrarchiformes_Terapontidae_Helotes_octolineatus|Eupercaria_Centrarchiformes_Terapontidae_Pelates_sexlineatus|Terapontidae_Pelates_quadrilineatus|Terapontidae_Terapon_puta|Terapontidae_Terapon_theraps",1.625165818,113,131,0.004353,0.00267849591210144,-5.92249986883392,"chronos_discrete"
"clade:Eupercaria_Centrarchiformes_Terapontidae_Helotes_octolineatus|Eupercaria_Centrarchiformes_Terapontidae_Pelates_sexlineatus|Terapontidae_Pelates_quadrilineatus|Terapontidae_Terapon_theraps",2.180926341,131,132,0.005295,0.00242786741599541,-6.02074201353805,"chronos_discrete"
"clade:Eupercaria_Centrarchiformes_Terapontidae_Hephaestus_carbo|Eupercaria_Centrarchiformes_Terapontidae_Hephaestus_habbemai",5.568154014,126,127,0.003908,0.000701848402571862,-7.26179312801152,"chronos_discrete"
"clade:Eupercaria_Centrarchiformes_Terapontidae_Hephaestus_carbo|Eupercaria_Centrarchiformes_Terapontidae_Hephaestus_habbemai|Eupercaria_Centrarchiformes_Terapontidae_Hephaestus_transmontanus",16.73792976,115,126,0.018362,0.00109702933775485,-6.81514935442327,"chronos_discrete"
"clade:Eupercaria_Centrarchiformes_Terapontidae_Hephaestus_epirrhinos|Eupercaria_Centrarchiformes_Terapontidae_Hephaestus_tulliensis|Eupercaria_Centrarchiformes_Terapontidae_Scortum_barcoo|Eupercaria_Centrarchiformes_Terapontidae_Scortum_hillii|Eupercaria_Centrarchiformes_Terapontidae_Scortum_ogilbyi|Eupercaria_Centrarchiformes_Terapontidae_Scortum_parviceps|Eupercaria_Centrarchiformes_Terapontidae_Syncomistes_bonapartensis|Eupercaria_Centrarchiformes_Terapontidae_Syncomistes_butleri|Eupercaria_Centrarchiformes_Terapontidae_Syncomistes_carcharus|Eupercaria_Centrarchiformes_Terapontidae_Syncomistes_dilliensis|Eupercaria_Centrarchiformes_Terapontidae_Syncomistes_holsworthi|Eupercaria_Centrarchiformes_Terapontidae_Syncomistes_kimberleyensis|Eupercaria_Centrarchiformes_Terapontidae_Syncomistes_moranensis|Eupercaria_Centrarchiformes_Terapontidae_Syncomistes_rastellus|Eupercaria_Centrarchiformes_Terapontidae_Syncomistes_trigonicus|Eupercaria_Centrarchiformes_Terapontidae_Syncomistes_versicolor|Eupercaria_Centrarchiformes_Terapontidae_Syncomistes_wunambal|Terapontidae_Hephaestus_jenkinsi",4.878683857,136,137,0.003032,0.000621479089211662,-7.38340829325667,"chronos_discrete"
"clade:Eupercaria_Centrarchiformes_Terapontidae_Hephaestus_epirrhinos|Terapontidae_Hephaestus_jenkinsi",3.834532214,137,153,0.002604,0.000679091960811468,-7.29475400391862,"chronos_discrete"
"clade:Eupercaria_Centrarchiformes_Terapontidae_Hephaestus_tulliensis|Eupercaria_Centrarchiformes_Terapontidae_Scortum_barcoo|Eupercaria_Centrarchiformes_Terapontidae_Scortum_hillii|Eupercaria_Centrarchiformes_Terapontidae_Scortum_ogilbyi|Eupercaria_Centrarchiformes_Terapontidae_Scortum_parviceps|Eupercaria_Centrarchiformes_Terapontidae_Syncomistes_bonapartensis|Eupercaria_Centrarchiformes_Terapontidae_Syncomistes_butleri|Eupercaria_Centrarchiformes_Terapontidae_Syncomistes_carcharus|Eupercaria_Centrarchiformes_Terapontidae_Syncomistes_dilliensis|Eupercaria_Centrarchiformes_Terapontidae_Syncomistes_holsworthi|Eupercaria_Centrarchiformes_Terapontidae_Syncomistes_kimberleyensis|Eupercaria_Centrarchiformes_Terapontidae_Syncomistes_moranensis|Eupercaria_Centrarchiformes_Terapontidae_Syncomistes_rastellus|Eupercaria_Centrarchiformes_Terapontidae_Syncomistes_trigonicus|Eupercaria_Centrarchiformes_Terapontidae_Syncomistes_versicolor|Eupercaria_Centrarchiformes_Terapontidae_Syncomistes_wunambal",0.6487587424,137,138,0.00059,0.000909428977893031,-7.00269365223275,"chronos_discrete"
"clade:Eupercaria_Centrarchiformes_Terapontidae_Leiopotherapon_macrolepis|Eupercaria_Centrarchiformes_Terapontidae_Leiopotherapon_unicolor|Eupercaria_Centrarchiformes_Terapontidae_Variichthys_lacustris",0.5762605217,117,123,0.000428,0.000742719627465329,-7.20519193645991,"chronos_discrete"
"clade:Eupercaria_Centrarchiformes_Terapontidae_Leiopotherapon_macrolepis|Eupercaria_Centrarchiformes_Terapontidae_Variichthys_lacustris",2.683453697,123,124,0.003515,0.00130987913222786,-6.63782041150071,"chronos_discrete"
"clade:Eupercaria_Centrarchiformes_Terapontidae_Mesopristes_argenteus|Eupercaria_Centrarchiformes_Terapontidae_Mesopristes_cancellatus|Eupercaria_Centrarchiformes_Terapontidae_Pelsartia_humeralis|Eupercaria_Centrarchiformes_Terapontidae_Rhynchopelates_oxyrhynchus",2.157081158,114,128,0.001714,0.000794592263551727,-7.13768145091141,"chronos_discrete"
"clade:Eupercaria_Centrarchiformes_Terapontidae_Mesopristes_argenteus|Eupercaria_Centrarchiformes_Terapontidae_Mesopristes_cancellatus|Eupercaria_Centrarchiformes_Terapontidae_Rhynchopelates_oxyrhynchus",6.444821302,128,129,0.006106,0.00094742735506183,-6.96176029406644,"chronos_discrete"
"clade:Eupercaria_Centrarchiformes_Terapontidae_Mesopristes_argenteus|Eupercaria_Centrarchiformes_Terapontidae_Rhynchopelates_oxyrhynchus",2.7517662,129,130,0.002778,0.00100953344074071,-6.89826699471673,"chronos_discrete"
"clade:Eupercaria_Centrarchiformes_Terapontidae_Pelates_sexlineatus|Terapontidae_Pelates_quadrilineatus",13.95162678,133,134,0.022158,0.00158820188852558,-6.44515279040579,"chronos_discrete"
"clade:Eupercaria_Centrarchiformes_Terapontidae_Pingalla_gilberti|Eupercaria_Centrarchiformes_Terapontidae_Pingalla_lorentzi|Eupercaria_Centrarchiformes_Terapontidae_Pingalla_midgleyi",9.874619528,135,155,0.008525,0.000863324402102472,-7.05472003704736,"chronos_discrete"
"clade:Eupercaria_Centrarchiformes_Terapontidae_Pingalla_lorentzi|Eupercaria_Centrarchiformes_Terapontidae_Pingalla_midgleyi",2.956728784,155,156,0.001879,0.000635499613683877,-7.36109907522814,"chronos_discrete"
"clade:Eupercaria_Centrarchiformes_Terapontidae_Scortum_barcoo|Eupercaria_Centrarchiformes_Terapontidae_Scortum_hillii|Eupercaria_Centrarchiformes_Terapontidae_Scortum_ogilbyi|Eupercaria_Centrarchiformes_Terapontidae_Scortum_parviceps",0.7864717476,139,150,0.001066,0.00135542058980886,-6.60364347443116,"chronos_discrete"
"clade:Eupercaria_Centrarchiformes_Terapontidae_Scortum_barcoo|Eupercaria_Centrarchiformes_Terapontidae_Scortum_hillii|Eupercaria_Centrarchiformes_Terapontidae_Scortum_ogilbyi|Eupercaria_Centrarchiformes_Terapontidae_Scortum_parviceps|Eupercaria_Centrarchiformes_Terapontidae_Syncomistes_bonapartensis|Eupercaria_Centrarchiformes_Terapontidae_Syncomistes_butleri|Eupercaria_Centrarchiformes_Terapontidae_Syncomistes_carcharus|Eupercaria_Centrarchiformes_Terapontidae_Syncomistes_dilliensis|Eupercaria_Centrarchiformes_Terapontidae_Syncomistes_holsworthi|Eupercaria_Centrarchiformes_Terapontidae_Syncomistes_kimberleyensis|Eupercaria_Centrarchiformes_Terapontidae_Syncomistes_moranensis|Eupercaria_Centrarchiformes_Terapontidae_Syncomistes_rastellus|Eupercaria_Centrarchiformes_Terapontidae_Syncomistes_trigonicus|Eupercaria_Centrarchiformes_Terapontidae_Syncomistes_versicolor|Eupercaria_Centrarchiformes_Terapontidae_Syncomistes_wunambal",0.1331774378,138,139,0.000182,0.00136659784875363,-6.59543094977834,"chronos_discrete"
"clade:Eupercaria_Centrarchiformes_Terapontidae_Scortum_barcoo|Eupercaria_Centrarchiformes_Terapontidae_Scortum_ogilbyi",4.751988775,150,152,0.005315,0.00111847907300665,-6.79578548708248,"chronos_discrete"
"clade:Eupercaria_Centrarchiformes_Terapontidae_Scortum_hillii|Eupercaria_Centrarchiformes_Terapontidae_Scortum_parviceps",3.453564018,150,151,0.004157,0.00120368407197136,-6.72236836522296,"chronos_discrete"
"clade:Eupercaria_Centrarchiformes_Terapontidae_Syncomistes_bonapartensis|Eupercaria_Centrarchiformes_Terapontidae_Syncomistes_butleri",1.719428876,142,146,0.001273,0.000740362115449316,-7.2083711462546,"chronos_discrete"
"clade:Eupercaria_Centrarchiformes_Terapontidae_Syncomistes_bonapartensis|Eupercaria_Centrarchiformes_Terapontidae_Syncomistes_butleri|Eupercaria_Centrarchiformes_Terapontidae_Syncomistes_carcharus|Eupercaria_Centrarchiformes_Terapontidae_Syncomistes_dilliensis|Eupercaria_Centrarchiformes_Terapontidae_Syncomistes_holsworthi|Eupercaria_Centrarchiformes_Terapontidae_Syncomistes_kimberleyensis|Eupercaria_Centrarchiformes_Terapontidae_Syncomistes_moranensis|Eupercaria_Centrarchiformes_Terapontidae_Syncomistes_rastellus|Eupercaria_Centrarchiformes_Terapontidae_Syncomistes_trigonicus|Eupercaria_Centrarchiformes_Terapontidae_Syncomistes_versicolor|Eupercaria_Centrarchiformes_Terapontidae_Syncomistes_wunambal",1.933431241,139,140,0.001887,0.000975985057024327,-6.93206328209428,"chronos_discrete"
"clade:Eupercaria_Centrarchiformes_Terapontidae_Syncomistes_bonapartensis|Eupercaria_Centrarchiformes_Terapontidae_Syncomistes_butleri|Eupercaria_Centrarchiformes_Terapontidae_Syncomistes_carcharus|Eupercaria_Centrarchiformes_Terapontidae_Syncomistes_dilliensis|Eupercaria_Centrarchiformes_Terapontidae_Syncomistes_holsworthi|Eupercaria_Centrarchiformes_Terapontidae_Syncomistes_kimberleyensis|Eupercaria_Centrarchiformes_Terapontidae_Syncomistes_rastellus|Eupercaria_Centrarchiformes_Terapontidae_Syncomistes_trigonicus|Eupercaria_Centrarchiformes_Terapontidae_Syncomistes_versicolor|Eupercaria_Centrarchiformes_Terapontidae_Syncomistes_wunambal",0.3037505179,140,141,0.00037,0.00121810491899082,-6.71045897301775,"chronos_discrete"
"clade:Eupercaria_Centrarchiformes_Terapontidae_Syncomistes_bonapartensis|Eupercaria_Centrarchiformes_Terapontidae_Syncomistes_butleri|Eupercaria_Centrarchiformes_Terapontidae_Syncomistes_kimberleyensis|Eupercaria_Centrarchiformes_Terapontidae_Syncomistes_rastellus|Eupercaria_Centrarchiformes_Terapontidae_Syncomistes_trigonicus|Eupercaria_Centrarchiformes_Terapontidae_Syncomistes_wunambal",0.002649757482,141,142,1e-06,0.00037739302815185,-7.88222339856599,"chronos_discrete"
"clade:Eupercaria_Centrarchiformes_Terapontidae_Syncomistes_carcharus|Eupercaria_Centrarchiformes_Terapontidae_Syncomistes_dilliensis|Eupercaria_Centrarchiformes_Terapontidae_Syncomistes_holsworthi|Eupercaria_Centrarchiformes_Terapontidae_Syncomistes_versicolor",0.4902706708,141,147,0.000876,0.00178676811029831,-6.32734681602732,"chronos_discrete"
"clade:Eupercaria_Centrarchiformes_Terapontidae_Syncomistes_carcharus|Eupercaria_Centrarchiformes_Terapontidae_Syncomistes_versicolor",1.021363078,147,149,0.001736,0.00169968940271405,-6.37730974889828,"chronos_discrete"
"clade:Eupercaria_Centrarchiformes_Terapontidae_Syncomistes_dilliensis|Eupercaria_Centrarchiformes_Terapontidae_Syncomistes_holsworthi",0.001318997943,147,148,1e-06,0.000758151296070672,-7.18462759320131,"chronos_discrete"
"clade:Eupercaria_Centrarchiformes_Terapontidae_Syncomistes_kimberleyensis|Eupercaria_Centrarchiformes_Terapontidae_Syncomistes_rastellus",1.037197522,143,145,0.00041,0.000395295969478801,-7.83587578382087,"chronos_discrete"
"clade:Eupercaria_Centrarchiformes_Terapontidae_Syncomistes_kimberleyensis|Eupercaria_Centrarchiformes_Terapontidae_Syncomistes_rastellus|Eupercaria_Centrarchiformes_Terapontidae_Syncomistes_trigonicus|Eupercaria_Centrarchiformes_Terapontidae_Syncomistes_wunambal",1.337247726,142,143,0.000839,0.000627408058871509,-7.37391341742008,"chronos_discrete"
"clade:Eupercaria_Centrarchiformes_Terapontidae_Syncomistes_trigonicus|Eupercaria_Centrarchiformes_Terapontidae_Syncomistes_wunambal",0.639205563,143,144,0.000768,0.00120149142068715,-6.72419164331499,"chronos_discrete"
"clade:Kyphosidae_Kyphosus_pacificus|Kyphosidae_Kyphosus_sectatrix",1.020091404,173,174,0.000928,0.000909722399738994,-7.00237106022406,"chronos_discrete"
"tip:Centrarchidae_Lepomis_macrochirus",30.00620733,208,105,0.022586,0.000752710922496982,-7.19182930493969,"chronos_discrete"
"tip:Centrarchidae_Micropterus_dolomieu",4.33372854,209,103,0.003348,0.000772544927329481,-7.16582039252819,"chronos_discrete"
"tip:Centrarchidae_Micropterus_salmoides",4.33372854,209,104,0.003338,0.000770237445467685,-7.16881171991577,"chronos_discrete"
"tip:Eupercaria_Centrarchiformes_Dichistiidae_Dichistius_capensis",20.57784941,184,76,0.012183,0.000592044375350495,-7.43192896752718,"chronos_discrete"
"tip:Eupercaria_Centrarchiformes_Dichistiidae_Dichistius_multifasciatus",20.57784941,184,75,0.032336,0.00157139841757643,-6.45578934423819,"chronos_discrete"
"tip:Eupercaria_Centrarchiformes_Girellidae_Girella_cyanea",10.69271716,196,86,0.000761,7.11699363793889e-05,-9.55044007057806,"chronos_discrete"
"tip:Eupercaria_Centrarchiformes_Girellidae_Girella_fimbriata",0.8041055895,202,95,1e-06,1.24361776992722e-06,-13.5974858697619,"chronos_discrete"
"tip:Eupercaria_Centrarchiformes_Girellidae_Girella_laevifrons",11.77091494,194,89,0.012285,0.00104367418018229,-6.86500792617926,"chronos_discrete"
"tip:Eupercaria_Centrarchiformes_Girellidae_Girella_leonina",0.2076064411,201,91,1e-06,4.81680623540153e-06,-12.2433994562858,"chronos_discrete"
"tip:Eupercaria_Centrarchiformes_Girellidae_Girella_melanichthys",0.2076064411,201,90,0.000549,0.00264442662323544,-5.93530101477629,"chronos_discrete"
"tip:Eupercaria_Centrarchiformes_Girellidae_Girella_mezina",10.07623138,200,92,0.011373,0.00112869579618566,-6.78669247548411,"chronos_discrete"
"tip:Eupercaria_Centrarchiformes_Girellidae_Girella_nebulosa",0.8041055895,202,94,0.001414,0.00175847552667708,-6.34330802330541,"chronos_discrete"
"tip:Eupercaria_Centrarchiformes_Girellidae_Girella_nigricans",1.958455313,198,88,0.003097,0.00158134831029458,-6.44947743490276,"chronos_discrete"
"tip:Eupercaria_Centrarchiformes_Girellidae_Girella_punctata",11.8837981,199,93,0.006637,0.00055849148093487,-7.49027119304518,"chronos_discrete"
"tip:Eupercaria_Centrarchiformes_Girellidae_Girella_simplicidens",1.958455313,198,87,0.001983,0.00101253267656253,-6.89530048635617,"chronos_discrete"
"tip:Eupercaria_Centrarchiformes_Girellidae_Girella_tricuspidata",9.208022381,197,85,0.007605,0.000825910242756609,-7.09902445529133,"chronos_discrete"
"tip:Eupercaria_Centrarchiformes_Girellidae_Girella_zebra",9.208022381,197,84,0.013903,0.00150987904076859,-6.49572573681518,"chronos_discrete"
"tip:Eupercaria_Centrarchiformes_Girellidae_Graus_nigra",34.55996458,191,96,0.039409,0.00114030788164656,-6.77645698141872,"chronos_discrete"
"tip:Eupercaria_Centrarchiformes_Kuhliidae_Kuhlia_caudavittata",23.52674582,158,58,0.024914,0.00105896498353889,-6.85046327850077,"chronos_discrete"
"tip:Eupercaria_Centrarchiformes_Kuhliidae_Kuhlia_mugil",1.861654747,166,53,0.001613,0.000866433479461915,-7.05112522098586,"chronos_discrete"
"tip:Eupercaria_Centrarchiformes_Kuhliidae_Kuhlia_munda",32.96394831,157,59,0.040495,0.00122846327809935,-6.70199125810683,"chronos_discrete"
"tip:Eupercaria_Centrarchiformes_Kuhliidae_Kuhlia_nutabunda",1.431802156,167,55,0.001507,0.00105251971697688,-6.85656825911349,"chronos_discrete"
"tip:Eupercaria_Centrarchiformes_Kuhliidae_Kuhlia_rupestris",10.27524781,163,52,0.007721,0.000751417400608657,-7.19354926750849,"chronos_discrete"
"tip:Eupercaria_Centrarchiformes_Kuhliidae_Kuhlia_salelea",3.125569136,162,48,0.004538,0.00145189557566709,-6.53488528275038,"chronos_discrete"
"tip:Eupercaria_Centrarchiformes_Kuhliidae_Kuhlia_sandvicensis",1.431802156,167,56,0.001505,0.00105112287594572,-6.85789628055701,"chronos_discrete"
"tip:Eupercaria_Centrarchiformes_Kuhliidae_Kuhlia_sauvagii",10.27524781,163,51,0.015541,0.00151246960534376,-6.49401146390169,"chronos_discrete"
"tip:Eupercaria_Centrarchiformes_Kyphosidae_Kyphosus_azureus",17.16840131,177,70,0.017991,0.00104791352876408,-6.86095420720878,"chronos_discrete"
"tip:Eupercaria_Centrarchiformes_Kyphosidae_Kyphosus_bigibbus",2.412230019,173,62,0.002216,0.000918652028432451,-6.992603148843,"chronos_discrete"
"tip:Eupercaria_Centrarchiformes_Kyphosidae_Kyphosus_cornelii",17.16840131,177,69,0.015082,0.000878474339437491,-7.03732386028281,"chronos_discrete"
"tip:Eupercaria_Centrarchiformes_Kyphosidae_Kyphosus_hawaiiensis",2.166941133,175,67,0.001403,0.000647456443847937,-7.3424590348417,"chronos_discrete"
"tip:Eupercaria_Centrarchiformes_Kyphosidae_Kyphosus_ocyurus",1.263098087,176,65,0.001931,0.00152878071772426,-6.48328477780466,"chronos_discrete"
"tip:Eupercaria_Centrarchiformes_Kyphosidae_Kyphosus_sydneyanus",12.74297697,169,68,0.006616,0.000519187942941091,-7.56324461522252,"chronos_discrete"
"tip:Eupercaria_Centrarchiformes_Microcanthidae_Microcanthus_strigatus",29.56151117,181,73,0.041516,0.00140439369832121,-6.5681496007769,"chronos_discrete"
"tip:Eupercaria_Centrarchiformes_Microcanthidae_Neatypus_obliquus",23.62413501,182,71,0.031782,0.00134531909788641,-6.61112404656788,"chronos_discrete"
"tip:Eupercaria_Centrarchiformes_Microcanthidae_Tilodon_sexfasciatus",23.62413501,182,72,0.020591,0.000871608632074102,-7.04517005123232,"chronos_discrete"
"tip:Eupercaria_Centrarchiformes_Oplegnathidae_Oplegnathus_conwayi",42.07652926,183,77,0.04296,0.00102099675889475,-6.88697591424662,"chronos_discrete"
"tip:Eupercaria_Centrarchiformes_Oplegnathidae_Oplegnathus_fasciatus",15.48200576,188,80,0.004583,0.000296021075760148,-8.12507990428256,"chronos_discrete"
"tip:Eupercaria_Centrarchiformes_Oplegnathidae_Oplegnathus_insignis",22.37683645,186,82,0.044127,0.00197199457119865,-6.22870977574735,"chronos_discrete"
"tip:Eupercaria_Centrarchiformes_Oplegnathidae_Oplegnathus_peaolopesi",0.8811566998,189,79,0.002902,0.00329339832592623,-5.71583532149221,"chronos_discrete"
"tip:Eupercaria_Centrarchiformes_Oplegnathidae_Oplegnathus_robinsoni",0.8811566998,189,78,1e-06,1.13487192485397e-06,-13.6889907549363,"chronos_discrete"
"tip:Eupercaria_Centrarchiformes_Scorpididae_Labracoglossa_argenteiventris",40.41694672,203,102,0.046588,0.00115268479637395,-6.76566145202185,"chronos_discrete"
"tip:Eupercaria_Centrarchiformes_Scorpididae_Medialuna_californiensis",22.18633783,207,101,0.015051,0.000678390463325961,-7.29578753118273,"chronos_discrete"
"tip:Eupercaria_Centrarchiformes_Scorpididae_Scorpis_georgiana",22.18633783,207,100,0.030009,0.00135258915779342,-6.60573462868181,"chronos_discrete"
"tip:Eupercaria_Centrarchiformes_Scorpididae_Scorpis_lineolata",3.132786198,206,98,0.002596,0.000828655336153265,-7.09570624784113,"chronos_discrete"
"tip:Eupercaria_Centrarchiformes_Scorpididae_Scorpis_violacea",3.132786198,206,97,0.002214,0.000706719150324857,-7.25487721239653,"chronos_discrete"
"tip:Eupercaria_Centrarchiformes_Terapontidae_Amniataba_affinis",6.715218823,121,1,0.004459,0.000664014102523015,-7.3172071699739,"chronos_discrete"
"tip:Eupercaria_Centrarchiformes_Terapontidae_Amniataba_caudavittata",9.273483055,119,4,0.007469,0.000805414746077842,-7.12415320070305,"chronos_discrete"
"tip:Eupercaria_Centrarchiformes_Terapontidae_Amniataba_percoides",1.385223522,125,10,0.000531,0.000383331636784031,-7.86661005106567,"chronos_discrete"
"tip:Eupercaria_Centrarchiformes_Terapontidae_Bidyanus_welchi",2.945722725,154,42,0.005346,0.00181483476181554,-6.31176085573176,"chronos_discrete"
"tip:Eupercaria_Centrarchiformes_Terapontidae_Hannia_greenwayi",6.413448892,122,6,0.005887,0.000917914853479743,-6.99340592384625,"chronos_discrete"
"tip:Eupercaria_Centrarchiformes_Terapontidae_Helotes_octolineatus",22.25376377,133,21,0.034201,0.00153686362241815,-6.47801154808383,"chronos_discrete"
"tip:Eupercaria_Centrarchiformes_Terapontidae_Hephaestus_carbo",0.5580547055,127,12,0.000233,0.00041752179079153,-7.78117382152275,"chronos_discrete"
"tip:Eupercaria_Centrarchiformes_Terapontidae_Hephaestus_epirrhinos",2.486815116,153,40,0.000586,0.00023564276903004,-8.35319359027628,"chronos_discrete"
"tip:Eupercaria_Centrarchiformes_Terapontidae_Hephaestus_habbemai",0.5580547055,127,13,7e-04,0.00125435731139086,-6.68113194004505,"chronos_discrete"
"tip:Eupercaria_Centrarchiformes_Terapontidae_Hephaestus_transmontanus",6.126208719,126,14,0.008332,0.00136005813418647,-6.60022783442241,"chronos_discrete"
"tip:Eupercaria_Centrarchiformes_Terapontidae_Hephaestus_tulliensis",5.672588588,138,39,0.002882,0.000508057292590668,-7.58491633605477,"chronos_discrete"
"tip:Eupercaria_Centrarchiformes_Terapontidae_Lagusia_micracanthus",8.547978509,120,3,0.018915,0.00221280387872814,-6.11349484419553,"chronos_discrete"
"tip:Eupercaria_Centrarchiformes_Terapontidae_Leiopotherapon_aheneus",6.413448892,122,5,0.008311,0.00129587062124514,-6.64857251532149,"chronos_discrete"
"tip:Eupercaria_Centrarchiformes_Terapontidae_Leiopotherapon_macrolepis",8.317807007,124,7,0.013211,0.00158827921697174,-6.44510410228607,"chronos_discrete"
"tip:Eupercaria_Centrarchiformes_Terapontidae_Leiopotherapon_plumbeus",6.715218823,121,2,0.007277,0.00108365791075577,-6.82741300625429,"chronos_discrete"
"tip:Eupercaria_Centrarchiformes_Terapontidae_Leiopotherapon_unicolor",11.0012607,123,9,0.004394,0.000399408769578563,-7.82552518034188,"chronos_discrete"
"tip:Eupercaria_Centrarchiformes_Terapontidae_Mesopristes_argenteus",17.44679533,130,16,0.007666,0.000439393014877535,-7.73011629509612,"chronos_discrete"
"tip:Eupercaria_Centrarchiformes_Terapontidae_Mesopristes_cancellatus",20.19856153,129,17,0.018249,0.000903480179660101,-7.00925638546083,"chronos_discrete"
"tip:Eupercaria_Centrarchiformes_Terapontidae_Pelates_sexlineatus",8.30213699,134,19,0.008957,0.00107887884899861,-6.83183287982696,"chronos_discrete"
"tip:Eupercaria_Centrarchiformes_Terapontidae_Pelsartia_humeralis",26.64338284,128,18,0.021582,0.000810032274415196,-7.11843646613455,"chronos_discrete"
"tip:Eupercaria_Centrarchiformes_Terapontidae_Pingalla_gilberti",9.585213123,155,46,0.011452,0.00119475695042404,-6.72981250305145,"chronos_discrete"
"tip:Eupercaria_Centrarchiformes_Terapontidae_Pingalla_lorentzi",6.628484339,156,45,0.006642,0.00100203902737168,-6.90571832760524,"chronos_discrete"
"tip:Eupercaria_Centrarchiformes_Terapontidae_Pingalla_midgleyi",6.628484339,156,44,0.003993,0.00060240015602155,-7.41458862247871,"chronos_discrete"
"tip:Eupercaria_Centrarchiformes_Terapontidae_Rhynchopelates_oxyrhynchus",17.44679533,130,15,0.02682,0.00153724506379018,-6.47776338420095,"chronos_discrete"
"tip:Eupercaria_Centrarchiformes_Terapontidae_Scortum_barcoo",0.0009506274183,152,38,1e-06,0.00105193683745025,-6.85712220691565,"chronos_discrete"
"tip:Eupercaria_Centrarchiformes_Terapontidae_Scortum_hillii",1.299375385,151,35,0.001674,0.00128831130658982,-6.65442298284125,"chronos_discrete"
"tip:Eupercaria_Centrarchiformes_Terapontidae_Scortum_ogilbyi",0.0009506274183,152,37,1e-06,0.00105193683745025,-6.85712220691565,"chronos_discrete"
"tip:Eupercaria_Centrarchiformes_Terapontidae_Scortum_parviceps",1.299375385,151,36,0.001147,0.000882731821181913,-7.0324891167613,"chronos_discrete"
"tip:Eupercaria_Centrarchiformes_Terapontidae_Syncomistes_bonapartensis",1.580150758,146,28,0.001747,0.00110559071098455,-6.80737550677293,"chronos_discrete"
"tip:Eupercaria_Centrarchiformes_Terapontidae_Syncomistes_butleri",1.580150758,146,29,0.000943,0.000596778500548617,-7.42396453427353,"chronos_discrete"
"tip:Eupercaria_Centrarchiformes_Terapontidae_Syncomistes_carcharus",1.790595642,149,33,0.00478,0.0026695027553295,-5.92586305787266,"chronos_discrete"
"tip:Eupercaria_Centrarchiformes_Terapontidae_Syncomistes_dilliensis",2.810639723,148,30,0.004834,0.00171989314761421,-6.36549311356663,"chronos_discrete"
"tip:Eupercaria_Centrarchiformes_Terapontidae_Syncomistes_holsworthi",2.810639723,148,31,0.000859,0.000305624371907448,-8.0931537528458,"chronos_discrete"
"tip:Eupercaria_Centrarchiformes_Terapontidae_Syncomistes_kimberleyensis",0.9251343854,145,27,1e-06,1.08092404280015e-06,-13.7376942874557,"chronos_discrete"
"tip:Eupercaria_Centrarchiformes_Terapontidae_Syncomistes_moranensis",3.605979909,140,34,0.002611,0.000724075027008144,-7.23061554248333,"chronos_discrete"
"tip:Eupercaria_Centrarchiformes_Terapontidae_Syncomistes_rastellus",0.9251343854,145,26,0.001262,0.00136412614201379,-6.59724124435458,"chronos_discrete"
"tip:Eupercaria_Centrarchiformes_Terapontidae_Syncomistes_trigonicus",1.323126345,144,25,0.001135,0.000857816794510278,-7.06112000748808,"chronos_discrete"
"tip:Eupercaria_Centrarchiformes_Terapontidae_Syncomistes_versicolor",1.790595642,149,32,1e-06,5.58473379776047e-07,-14.3980588833582,"chronos_discrete"
"tip:Eupercaria_Centrarchiformes_Terapontidae_Syncomistes_wunambal",1.323126345,144,24,0.001737,0.00131279979917564,-6.63559317116247,"chronos_discrete"
"tip:Eupercaria_Centrarchiformes_Terapontidae_Variichthys_lacustris",8.317807007,124,8,0.005728,0.000688643051609577,-7.28078748852394,"chronos_discrete"
"tip:Kuhliidae_Kuhlia_malo",3.125569136,162,49,0.003259,0.00104269010160843,-6.8659512692526,"chronos_discrete"
"tip:Kuhliidae_Kuhlia_marginata",4.434453181,161,50,0.001015,0.00022888955155709,-8.38227097836872,"chronos_discrete"
"tip:Kuhliidae_Kuhlia_petiti",1.861654747,166,54,0.001621,0.000870730731684912,-7.04617777737539,"chronos_discrete"
"tip:Kuhliidae_Kuhlia_xenura",11.12121208,164,57,0.005143,0.000462449592994364,-7.67897299507173,"chronos_discrete"
"tip:Kyphosidae_Kyphosus_cinerascens",4.527710505,172,63,0.003823,0.000844356103549072,-7.07693622871672,"chronos_discrete"
"tip:Kyphosidae_Kyphosus_elegans",5.762854172,171,64,0.004243,0.000736267112330463,-7.21391758071447,"chronos_discrete"
"tip:Kyphosidae_Kyphosus_pacificus",1.392138615,174,61,0.001275,0.000915857075051395,-6.99565023706762,"chronos_discrete"
"tip:Kyphosidae_Kyphosus_sectatrix",1.392138615,174,60,0.001341,0.000963266147171703,-6.94518081137847,"chronos_discrete"
"tip:Kyphosidae_Kyphosus_vaigiensis",1.263098087,176,66,0.000538,0.000425936833835138,-7.76121950007139,"chronos_discrete"
"tip:Oplegnathidae_Oplegnathus_punctatus",16.59797023,187,81,0.008042,0.000484517075796683,-7.63235788309211,"chronos_discrete"
"tip:Oplegnathidae_Oplegnathus_woodwardi",23.19835,185,83,0.013728,0.000591766224753054,-7.43239889168994,"chronos_discrete"
"tip:Scorpididae_Atypichthys_strigatus",33.49831218,180,74,0.006361,0.00018989016419155,-8.56906473616067,"chronos_discrete"
"tip:Scorpididae_Scorpis_aequipinnis",7.002669779,205,99,0.004848,0.00069230738461186,-7.27548050355709,"chronos_discrete"
"tip:Terapontidae_Bidyanus_bidyanus",2.945722725,154,43,1e-06,3.39475264088204e-07,-14.8958647524306,"chronos_discrete"
"tip:Terapontidae_Hephaestus_fuliginosus",1.385223522,125,11,0.001587,0.00114566347942798,-6.7717713517812,"chronos_discrete"
"tip:Terapontidae_Hephaestus_jenkinsi",2.486815116,153,41,0.003504,0.00140903116498509,-6.56485292779701,"chronos_discrete"
"tip:Terapontidae_Pelates_quadrilineatus",8.30213699,134,20,0.012288,0.00148010084810706,-6.5156450529147,"chronos_discrete"
"tip:Terapontidae_Terapon_jarbua",34.47307245,111,47,0.039468,0.00114489359940994,-6.77244357257338,"chronos_discrete"
"tip:Terapontidae_Terapon_puta",29.26870836,131,23,0.035678,0.00121898102099918,-6.70973999792399,"chronos_discrete"
"tip:Terapontidae_Terapon_theraps",27.08778202,132,22,0.033478,0.00123590776001084,-6.69594955055438,"chronos_discrete"
"clade:Centrarchidae_Lepomis_macrochirus|Centrarchidae_Micropterus_dolomieu|Centrarchidae_Micropterus_salmoides",75.34276191,106,208,0.027243,0.00036158748776084,-7.92500653247624,"chronos_clock"
"clade:Centrarchidae_Micropterus_dolomieu|Centrarchidae_Micropterus_salmoides",25.67277424,208,209,0.014861,0.000578862255441234,-7.4544460094865,"chronos_clock"
"clade:Eupercaria_Centrarchiformes_Dichistiidae_Dichistius_capensis|Eupercaria_Centrarchiformes_Dichistiidae_Dichistius_multifasciatus",21.50856163,183,184,0.025626,0.00119143253002363,-6.73259888911052,"chronos_clock"
"clade:Eupercaria_Centrarchiformes_Dichistiidae_Dichistius_capensis|Eupercaria_Centrarchiformes_Dichistiidae_Dichistius_multifasciatus|Eupercaria_Centrarchiformes_Girellidae_Girella_cyanea|Eupercaria_Centrarchiformes_Girellidae_Girella_fimbriata|Eupercaria_Centrarchiformes_Girellidae_Girella_laevifrons|Eupercaria_Centrarchiformes_Girellidae_Girella_leonina|Eupercaria_Centrarchiformes_Girellidae_Girella_melanichthys|Eupercaria_Centrarchiformes_Girellidae_Girella_mezina|Eupercaria_Centrarchiformes_Girellidae_Girella_nebulosa|Eupercaria_Centrarchiformes_Girellidae_Girella_nigricans|Eupercaria_Centrarchiformes_Girellidae_Girella_punctata|Eupercaria_Centrarchiformes_Girellidae_Girella_simplicidens|Eupercaria_Centrarchiformes_Girellidae_Girella_tricuspidata|Eupercaria_Centrarchiformes_Girellidae_Girella_zebra|Eupercaria_Centrarchiformes_Girellidae_Graus_nigra|Eupercaria_Centrarchiformes_Kuhliidae_Kuhlia_caudavittata|Eupercaria_Centrarchiformes_Kuhliidae_Kuhlia_mugil|Eupercaria_Centrarchiformes_Kuhliidae_Kuhlia_munda|Eupercaria_Centrarchiformes_Kuhliidae_Kuhlia_nutabunda|Eupercaria_Centrarchiformes_Kuhliidae_Kuhlia_rupestris|Eupercaria_Centrarchiformes_Kuhliidae_Kuhlia_salelea|Eupercaria_Centrarchiformes_Kuhliidae_Kuhlia_sandvicensis|Eupercaria_Centrarchiformes_Kuhliidae_Kuhlia_sauvagii|Eupercaria_Centrarchiformes_Kyphosidae_Kyphosus_azureus|Eupercaria_Centrarchiformes_Kyphosidae_Kyphosus_bigibbus|Eupercaria_Centrarchiformes_Kyphosidae_Kyphosus_cornelii|Eupercaria_Centrarchiformes_Kyphosidae_Kyphosus_hawaiiensis|Eupercaria_Centrarchiformes_Kyphosidae_Kyphosus_ocyurus|Eupercaria_Centrarchiformes_Kyphosidae_Kyphosus_sydneyanus|Eupercaria_Centrarchiformes_Microcanthidae_Microcanthus_strigatus|Eupercaria_Centrarchiformes_Microcanthidae_Neatypus_obliquus|Eupercaria_Centrarchiformes_Microcanthidae_Tilodon_sexfasciatus|Eupercaria_Centrarchiformes_Oplegnathidae_Oplegnathus_conwayi|Eupercaria_Centrarchiformes_Oplegnathidae_Oplegnathus_fasciatus|Eupercaria_Centrarchiformes_Oplegnathidae_Oplegnathus_insignis|Eupercaria_Centrarchiformes_Oplegnathidae_Oplegnathus_peaolopesi|Eupercaria_Centrarchiformes_Oplegnathidae_Oplegnathus_robinsoni|Eupercaria_Centrarchiformes_Scorpididae_Labracoglossa_argenteiventris|Eupercaria_Centrarchiformes_Scorpididae_Medialuna_californiensis|Eupercaria_Centrarchiformes_Scorpididae_Scorpis_georgiana|Eupercaria_Centrarchiformes_Scorpididae_Scorpis_lineolata|Eupercaria_Centrarchiformes_Scorpididae_Scorpis_violacea|Eupercaria_Centrarchiformes_Terapontidae_Amniataba_affinis|Eupercaria_Centrarchiformes_Terapontidae_Amniataba_caudavittata|Eupercaria_Centrarchiformes_Terapontidae_Amniataba_percoides|Eupercaria_Centrarchiformes_Terapontidae_Bidyanus_welchi|Eupercaria_Centrarchiformes_Terapontidae_Hannia_greenwayi|Eupercaria_Centrarchiformes_Terapontidae_Helotes_octolineatus|Eupercaria_Centrarchiformes_Terapontidae_Hephaestus_carbo|Eupercaria_Centrarchiformes_Terapontidae_Hephaestus_epirrhinos|Eupercaria_Centrarchiformes_Terapontidae_Hephaestus_habbemai|Eupercaria_Centrarchiformes_Terapontidae_Hephaestus_transmontanus|Eupercaria_Centrarchiformes_Terapontidae_Hephaestus_tulliensis|Eupercaria_Centrarchiformes_Terapontidae_Lagusia_micracanthus|Eupercaria_Centrarchiformes_Terapontidae_Leiopotherapon_aheneus|Eupercaria_Centrarchiformes_Terapontidae_Leiopotherapon_macrolepis|Eupercaria_Centrarchiformes_Terapontidae_Leiopotherapon_plumbeus|Eupercaria_Centrarchiformes_Terapontidae_Leiopotherapon_unicolor|Eupercaria_Centrarchiformes_Terapontidae_Mesopristes_argenteus|Eupercaria_Centrarchiformes_Terapontidae_Mesopristes_cancellatus|Eupercaria_Centrarchiformes_Terapontidae_Pelates_sexlineatus|Eupercaria_Centrarchiformes_Terapontidae_Pelsartia_humeralis|Eupercaria_Centrarchiformes_Terapontidae_Pingalla_gilberti|Eupercaria_Centrarchiformes_Terapontidae_Pingalla_lorentzi|Eupercaria_Centrarchiformes_Terapontidae_Pingalla_midgleyi|Eupercaria_Centrarchiformes_Terapontidae_Rhynchopelates_oxyrhynchus|Eupercaria_Centrarchiformes_Terapontidae_Scortum_barcoo|Eupercaria_Centrarchiformes_Terapontidae_Scortum_hillii|Eupercaria_Centrarchiformes_Terapontidae_Scortum_ogilbyi|Eupercaria_Centrarchiformes_Terapontidae_Scortum_parviceps|Eupercaria_Centrarchiformes_Terapontidae_Syncomistes_bonapartensis|Eupercaria_Centrarchiformes_Terapontidae_Syncomistes_butleri|Eupercaria_Centrarchiformes_Terapontidae_Syncomistes_carcharus|Eupercaria_Centrarchiformes_Terapontidae_Syncomistes_dilliensis|Eupercaria_Centrarchiformes_Terapontidae_Syncomistes_holsworthi|Eupercaria_Centrarchiformes_Terapontidae_Syncomistes_kimberleyensis|Eupercaria_Centrarchiformes_Terapontidae_Syncomistes_moranensis|Eupercaria_Centrarchiformes_Terapontidae_Syncomistes_rastellus|Eupercaria_Centrarchiformes_Terapontidae_Syncomistes_trigonicus|Eupercaria_Centrarchiformes_Terapontidae_Syncomistes_versicolor|Eupercaria_Centrarchiformes_Terapontidae_Syncomistes_wunambal|Eupercaria_Centrarchiformes_Terapontidae_Variichthys_lacustris|Kuhliidae_Kuhlia_malo|Kuhliidae_Kuhlia_marginata|Kuhliidae_Kuhlia_petiti|Kuhliidae_Kuhlia_xenura|Kyphosidae_Kyphosus_cinerascens|Kyphosidae_Kyphosus_elegans|Kyphosidae_Kyphosus_pacificus|Kyphosidae_Kyphosus_sectatrix|Kyphosidae_Kyphosus_vaigiensis|Oplegnathidae_Oplegnathus_punctatus|Oplegnathidae_Oplegnathus_woodwardi|Scorpididae_Atypichthys_strigatus|Scorpididae_Scorpis_aequipinnis|Terapontidae_Bidyanus_bidyanus|Terapontidae_Hephaestus_fuliginosus|Terapontidae_Hephaestus_jenkinsi|Terapontidae_Pelates_quadrilineatus|Terapontidae_Terapon_jarbua|Terapontidae_Terapon_puta|Terapontidae_Terapon_theraps",50.79764,106,107,0.027243,0.000536304442489848,-7.53080856841871,"chronos_clock"
"clade:Eupercaria_Centrarchiformes_Dichistiidae_Dichistius_capensis|Eupercaria_Centrarchiformes_Dichistiidae_Dichistius_multifasciatus|Eupercaria_Centrarchiformes_Kuhliidae_Kuhlia_caudavittata|Eupercaria_Centrarchiformes_Kuhliidae_Kuhlia_mugil|Eupercaria_Centrarchiformes_Kuhliidae_Kuhlia_munda|Eupercaria_Centrarchiformes_Kuhliidae_Kuhlia_nutabunda|Eupercaria_Centrarchiformes_Kuhliidae_Kuhlia_rupestris|Eupercaria_Centrarchiformes_Kuhliidae_Kuhlia_salelea|Eupercaria_Centrarchiformes_Kuhliidae_Kuhlia_sandvicensis|Eupercaria_Centrarchiformes_Kuhliidae_Kuhlia_sauvagii|Eupercaria_Centrarchiformes_Kyphosidae_Kyphosus_azureus|Eupercaria_Centrarchiformes_Kyphosidae_Kyphosus_bigibbus|Eupercaria_Centrarchiformes_Kyphosidae_Kyphosus_cornelii|Eupercaria_Centrarchiformes_Kyphosidae_Kyphosus_hawaiiensis|Eupercaria_Centrarchiformes_Kyphosidae_Kyphosus_ocyurus|Eupercaria_Centrarchiformes_Kyphosidae_Kyphosus_sydneyanus|Eupercaria_Centrarchiformes_Microcanthidae_Microcanthus_strigatus|Eupercaria_Centrarchiformes_Microcanthidae_Neatypus_obliquus|Eupercaria_Centrarchiformes_Microcanthidae_Tilodon_sexfasciatus|Eupercaria_Centrarchiformes_Oplegnathidae_Oplegnathus_conwayi|Eupercaria_Centrarchiformes_Oplegnathidae_Oplegnathus_fasciatus|Eupercaria_Centrarchiformes_Oplegnathidae_Oplegnathus_insignis|Eupercaria_Centrarchiformes_Oplegnathidae_Oplegnathus_peaolopesi|Eupercaria_Centrarchiformes_Oplegnathidae_Oplegnathus_robinsoni|Eupercaria_Centrarchiformes_Terapontidae_Amniataba_affinis|Eupercaria_Centrarchiformes_Terapontidae_Amniataba_caudavittata|Eupercaria_Centrarchiformes_Terapontidae_Amniataba_percoides|Eupercaria_Centrarchiformes_Terapontidae_Bidyanus_welchi|Eupercaria_Centrarchiformes_Terapontidae_Hannia_greenwayi|Eupercaria_Centrarchiformes_Terapontidae_Helotes_octolineatus|Eupercaria_Centrarchiformes_Terapontidae_Hephaestus_carbo|Eupercaria_Centrarchiformes_Terapontidae_Hephaestus_epirrhinos|Eupercaria_Centrarchiformes_Terapontidae_Hephaestus_habbemai|Eupercaria_Centrarchiformes_Terapontidae_Hephaestus_transmontanus|Eupercaria_Centrarchiformes_Terapontidae_Hephaestus_tulliensis|Eupercaria_Centrarchiformes_Terapontidae_Lagusia_micracanthus|Eupercaria_Centrarchiformes_Terapontidae_Leiopotherapon_aheneus|Eupercaria_Centrarchiformes_Terapontidae_Leiopotherapon_macrolepis|Eupercaria_Centrarchiformes_Terapontidae_Leiopotherapon_plumbeus|Eupercaria_Centrarchiformes_Terapontidae_Leiopotherapon_unicolor|Eupercaria_Centrarchiformes_Terapontidae_Mesopristes_argenteus|Eupercaria_Centrarchiformes_Terapontidae_Mesopristes_cancellatus|Eupercaria_Centrarchiformes_Terapontidae_Pelates_sexlineatus|Eupercaria_Centrarchiformes_Terapontidae_Pelsartia_humeralis|Eupercaria_Centrarchiformes_Terapontidae_Pingalla_gilberti|Eupercaria_Centrarchiformes_Terapontidae_Pingalla_lorentzi|Eupercaria_Centrarchiformes_Terapontidae_Pingalla_midgleyi|Eupercaria_Centrarchiformes_Terapontidae_Rhynchopelates_oxyrhynchus|Eupercaria_Centrarchiformes_Terapontidae_Scortum_barcoo|Eupercaria_Centrarchiformes_Terapontidae_Scortum_hillii|Eupercaria_Centrarchiformes_Terapontidae_Scortum_ogilbyi|Eupercaria_Centrarchiformes_Terapontidae_Scortum_parviceps|Eupercaria_Centrarchiformes_Terapontidae_Syncomistes_bonapartensis|Eupercaria_Centrarchiformes_Terapontidae_Syncomistes_butleri|Eupercaria_Centrarchiformes_Terapontidae_Syncomistes_carcharus|Eupercaria_Centrarchiformes_Terapontidae_Syncomistes_dilliensis|Eupercaria_Centrarchiformes_Terapontidae_Syncomistes_holsworthi|Eupercaria_Centrarchiformes_Terapontidae_Syncomistes_kimberleyensis|Eupercaria_Centrarchiformes_Terapontidae_Syncomistes_moranensis|Eupercaria_Centrarchiformes_Terapontidae_Syncomistes_rastellus|Eupercaria_Centrarchiformes_Terapontidae_Syncomistes_trigonicus|Eupercaria_Centrarchiformes_Terapontidae_Syncomistes_versicolor|Eupercaria_Centrarchiformes_Terapontidae_Syncomistes_wunambal|Eupercaria_Centrarchiformes_Terapontidae_Variichthys_lacustris|Kuhliidae_Kuhlia_malo|Kuhliidae_Kuhlia_marginata|Kuhliidae_Kuhlia_petiti|Kuhliidae_Kuhlia_xenura|Kyphosidae_Kyphosus_cinerascens|Kyphosidae_Kyphosus_elegans|Kyphosidae_Kyphosus_pacificus|Kyphosidae_Kyphosus_sectatrix|Kyphosidae_Kyphosus_vaigiensis|Oplegnathidae_Oplegnathus_punctatus|Oplegnathidae_Oplegnathus_woodwardi|Scorpididae_Atypichthys_strigatus|Terapontidae_Bidyanus_bidyanus|Terapontidae_Hephaestus_fuliginosus|Terapontidae_Hephaestus_jenkinsi|Terapontidae_Pelates_quadrilineatus|Terapontidae_Terapon_jarbua|Terapontidae_Terapon_puta|Terapontidae_Terapon_theraps",1.314655785,107,108,0.002173,0.00165290414783365,-6.40522144861605,"chronos_clock"
"clade:Eupercaria_Centrarchiformes_Dichistiidae_Dichistius_capensis|Eupercaria_Centrarchiformes_Dichistiidae_Dichistius_multifasciatus|Eupercaria_Centrarchiformes_Microcanthidae_Microcanthus_strigatus|Eupercaria_Centrarchiformes_Microcanthidae_Neatypus_obliquus|Eupercaria_Centrarchiformes_Microcanthidae_Tilodon_sexfasciatus|Eupercaria_Centrarchiformes_Oplegnathidae_Oplegnathus_conwayi|Eupercaria_Centrarchiformes_Oplegnathidae_Oplegnathus_fasciatus|Eupercaria_Centrarchiformes_Oplegnathidae_Oplegnathus_insignis|Eupercaria_Centrarchiformes_Oplegnathidae_Oplegnathus_peaolopesi|Eupercaria_Centrarchiformes_Oplegnathidae_Oplegnathus_robinsoni|Oplegnathidae_Oplegnathus_punctatus|Oplegnathidae_Oplegnathus_woodwardi|Scorpididae_Atypichthys_strigatus",2.358047906,108,178,0.000894,0.000379127157563354,-7.87763890106937,"chronos_clock"
"clade:Eupercaria_Centrarchiformes_Dichistiidae_Dichistius_capensis|Eupercaria_Centrarchiformes_Dichistiidae_Dichistius_multifasciatus|Eupercaria_Centrarchiformes_Microcanthidae_Microcanthus_strigatus|Eupercaria_Centrarchiformes_Microcanthidae_Neatypus_obliquus|Eupercaria_Centrarchiformes_Microcanthidae_Tilodon_sexfasciatus|Eupercaria_Centrarchiformes_Oplegnathidae_Oplegnathus_conwayi|Scorpididae_Atypichthys_strigatus",5.681222938,178,179,0.006695,0.0011784434571682,-6.74356081538297,"chronos_clock"
"clade:Eupercaria_Centrarchiformes_Dichistiidae_Dichistius_capensis|Eupercaria_Centrarchiformes_Dichistiidae_Dichistius_multifasciatus|Eupercaria_Centrarchiformes_Oplegnathidae_Oplegnathus_conwayi",3.115035902,179,183,0.00387,0.00124236128306427,-6.69074144963511,"chronos_clock"
"clade:Eupercaria_Centrarchiformes_Girellidae_Girella_cyanea|Eupercaria_Centrarchiformes_Girellidae_Girella_fimbriata|Eupercaria_Centrarchiformes_Girellidae_Girella_laevifrons|Eupercaria_Centrarchiformes_Girellidae_Girella_leonina|Eupercaria_Centrarchiformes_Girellidae_Girella_melanichthys|Eupercaria_Centrarchiformes_Girellidae_Girella_mezina|Eupercaria_Centrarchiformes_Girellidae_Girella_nebulosa|Eupercaria_Centrarchiformes_Girellidae_Girella_nigricans|Eupercaria_Centrarchiformes_Girellidae_Girella_punctata|Eupercaria_Centrarchiformes_Girellidae_Girella_simplicidens|Eupercaria_Centrarchiformes_Girellidae_Girella_tricuspidata|Eupercaria_Centrarchiformes_Girellidae_Girella_zebra",8.264426355,191,192,0.01227,0.00148467654897507,-6.51255834258998,"chronos_clock"
"clade:Eupercaria_Centrarchiformes_Girellidae_Girella_cyanea|Eupercaria_Centrarchiformes_Girellidae_Girella_fimbriata|Eupercaria_Centrarchiformes_Girellidae_Girella_laevifrons|Eupercaria_Centrarchiformes_Girellidae_Girella_leonina|Eupercaria_Centrarchiformes_Girellidae_Girella_melanichthys|Eupercaria_Centrarchiformes_Girellidae_Girella_mezina|Eupercaria_Centrarchiformes_Girellidae_Girella_nebulosa|Eupercaria_Centrarchiformes_Girellidae_Girella_nigricans|Eupercaria_Centrarchiformes_Girellidae_Girella_punctata|Eupercaria_Centrarchiformes_Girellidae_Girella_simplicidens|Eupercaria_Centrarchiformes_Girellidae_Girella_tricuspidata|Eupercaria_Centrarchiformes_Girellidae_Girella_zebra|Eupercaria_Centrarchiformes_Girellidae_Graus_nigra",16.62434768,190,191,0.027571,0.00165847108895403,-6.40185913177371,"chronos_clock"
"clade:Eupercaria_Centrarchiformes_Girellidae_Girella_cyanea|Eupercaria_Centrarchiformes_Girellidae_Girella_fimbriata|Eupercaria_Centrarchiformes_Girellidae_Girella_laevifrons|Eupercaria_Centrarchiformes_Girellidae_Girella_leonina|Eupercaria_Centrarchiformes_Girellidae_Girella_melanichthys|Eupercaria_Centrarchiformes_Girellidae_Girella_mezina|Eupercaria_Centrarchiformes_Girellidae_Girella_nebulosa|Eupercaria_Centrarchiformes_Girellidae_Girella_nigricans|Eupercaria_Centrarchiformes_Girellidae_Girella_punctata|Eupercaria_Centrarchiformes_Girellidae_Girella_simplicidens|Eupercaria_Centrarchiformes_Girellidae_Girella_tricuspidata|Eupercaria_Centrarchiformes_Girellidae_Girella_zebra|Eupercaria_Centrarchiformes_Girellidae_Graus_nigra|Eupercaria_Centrarchiformes_Scorpididae_Labracoglossa_argenteiventris|Eupercaria_Centrarchiformes_Scorpididae_Medialuna_californiensis|Eupercaria_Centrarchiformes_Scorpididae_Scorpis_georgiana|Eupercaria_Centrarchiformes_Scorpididae_Scorpis_lineolata|Eupercaria_Centrarchiformes_Scorpididae_Scorpis_violacea|Scorpididae_Scorpis_aequipinnis",3.354402201,107,190,0.004256,0.00126878046965603,-6.66969909997011,"chronos_clock"
"clade:Eupercaria_Centrarchiformes_Girellidae_Girella_cyanea|Eupercaria_Centrarchiformes_Girellidae_Girella_laevifrons|Eupercaria_Centrarchiformes_Girellidae_Girella_leonina|Eupercaria_Centrarchiformes_Girellidae_Girella_melanichthys|Eupercaria_Centrarchiformes_Girellidae_Girella_mezina|Eupercaria_Centrarchiformes_Girellidae_Girella_nigricans|Eupercaria_Centrarchiformes_Girellidae_Girella_punctata|Eupercaria_Centrarchiformes_Girellidae_Girella_simplicidens|Eupercaria_Centrarchiformes_Girellidae_Girella_tricuspidata|Eupercaria_Centrarchiformes_Girellidae_Girella_zebra",11.65730112,192,193,0.019379,0.00166239164627498,-6.3994979627312,"chronos_clock"
"clade:Eupercaria_Centrarchiformes_Girellidae_Girella_cyanea|Eupercaria_Centrarchiformes_Girellidae_Girella_laevifrons|Eupercaria_Centrarchiformes_Girellidae_Girella_nigricans|Eupercaria_Centrarchiformes_Girellidae_Girella_simplicidens|Eupercaria_Centrarchiformes_Girellidae_Girella_tricuspidata|Eupercaria_Centrarchiformes_Girellidae_Girella_zebra",2.875204098,193,194,0.00344,0.0011964368033535,-6.72840746993513,"chronos_clock"
"clade:Eupercaria_Centrarchiformes_Girellidae_Girella_cyanea|Eupercaria_Centrarchiformes_Girellidae_Girella_nigricans|Eupercaria_Centrarchiformes_Girellidae_Girella_simplicidens|Eupercaria_Centrarchiformes_Girellidae_Girella_tricuspidata|Eupercaria_Centrarchiformes_Girellidae_Girella_zebra",1.073752149,194,195,0.001213,0.00112968342007947,-6.78581784473152,"chronos_clock"
"clade:Eupercaria_Centrarchiformes_Girellidae_Girella_cyanea|Eupercaria_Centrarchiformes_Girellidae_Girella_tricuspidata|Eupercaria_Centrarchiformes_Girellidae_Girella_zebra",0.002223109316,195,196,1e-06,0.000449820435190871,-7.7066620877439,"chronos_clock"
"clade:Eupercaria_Centrarchiformes_Girellidae_Girella_fimbriata|Eupercaria_Centrarchiformes_Girellidae_Girella_nebulosa",25.49915339,192,202,0.02016,0.000790614484005032,-7.14270008700005,"chronos_clock"
"clade:Eupercaria_Centrarchiformes_Girellidae_Girella_leonina|Eupercaria_Centrarchiformes_Girellidae_Girella_melanichthys",9.870568493,200,201,0.016586,0.00168034901047112,-6.38875376281478,"chronos_clock"
"clade:Eupercaria_Centrarchiformes_Girellidae_Girella_leonina|Eupercaria_Centrarchiformes_Girellidae_Girella_melanichthys|Eupercaria_Centrarchiformes_Girellidae_Girella_mezina",1.808007599,199,200,0.003328,0.00184070022816314,-6.29760922097105,"chronos_clock"
"clade:Eupercaria_Centrarchiformes_Girellidae_Girella_leonina|Eupercaria_Centrarchiformes_Girellidae_Girella_melanichthys|Eupercaria_Centrarchiformes_Girellidae_Girella_mezina|Eupercaria_Centrarchiformes_Girellidae_Girella_punctata",2.761552515,193,199,0.003949,0.00142999272277102,-6.55008592369459,"chronos_clock"
"clade:Eupercaria_Centrarchiformes_Girellidae_Girella_nigricans|Eupercaria_Centrarchiformes_Girellidae_Girella_simplicidens",8.738249409,195,198,0.014173,0.00162194958470772,-6.42412640594971,"chronos_clock"
"clade:Eupercaria_Centrarchiformes_Girellidae_Girella_tricuspidata|Eupercaria_Centrarchiformes_Girellidae_Girella_zebra",1.489305006,196,197,0.00203,0.00136305188784144,-6.59802905814316,"chronos_clock"
"clade:Eupercaria_Centrarchiformes_Kuhliidae_Kuhlia_caudavittata|Eupercaria_Centrarchiformes_Kuhliidae_Kuhlia_mugil|Eupercaria_Centrarchiformes_Kuhliidae_Kuhlia_munda|Eupercaria_Centrarchiformes_Kuhliidae_Kuhlia_nutabunda|Eupercaria_Centrarchiformes_Kuhliidae_Kuhlia_rupestris|Eupercaria_Centrarchiformes_Kuhliidae_Kuhlia_salelea|Eupercaria_Centrarchiformes_Kuhliidae_Kuhlia_sandvicensis|Eupercaria_Centrarchiformes_Kuhliidae_Kuhlia_sauvagii|Eupercaria_Centrarchiformes_Kyphosidae_Kyphosus_azureus|Eupercaria_Centrarchiformes_Kyphosidae_Kyphosus_bigibbus|Eupercaria_Centrarchiformes_Kyphosidae_Kyphosus_cornelii|Eupercaria_Centrarchiformes_Kyphosidae_Kyphosus_hawaiiensis|Eupercaria_Centrarchiformes_Kyphosidae_Kyphosus_ocyurus|Eupercaria_Centrarchiformes_Kyphosidae_Kyphosus_sydneyanus|Eupercaria_Centrarchiformes_Terapontidae_Amniataba_affinis|Eupercaria_Centrarchiformes_Terapontidae_Amniataba_caudavittata|Eupercaria_Centrarchiformes_Terapontidae_Amniataba_percoides|Eupercaria_Centrarchiformes_Terapontidae_Bidyanus_welchi|Eupercaria_Centrarchiformes_Terapontidae_Hannia_greenwayi|Eupercaria_Centrarchiformes_Terapontidae_Helotes_octolineatus|Eupercaria_Centrarchiformes_Terapontidae_Hephaestus_carbo|Eupercaria_Centrarchiformes_Terapontidae_Hephaestus_epirrhinos|Eupercaria_Centrarchiformes_Terapontidae_Hephaestus_habbemai|Eupercaria_Centrarchiformes_Terapontidae_Hephaestus_transmontanus|Eupercaria_Centrarchiformes_Terapontidae_Hephaestus_tulliensis|Eupercaria_Centrarchiformes_Terapontidae_Lagusia_micracanthus|Eupercaria_Centrarchiformes_Terapontidae_Leiopotherapon_aheneus|Eupercaria_Centrarchiformes_Terapontidae_Leiopotherapon_macrolepis|Eupercaria_Centrarchiformes_Terapontidae_Leiopotherapon_plumbeus|Eupercaria_Centrarchiformes_Terapontidae_Leiopotherapon_unicolor|Eupercaria_Centrarchiformes_Terapontidae_Mesopristes_argenteus|Eupercaria_Centrarchiformes_Terapontidae_Mesopristes_cancellatus|Eupercaria_Centrarchiformes_Terapontidae_Pelates_sexlineatus|Eupercaria_Centrarchiformes_Terapontidae_Pelsartia_humeralis|Eupercaria_Centrarchiformes_Terapontidae_Pingalla_gilberti|Eupercaria_Centrarchiformes_Terapontidae_Pingalla_lorentzi|Eupercaria_Centrarchiformes_Terapontidae_Pingalla_midgleyi|Eupercaria_Centrarchiformes_Terapontidae_Rhynchopelates_oxyrhynchus|Eupercaria_Centrarchiformes_Terapontidae_Scortum_barcoo|Eupercaria_Centrarchiformes_Terapontidae_Scortum_hillii|Eupercaria_Centrarchiformes_Terapontidae_Scortum_ogilbyi|Eupercaria_Centrarchiformes_Terapontidae_Scortum_parviceps|Eupercaria_Centrarchiformes_Terapontidae_Syncomistes_bonapartensis|Eupercaria_Centrarchiformes_Terapontidae_Syncomistes_butleri|Eupercaria_Centrarchiformes_Terapontidae_Syncomistes_carcharus|Eupercaria_Centrarchiformes_Terapontidae_Syncomistes_dilliensis|Eupercaria_Centrarchiformes_Terapontidae_Syncomistes_holsworthi|Eupercaria_Centrarchiformes_Terapontidae_Syncomistes_kimberleyensis|Eupercaria_Centrarchiformes_Terapontidae_Syncomistes_moranensis|Eupercaria_Centrarchiformes_Terapontidae_Syncomistes_rastellus|Eupercaria_Centrarchiformes_Terapontidae_Syncomistes_trigonicus|Eupercaria_Centrarchiformes_Terapontidae_Syncomistes_versicolor|Eupercaria_Centrarchiformes_Terapontidae_Syncomistes_wunambal|Eupercaria_Centrarchiformes_Terapontidae_Variichthys_lacustris|Kuhliidae_Kuhlia_malo|Kuhliidae_Kuhlia_marginata|Kuhliidae_Kuhlia_petiti|Kuhliidae_Kuhlia_xenura|Kyphosidae_Kyphosus_cinerascens|Kyphosidae_Kyphosus_elegans|Kyphosidae_Kyphosus_pacificus|Kyphosidae_Kyphosus_sectatrix|Kyphosidae_Kyphosus_vaigiensis|Terapontidae_Bidyanus_bidyanus|Terapontidae_Hephaestus_fuliginosus|Terapontidae_Hephaestus_jenkinsi|Terapontidae_Pelates_quadrilineatus|Terapontidae_Terapon_jarbua|Terapontidae_Terapon_puta|Terapontidae_Terapon_theraps",0.3705883322,108,109,0.000832,0.00224507877800908,-6.09901466797637,"chronos_clock"
"clade:Eupercaria_Centrarchiformes_Kuhliidae_Kuhlia_caudavittata|Eupercaria_Centrarchiformes_Kuhliidae_Kuhlia_mugil|Eupercaria_Centrarchiformes_Kuhliidae_Kuhlia_munda|Eupercaria_Centrarchiformes_Kuhliidae_Kuhlia_nutabunda|Eupercaria_Centrarchiformes_Kuhliidae_Kuhlia_rupestris|Eupercaria_Centrarchiformes_Kuhliidae_Kuhlia_salelea|Eupercaria_Centrarchiformes_Kuhliidae_Kuhlia_sandvicensis|Eupercaria_Centrarchiformes_Kuhliidae_Kuhlia_sauvagii|Eupercaria_Centrarchiformes_Terapontidae_Amniataba_affinis|Eupercaria_Centrarchiformes_Terapontidae_Amniataba_caudavittata|Eupercaria_Centrarchiformes_Terapontidae_Amniataba_percoides|Eupercaria_Centrarchiformes_Terapontidae_Bidyanus_welchi|Eupercaria_Centrarchiformes_Terapontidae_Hannia_greenwayi|Eupercaria_Centrarchiformes_Terapontidae_Helotes_octolineatus|Eupercaria_Centrarchiformes_Terapontidae_Hephaestus_carbo|Eupercaria_Centrarchiformes_Terapontidae_Hephaestus_epirrhinos|Eupercaria_Centrarchiformes_Terapontidae_Hephaestus_habbemai|Eupercaria_Centrarchiformes_Terapontidae_Hephaestus_transmontanus|Eupercaria_Centrarchiformes_Terapontidae_Hephaestus_tulliensis|Eupercaria_Centrarchiformes_Terapontidae_Lagusia_micracanthus|Eupercaria_Centrarchiformes_Terapontidae_Leiopotherapon_aheneus|Eupercaria_Centrarchiformes_Terapontidae_Leiopotherapon_macrolepis|Eupercaria_Centrarchiformes_Terapontidae_Leiopotherapon_plumbeus|Eupercaria_Centrarchiformes_Terapontidae_Leiopotherapon_unicolor|Eupercaria_Centrarchiformes_Terapontidae_Mesopristes_argenteus|Eupercaria_Centrarchiformes_Terapontidae_Mesopristes_cancellatus|Eupercaria_Centrarchiformes_Terapontidae_Pelates_sexlineatus|Eupercaria_Centrarchiformes_Terapontidae_Pelsartia_humeralis|Eupercaria_Centrarchiformes_Terapontidae_Pingalla_gilberti|Eupercaria_Centrarchiformes_Terapontidae_Pingalla_lorentzi|Eupercaria_Centrarchiformes_Terapontidae_Pingalla_midgleyi|Eupercaria_Centrarchiformes_Terapontidae_Rhynchopelates_oxyrhynchus|Eupercaria_Centrarchiformes_Terapontidae_Scortum_barcoo|Eupercaria_Centrarchiformes_Terapontidae_Scortum_hillii|Eupercaria_Centrarchiformes_Terapontidae_Scortum_ogilbyi|Eupercaria_Centrarchiformes_Terapontidae_Scortum_parviceps|Eupercaria_Centrarchiformes_Terapontidae_Syncomistes_bonapartensis|Eupercaria_Centrarchiformes_Terapontidae_Syncomistes_butleri|Eupercaria_Centrarchiformes_Terapontidae_Syncomistes_carcharus|Eupercaria_Centrarchiformes_Terapontidae_Syncomistes_dilliensis|Eupercaria_Centrarchiformes_Terapontidae_Syncomistes_holsworthi|Eupercaria_Centrarchiformes_Terapontidae_Syncomistes_kimberleyensis|Eupercaria_Centrarchiformes_Terapontidae_Syncomistes_moranensis|Eupercaria_Centrarchiformes_Terapontidae_Syncomistes_rastellus|Eupercaria_Centrarchiformes_Terapontidae_Syncomistes_trigonicus|Eupercaria_Centrarchiformes_Terapontidae_Syncomistes_versicolor|Eupercaria_Centrarchiformes_Terapontidae_Syncomistes_wunambal|Eupercaria_Centrarchiformes_Terapontidae_Variichthys_lacustris|Kuhliidae_Kuhlia_malo|Kuhliidae_Kuhlia_marginata|Kuhliidae_Kuhlia_petiti|Kuhliidae_Kuhlia_xenura|Terapontidae_Bidyanus_bidyanus|Terapontidae_Hephaestus_fuliginosus|Terapontidae_Hephaestus_jenkinsi|Terapontidae_Pelates_quadrilineatus|Terapontidae_Terapon_jarbua|Terapontidae_Terapon_puta|Terapontidae_Terapon_theraps",0.9879401802,109,110,0.00272,0.00275320313366479,-5.89499026925068,"chronos_clock"
"clade:Eupercaria_Centrarchiformes_Kuhliidae_Kuhlia_caudavittata|Eupercaria_Centrarchiformes_Kuhliidae_Kuhlia_mugil|Eupercaria_Centrarchiformes_Kuhliidae_Kuhlia_munda|Eupercaria_Centrarchiformes_Kuhliidae_Kuhlia_nutabunda|Eupercaria_Centrarchiformes_Kuhliidae_Kuhlia_rupestris|Eupercaria_Centrarchiformes_Kuhliidae_Kuhlia_salelea|Eupercaria_Centrarchiformes_Kuhliidae_Kuhlia_sandvicensis|Eupercaria_Centrarchiformes_Kuhliidae_Kuhlia_sauvagii|Kuhliidae_Kuhlia_malo|Kuhliidae_Kuhlia_marginata|Kuhliidae_Kuhlia_petiti|Kuhliidae_Kuhlia_xenura",18.90959205,110,157,0.017763,0.00093936452743305,-6.97030694596038,"chronos_clock"
"clade:Eupercaria_Centrarchiformes_Kuhliidae_Kuhlia_caudavittata|Eupercaria_Centrarchiformes_Kuhliidae_Kuhlia_mugil|Eupercaria_Centrarchiformes_Kuhliidae_Kuhlia_nutabunda|Eupercaria_Centrarchiformes_Kuhliidae_Kuhlia_rupestris|Eupercaria_Centrarchiformes_Kuhliidae_Kuhlia_salelea|Eupercaria_Centrarchiformes_Kuhliidae_Kuhlia_sandvicensis|Eupercaria_Centrarchiformes_Kuhliidae_Kuhlia_sauvagii|Kuhliidae_Kuhlia_malo|Kuhliidae_Kuhlia_marginata|Kuhliidae_Kuhlia_petiti|Kuhliidae_Kuhlia_xenura",9.437636972,157,158,0.006409,0.000679089481722438,-7.29475765451927,"chronos_clock"
"clade:Eupercaria_Centrarchiformes_Kuhliidae_Kuhlia_mugil|Eupercaria_Centrarchiformes_Kuhliidae_Kuhlia_nutabunda|Eupercaria_Centrarchiformes_Kuhliidae_Kuhlia_rupestris|Eupercaria_Centrarchiformes_Kuhliidae_Kuhlia_salelea|Eupercaria_Centrarchiformes_Kuhliidae_Kuhlia_sandvicensis|Eupercaria_Centrarchiformes_Kuhliidae_Kuhlia_sauvagii|Kuhliidae_Kuhlia_malo|Kuhliidae_Kuhlia_marginata|Kuhliidae_Kuhlia_petiti|Kuhliidae_Kuhlia_xenura",4.768835727,158,159,0.0028,0.000587145408290555,-7.44023805451834,"chronos_clock"
"clade:Eupercaria_Centrarchiformes_Kuhliidae_Kuhlia_mugil|Eupercaria_Centrarchiformes_Kuhliidae_Kuhlia_nutabunda|Eupercaria_Centrarchiformes_Kuhliidae_Kuhlia_sandvicensis|Kuhliidae_Kuhlia_petiti",1.24456322,164,165,0.001172,0.000941695834463114,-6.96782822888045,"chronos_clock"
"clade:Eupercaria_Centrarchiformes_Kuhliidae_Kuhlia_mugil|Eupercaria_Centrarchiformes_Kuhliidae_Kuhlia_nutabunda|Eupercaria_Centrarchiformes_Kuhliidae_Kuhlia_sandvicensis|Kuhliidae_Kuhlia_petiti|Kuhliidae_Kuhlia_xenura",7.636476076,159,164,0.003344,0.000437898314185722,-7.73352383393432,"chronos_clock"
"clade:Eupercaria_Centrarchiformes_Kuhliidae_Kuhlia_mugil|Kuhliidae_Kuhlia_petiti",8.017055114,165,166,0.006185,0.000771480289464304,-7.16719943481626,"chronos_clock"
"clade:Eupercaria_Centrarchiformes_Kuhliidae_Kuhlia_nutabunda|Eupercaria_Centrarchiformes_Kuhliidae_Kuhlia_sandvicensis",8.447605947,165,167,0.009635,0.0011405598296665,-6.77623605846057,"chronos_clock"
"clade:Eupercaria_Centrarchiformes_Kuhliidae_Kuhlia_rupestris|Eupercaria_Centrarchiformes_Kuhliidae_Kuhlia_salelea|Eupercaria_Centrarchiformes_Kuhliidae_Kuhlia_sauvagii|Kuhliidae_Kuhlia_malo|Kuhliidae_Kuhlia_marginata",2.949866671,159,160,0.003292,0.00111598264164394,-6.79801996922647,"chronos_clock"
"clade:Eupercaria_Centrarchiformes_Kuhliidae_Kuhlia_rupestris|Eupercaria_Centrarchiformes_Kuhliidae_Kuhlia_sauvagii",5.53177678,160,163,0.007163,0.00129488232892868,-6.64933545365131,"chronos_clock"
"clade:Eupercaria_Centrarchiformes_Kuhliidae_Kuhlia_salelea|Kuhliidae_Kuhlia_malo",1.307958835,161,162,0.001999,0.00152833556111114,-6.4835760042911,"chronos_clock"
"clade:Eupercaria_Centrarchiformes_Kuhliidae_Kuhlia_salelea|Kuhliidae_Kuhlia_malo|Kuhliidae_Kuhlia_marginata",11.37273413,160,161,0.008962,0.000788025104390618,-7.14598061025013,"chronos_clock"
"clade:Eupercaria_Centrarchiformes_Kyphosidae_Kyphosus_azureus|Eupercaria_Centrarchiformes_Kyphosidae_Kyphosus_bigibbus|Eupercaria_Centrarchiformes_Kyphosidae_Kyphosus_cornelii|Eupercaria_Centrarchiformes_Kyphosidae_Kyphosus_hawaiiensis|Eupercaria_Centrarchiformes_Kyphosidae_Kyphosus_ocyurus|Eupercaria_Centrarchiformes_Kyphosidae_Kyphosus_sydneyanus|Kyphosidae_Kyphosus_cinerascens|Kyphosidae_Kyphosus_elegans|Kyphosidae_Kyphosus_pacificus|Kyphosidae_Kyphosus_sectatrix|Kyphosidae_Kyphosus_vaigiensis",26.54799212,109,168,0.012077,0.000454911992794429,-7.69540658015168,"chronos_clock"
"clade:Eupercaria_Centrarchiformes_Kyphosidae_Kyphosus_azureus|Eupercaria_Centrarchiformes_Kyphosidae_Kyphosus_cornelii",9.145870567,168,177,0.008771,0.000959012041089604,-6.94960692727895,"chronos_clock"
"clade:Eupercaria_Centrarchiformes_Kyphosidae_Kyphosus_bigibbus|Eupercaria_Centrarchiformes_Kyphosidae_Kyphosus_hawaiiensis|Eupercaria_Centrarchiformes_Kyphosidae_Kyphosus_ocyurus|Eupercaria_Centrarchiformes_Kyphosidae_Kyphosus_sydneyanus|Kyphosidae_Kyphosus_cinerascens|Kyphosidae_Kyphosus_elegans|Kyphosidae_Kyphosus_pacificus|Kyphosidae_Kyphosus_sectatrix|Kyphosidae_Kyphosus_vaigiensis",13.57333791,168,169,0.006293,0.000463629509684844,-7.67642479519219,"chronos_clock"
"clade:Eupercaria_Centrarchiformes_Kyphosidae_Kyphosus_bigibbus|Eupercaria_Centrarchiformes_Kyphosidae_Kyphosus_hawaiiensis|Eupercaria_Centrarchiformes_Kyphosidae_Kyphosus_ocyurus|Kyphosidae_Kyphosus_cinerascens|Kyphosidae_Kyphosus_elegans|Kyphosidae_Kyphosus_pacificus|Kyphosidae_Kyphosus_sectatrix|Kyphosidae_Kyphosus_vaigiensis",5.456345858,169,170,0.004978,0.000912332196226407,-6.9995063839647,"chronos_clock"
"clade:Eupercaria_Centrarchiformes_Kyphosidae_Kyphosus_bigibbus|Kyphosidae_Kyphosus_cinerascens|Kyphosidae_Kyphosus_elegans|Kyphosidae_Kyphosus_pacificus|Kyphosidae_Kyphosus_sectatrix",1.522970811,170,171,0.000772,0.00050690400264014,-7.58718891620596,"chronos_clock"
"clade:Eupercaria_Centrarchiformes_Kyphosidae_Kyphosus_bigibbus|Kyphosidae_Kyphosus_cinerascens|Kyphosidae_Kyphosus_pacificus|Kyphosidae_Kyphosus_sectatrix",1.233589904,171,172,0.000911,0.000738495019330184,-7.21089620032136,"chronos_clock"
"clade:Eupercaria_Centrarchiformes_Kyphosidae_Kyphosus_bigibbus|Kyphosidae_Kyphosus_pacificus|Kyphosidae_Kyphosus_sectatrix",2.119182862,172,173,0.001825,0.000861180992317783,-7.05720586387674,"chronos_clock"
"clade:Eupercaria_Centrarchiformes_Kyphosidae_Kyphosus_hawaiiensis|Eupercaria_Centrarchiformes_Kyphosidae_Kyphosus_ocyurus|Kyphosidae_Kyphosus_vaigiensis",5.117423328,170,175,0.003392,0.000662833575139399,-7.31898661717797,"chronos_clock"
"clade:Eupercaria_Centrarchiformes_Kyphosidae_Kyphosus_ocyurus|Kyphosidae_Kyphosus_vaigiensis",0.9050206095,175,176,0.000891,0.000984507966611118,-6.92336856788013,"chronos_clock"
"clade:Eupercaria_Centrarchiformes_Microcanthidae_Microcanthus_strigatus|Eupercaria_Centrarchiformes_Microcanthidae_Neatypus_obliquus|Eupercaria_Centrarchiformes_Microcanthidae_Tilodon_sexfasciatus",3.94407652,180,181,0.006625,0.00167973414471178,-6.38911974528475,"chronos_clock"
"clade:Eupercaria_Centrarchiformes_Microcanthidae_Microcanthus_strigatus|Eupercaria_Centrarchiformes_Microcanthidae_Neatypus_obliquus|Eupercaria_Centrarchiformes_Microcanthidae_Tilodon_sexfasciatus|Scorpididae_Atypichthys_strigatus",11.68560518,179,180,0.010552,0.000902991316021855,-7.00979762140211,"chronos_clock"
"clade:Eupercaria_Centrarchiformes_Microcanthidae_Neatypus_obliquus|Eupercaria_Centrarchiformes_Microcanthidae_Tilodon_sexfasciatus",5.936537931,181,182,0.007395,0.00124567552434628,-6.68807730637774,"chronos_clock"
"clade:Eupercaria_Centrarchiformes_Oplegnathidae_Oplegnathus_fasciatus|Eupercaria_Centrarchiformes_Oplegnathidae_Oplegnathus_insignis|Eupercaria_Centrarchiformes_Oplegnathidae_Oplegnathus_peaolopesi|Eupercaria_Centrarchiformes_Oplegnathidae_Oplegnathus_robinsoni|Oplegnathidae_Oplegnathus_punctatus",0.8208773991,185,186,0.001788,0.00217815717908709,-6.12927609036861,"chronos_clock"
"clade:Eupercaria_Centrarchiformes_Oplegnathidae_Oplegnathus_fasciatus|Eupercaria_Centrarchiformes_Oplegnathidae_Oplegnathus_insignis|Eupercaria_Centrarchiformes_Oplegnathidae_Oplegnathus_peaolopesi|Eupercaria_Centrarchiformes_Oplegnathidae_Oplegnathus_robinsoni|Oplegnathidae_Oplegnathus_punctatus|Oplegnathidae_Oplegnathus_woodwardi",27.67716631,178,185,0.00462,0.000166924603055579,-8.69796832620382,"chronos_clock"
"clade:Eupercaria_Centrarchiformes_Oplegnathidae_Oplegnathus_fasciatus|Eupercaria_Centrarchiformes_Oplegnathidae_Oplegnathus_peaolopesi|Eupercaria_Centrarchiformes_Oplegnathidae_Oplegnathus_robinsoni",1.119682636,187,188,0.001848,0.00165046767770006,-6.40669659020113,"chronos_clock"
"clade:Eupercaria_Centrarchiformes_Oplegnathidae_Oplegnathus_fasciatus|Eupercaria_Centrarchiformes_Oplegnathidae_Oplegnathus_peaolopesi|Eupercaria_Centrarchiformes_Oplegnathidae_Oplegnathus_robinsoni|Oplegnathidae_Oplegnathus_punctatus",5.776139628,186,187,0.00677,0.00117206307949729,-6.74898976717901,"chronos_clock"
"clade:Eupercaria_Centrarchiformes_Oplegnathidae_Oplegnathus_peaolopesi|Eupercaria_Centrarchiformes_Oplegnathidae_Oplegnathus_robinsoni",14.59939005,188,189,0.033965,0.00232646705675214,-6.0634044467832,"chronos_clock"
"clade:Eupercaria_Centrarchiformes_Scorpididae_Labracoglossa_argenteiventris|Eupercaria_Centrarchiformes_Scorpididae_Medialuna_californiensis|Eupercaria_Centrarchiformes_Scorpididae_Scorpis_georgiana|Eupercaria_Centrarchiformes_Scorpididae_Scorpis_lineolata|Eupercaria_Centrarchiformes_Scorpididae_Scorpis_violacea|Scorpididae_Scorpis_aequipinnis",10.77380008,190,203,0.006245,0.000579646916930725,-7.45309140370834,"chronos_clock"
"clade:Eupercaria_Centrarchiformes_Scorpididae_Medialuna_californiensis|Eupercaria_Centrarchiformes_Scorpididae_Scorpis_georgiana",8.970755817,204,207,0.009544,0.00106390143647804,-6.84581252724262,"chronos_clock"
"clade:Eupercaria_Centrarchiformes_Scorpididae_Medialuna_californiensis|Eupercaria_Centrarchiformes_Scorpididae_Scorpis_georgiana|Eupercaria_Centrarchiformes_Scorpididae_Scorpis_lineolata|Eupercaria_Centrarchiformes_Scorpididae_Scorpis_violacea|Scorpididae_Scorpis_aequipinnis",9.261147075,203,204,0.003618,0.000390664349750649,-7.84766180718541,"chronos_clock"
"clade:Eupercaria_Centrarchiformes_Scorpididae_Scorpis_lineolata|Eupercaria_Centrarchiformes_Scorpididae_Scorpis_violacea",3.879489991,205,206,0.002191,0.000564764957528666,-7.4791009177457,"chronos_clock"
"clade:Eupercaria_Centrarchiformes_Scorpididae_Scorpis_lineolata|Eupercaria_Centrarchiformes_Scorpididae_Scorpis_violacea|Scorpididae_Scorpis_aequipinnis",24.14262203,204,205,0.007047,0.00029189041651082,-8.13913211205523,"chronos_clock"
"clade:Eupercaria_Centrarchiformes_Terapontidae_Amniataba_affinis|Eupercaria_Centrarchiformes_Terapontidae_Amniataba_caudavittata|Eupercaria_Centrarchiformes_Terapontidae_Amniataba_percoides|Eupercaria_Centrarchiformes_Terapontidae_Bidyanus_welchi|Eupercaria_Centrarchiformes_Terapontidae_Hannia_greenwayi|Eupercaria_Centrarchiformes_Terapontidae_Helotes_octolineatus|Eupercaria_Centrarchiformes_Terapontidae_Hephaestus_carbo|Eupercaria_Centrarchiformes_Terapontidae_Hephaestus_epirrhinos|Eupercaria_Centrarchiformes_Terapontidae_Hephaestus_habbemai|Eupercaria_Centrarchiformes_Terapontidae_Hephaestus_transmontanus|Eupercaria_Centrarchiformes_Terapontidae_Hephaestus_tulliensis|Eupercaria_Centrarchiformes_Terapontidae_Lagusia_micracanthus|Eupercaria_Centrarchiformes_Terapontidae_Leiopotherapon_aheneus|Eupercaria_Centrarchiformes_Terapontidae_Leiopotherapon_macrolepis|Eupercaria_Centrarchiformes_Terapontidae_Leiopotherapon_plumbeus|Eupercaria_Centrarchiformes_Terapontidae_Leiopotherapon_unicolor|Eupercaria_Centrarchiformes_Terapontidae_Mesopristes_argenteus|Eupercaria_Centrarchiformes_Terapontidae_Mesopristes_cancellatus|Eupercaria_Centrarchiformes_Terapontidae_Pelates_sexlineatus|Eupercaria_Centrarchiformes_Terapontidae_Pelsartia_humeralis|Eupercaria_Centrarchiformes_Terapontidae_Pingalla_gilberti|Eupercaria_Centrarchiformes_Terapontidae_Pingalla_lorentzi|Eupercaria_Centrarchiformes_Terapontidae_Pingalla_midgleyi|Eupercaria_Centrarchiformes_Terapontidae_Rhynchopelates_oxyrhynchus|Eupercaria_Centrarchiformes_Terapontidae_Scortum_barcoo|Eupercaria_Centrarchiformes_Terapontidae_Scortum_hillii|Eupercaria_Centrarchiformes_Terapontidae_Scortum_ogilbyi|Eupercaria_Centrarchiformes_Terapontidae_Scortum_parviceps|Eupercaria_Centrarchiformes_Terapontidae_Syncomistes_bonapartensis|Eupercaria_Centrarchiformes_Terapontidae_Syncomistes_butleri|Eupercaria_Centrarchiformes_Terapontidae_Syncomistes_carcharus|Eupercaria_Centrarchiformes_Terapontidae_Syncomistes_dilliensis|Eupercaria_Centrarchiformes_Terapontidae_Syncomistes_holsworthi|Eupercaria_Centrarchiformes_Terapontidae_Syncomistes_kimberleyensis|Eupercaria_Centrarchiformes_Terapontidae_Syncomistes_moranensis|Eupercaria_Centrarchiformes_Terapontidae_Syncomistes_rastellus|Eupercaria_Centrarchiformes_Terapontidae_Syncomistes_trigonicus|Eupercaria_Centrarchiformes_Terapontidae_Syncomistes_versicolor|Eupercaria_Centrarchiformes_Terapontidae_Syncomistes_wunambal|Eupercaria_Centrarchiformes_Terapontidae_Variichthys_lacustris|Terapontidae_Bidyanus_bidyanus|Terapontidae_Hephaestus_fuliginosus|Terapontidae_Hephaestus_jenkinsi|Terapontidae_Pelates_quadrilineatus|Terapontidae_Terapon_jarbua|Terapontidae_Terapon_puta|Terapontidae_Terapon_theraps",17.40611018,110,111,0.048347,0.00277758784128299,-5.8861724109261,"chronos_clock"
"clade:Eupercaria_Centrarchiformes_Terapontidae_Amniataba_affinis|Eupercaria_Centrarchiformes_Terapontidae_Amniataba_caudavittata|Eupercaria_Centrarchiformes_Terapontidae_Amniataba_percoides|Eupercaria_Centrarchiformes_Terapontidae_Bidyanus_welchi|Eupercaria_Centrarchiformes_Terapontidae_Hannia_greenwayi|Eupercaria_Centrarchiformes_Terapontidae_Helotes_octolineatus|Eupercaria_Centrarchiformes_Terapontidae_Hephaestus_carbo|Eupercaria_Centrarchiformes_Terapontidae_Hephaestus_epirrhinos|Eupercaria_Centrarchiformes_Terapontidae_Hephaestus_habbemai|Eupercaria_Centrarchiformes_Terapontidae_Hephaestus_transmontanus|Eupercaria_Centrarchiformes_Terapontidae_Hephaestus_tulliensis|Eupercaria_Centrarchiformes_Terapontidae_Lagusia_micracanthus|Eupercaria_Centrarchiformes_Terapontidae_Leiopotherapon_aheneus|Eupercaria_Centrarchiformes_Terapontidae_Leiopotherapon_macrolepis|Eupercaria_Centrarchiformes_Terapontidae_Leiopotherapon_plumbeus|Eupercaria_Centrarchiformes_Terapontidae_Leiopotherapon_unicolor|Eupercaria_Centrarchiformes_Terapontidae_Mesopristes_argenteus|Eupercaria_Centrarchiformes_Terapontidae_Mesopristes_cancellatus|Eupercaria_Centrarchiformes_Terapontidae_Pelates_sexlineatus|Eupercaria_Centrarchiformes_Terapontidae_Pelsartia_humeralis|Eupercaria_Centrarchiformes_Terapontidae_Pingalla_gilberti|Eupercaria_Centrarchiformes_Terapontidae_Pingalla_lorentzi|Eupercaria_Centrarchiformes_Terapontidae_Pingalla_midgleyi|Eupercaria_Centrarchiformes_Terapontidae_Rhynchopelates_oxyrhynchus|Eupercaria_Centrarchiformes_Terapontidae_Scortum_barcoo|Eupercaria_Centrarchiformes_Terapontidae_Scortum_hillii|Eupercaria_Centrarchiformes_Terapontidae_Scortum_ogilbyi|Eupercaria_Centrarchiformes_Terapontidae_Scortum_parviceps|Eupercaria_Centrarchiformes_Terapontidae_Syncomistes_bonapartensis|Eupercaria_Centrarchiformes_Terapontidae_Syncomistes_butleri|Eupercaria_Centrarchiformes_Terapontidae_Syncomistes_carcharus|Eupercaria_Centrarchiformes_Terapontidae_Syncomistes_dilliensis|Eupercaria_Centrarchiformes_Terapontidae_Syncomistes_holsworthi|Eupercaria_Centrarchiformes_Terapontidae_Syncomistes_kimberleyensis|Eupercaria_Centrarchiformes_Terapontidae_Syncomistes_moranensis|Eupercaria_Centrarchiformes_Terapontidae_Syncomistes_rastellus|Eupercaria_Centrarchiformes_Terapontidae_Syncomistes_trigonicus|Eupercaria_Centrarchiformes_Terapontidae_Syncomistes_versicolor|Eupercaria_Centrarchiformes_Terapontidae_Syncomistes_wunambal|Eupercaria_Centrarchiformes_Terapontidae_Variichthys_lacustris|Terapontidae_Bidyanus_bidyanus|Terapontidae_Hephaestus_fuliginosus|Terapontidae_Hephaestus_jenkinsi|Terapontidae_Pelates_quadrilineatus|Terapontidae_Terapon_puta|Terapontidae_Terapon_theraps",3.085565953,111,112,0.008026,0.00260114355753653,-5.95180410082974,"chronos_clock"
"clade:Eupercaria_Centrarchiformes_Terapontidae_Amniataba_affinis|Eupercaria_Centrarchiformes_Terapontidae_Amniataba_caudavittata|Eupercaria_Centrarchiformes_Terapontidae_Amniataba_percoides|Eupercaria_Centrarchiformes_Terapontidae_Hannia_greenwayi|Eupercaria_Centrarchiformes_Terapontidae_Helotes_octolineatus|Eupercaria_Centrarchiformes_Terapontidae_Hephaestus_carbo|Eupercaria_Centrarchiformes_Terapontidae_Hephaestus_habbemai|Eupercaria_Centrarchiformes_Terapontidae_Hephaestus_transmontanus|Eupercaria_Centrarchiformes_Terapontidae_Lagusia_micracanthus|Eupercaria_Centrarchiformes_Terapontidae_Leiopotherapon_aheneus|Eupercaria_Centrarchiformes_Terapontidae_Leiopotherapon_macrolepis|Eupercaria_Centrarchiformes_Terapontidae_Leiopotherapon_plumbeus|Eupercaria_Centrarchiformes_Terapontidae_Leiopotherapon_unicolor|Eupercaria_Centrarchiformes_Terapontidae_Mesopristes_argenteus|Eupercaria_Centrarchiformes_Terapontidae_Mesopristes_cancellatus|Eupercaria_Centrarchiformes_Terapontidae_Pelates_sexlineatus|Eupercaria_Centrarchiformes_Terapontidae_Pelsartia_humeralis|Eupercaria_Centrarchiformes_Terapontidae_Rhynchopelates_oxyrhynchus|Eupercaria_Centrarchiformes_Terapontidae_Variichthys_lacustris|Terapontidae_Hephaestus_fuliginosus|Terapontidae_Pelates_quadrilineatus|Terapontidae_Terapon_puta|Terapontidae_Terapon_theraps",0.488810657,112,113,0.001557,0.00318528243544412,-5.74921431714102,"chronos_clock"
"clade:Eupercaria_Centrarchiformes_Terapontidae_Amniataba_affinis|Eupercaria_Centrarchiformes_Terapontidae_Amniataba_caudavittata|Eupercaria_Centrarchiformes_Terapontidae_Amniataba_percoides|Eupercaria_Centrarchiformes_Terapontidae_Hannia_greenwayi|Eupercaria_Centrarchiformes_Terapontidae_Hephaestus_carbo|Eupercaria_Centrarchiformes_Terapontidae_Hephaestus_habbemai|Eupercaria_Centrarchiformes_Terapontidae_Hephaestus_transmontanus|Eupercaria_Centrarchiformes_Terapontidae_Lagusia_micracanthus|Eupercaria_Centrarchiformes_Terapontidae_Leiopotherapon_aheneus|Eupercaria_Centrarchiformes_Terapontidae_Leiopotherapon_macrolepis|Eupercaria_Centrarchiformes_Terapontidae_Leiopotherapon_plumbeus|Eupercaria_Centrarchiformes_Terapontidae_Leiopotherapon_unicolor|Eupercaria_Centrarchiformes_Terapontidae_Mesopristes_argenteus|Eupercaria_Centrarchiformes_Terapontidae_Mesopristes_cancellatus|Eupercaria_Centrarchiformes_Terapontidae_Pelsartia_humeralis|Eupercaria_Centrarchiformes_Terapontidae_Rhynchopelates_oxyrhynchus|Eupercaria_Centrarchiformes_Terapontidae_Variichthys_lacustris|Terapontidae_Hephaestus_fuliginosus",2.090374329,113,114,0.003079,0.00147294193067944,-6.52049356476383,"chronos_clock"
"clade:Eupercaria_Centrarchiformes_Terapontidae_Amniataba_affinis|Eupercaria_Centrarchiformes_Terapontidae_Amniataba_caudavittata|Eupercaria_Centrarchiformes_Terapontidae_Amniataba_percoides|Eupercaria_Centrarchiformes_Terapontidae_Hannia_greenwayi|Eupercaria_Centrarchiformes_Terapontidae_Hephaestus_carbo|Eupercaria_Centrarchiformes_Terapontidae_Hephaestus_habbemai|Eupercaria_Centrarchiformes_Terapontidae_Hephaestus_transmontanus|Eupercaria_Centrarchiformes_Terapontidae_Lagusia_micracanthus|Eupercaria_Centrarchiformes_Terapontidae_Leiopotherapon_aheneus|Eupercaria_Centrarchiformes_Terapontidae_Leiopotherapon_macrolepis|Eupercaria_Centrarchiformes_Terapontidae_Leiopotherapon_plumbeus|Eupercaria_Centrarchiformes_Terapontidae_Leiopotherapon_unicolor|Eupercaria_Centrarchiformes_Terapontidae_Variichthys_lacustris|Terapontidae_Hephaestus_fuliginosus",5.941521357,114,115,0.00977,0.00164435999013779,-6.41040403421576,"chronos_clock"
"clade:Eupercaria_Centrarchiformes_Terapontidae_Amniataba_affinis|Eupercaria_Centrarchiformes_Terapontidae_Amniataba_caudavittata|Eupercaria_Centrarchiformes_Terapontidae_Amniataba_percoides|Eupercaria_Centrarchiformes_Terapontidae_Hannia_greenwayi|Eupercaria_Centrarchiformes_Terapontidae_Lagusia_micracanthus|Eupercaria_Centrarchiformes_Terapontidae_Leiopotherapon_aheneus|Eupercaria_Centrarchiformes_Terapontidae_Leiopotherapon_macrolepis|Eupercaria_Centrarchiformes_Terapontidae_Leiopotherapon_plumbeus|Eupercaria_Centrarchiformes_Terapontidae_Leiopotherapon_unicolor|Eupercaria_Centrarchiformes_Terapontidae_Variichthys_lacustris|Terapontidae_Hephaestus_fuliginosus",8.8190248,115,116,0.01336,0.00151490672755564,-6.49240140788594,"chronos_clock"
"clade:Eupercaria_Centrarchiformes_Terapontidae_Amniataba_affinis|Eupercaria_Centrarchiformes_Terapontidae_Amniataba_caudavittata|Eupercaria_Centrarchiformes_Terapontidae_Hannia_greenwayi|Eupercaria_Centrarchiformes_Terapontidae_Lagusia_micracanthus|Eupercaria_Centrarchiformes_Terapontidae_Leiopotherapon_aheneus|Eupercaria_Centrarchiformes_Terapontidae_Leiopotherapon_macrolepis|Eupercaria_Centrarchiformes_Terapontidae_Leiopotherapon_plumbeus|Eupercaria_Centrarchiformes_Terapontidae_Leiopotherapon_unicolor|Eupercaria_Centrarchiformes_Terapontidae_Variichthys_lacustris",2.465230709,116,117,0.004725,0.00191665631242954,-6.25717311506625,"chronos_clock"
"clade:Eupercaria_Centrarchiformes_Terapontidae_Amniataba_affinis|Eupercaria_Centrarchiformes_Terapontidae_Amniataba_caudavittata|Eupercaria_Centrarchiformes_Terapontidae_Hannia_greenwayi|Eupercaria_Centrarchiformes_Terapontidae_Lagusia_micracanthus|Eupercaria_Centrarchiformes_Terapontidae_Leiopotherapon_aheneus|Eupercaria_Centrarchiformes_Terapontidae_Leiopotherapon_plumbeus",0.8067320199,117,118,0.001729,0.00214321479419439,-6.14544833690478,"chronos_clock"
"clade:Eupercaria_Centrarchiformes_Terapontidae_Amniataba_affinis|Eupercaria_Centrarchiformes_Terapontidae_Amniataba_caudavittata|Eupercaria_Centrarchiformes_Terapontidae_Lagusia_micracanthus|Eupercaria_Centrarchiformes_Terapontidae_Leiopotherapon_plumbeus",1.494461722,118,119,0.002783,0.0018622089539206,-6.28599188627277,"chronos_clock"
"clade:Eupercaria_Centrarchiformes_Terapontidae_Amniataba_affinis|Eupercaria_Centrarchiformes_Terapontidae_Lagusia_micracanthus|Eupercaria_Centrarchiformes_Terapontidae_Leiopotherapon_plumbeus",0.7255186198,119,120,0.001468,0.002023380186169,-6.20298580658549,"chronos_clock"
"clade:Eupercaria_Centrarchiformes_Terapontidae_Amniataba_affinis|Eupercaria_Centrarchiformes_Terapontidae_Leiopotherapon_plumbeus",1.828945284,120,121,0.001425,0.000779137578617688,-7.15732291842178,"chronos_clock"
"clade:Eupercaria_Centrarchiformes_Terapontidae_Amniataba_percoides|Terapontidae_Hephaestus_fuliginosus",12.66090933,116,125,0.007166,0.000565994101467908,-7.47692690125019,"chronos_clock"
"clade:Eupercaria_Centrarchiformes_Terapontidae_Bidyanus_welchi|Eupercaria_Centrarchiformes_Terapontidae_Hephaestus_epirrhinos|Eupercaria_Centrarchiformes_Terapontidae_Hephaestus_tulliensis|Eupercaria_Centrarchiformes_Terapontidae_Pingalla_gilberti|Eupercaria_Centrarchiformes_Terapontidae_Pingalla_lorentzi|Eupercaria_Centrarchiformes_Terapontidae_Pingalla_midgleyi|Eupercaria_Centrarchiformes_Terapontidae_Scortum_barcoo|Eupercaria_Centrarchiformes_Terapontidae_Scortum_hillii|Eupercaria_Centrarchiformes_Terapontidae_Scortum_ogilbyi|Eupercaria_Centrarchiformes_Terapontidae_Scortum_parviceps|Eupercaria_Centrarchiformes_Terapontidae_Syncomistes_bonapartensis|Eupercaria_Centrarchiformes_Terapontidae_Syncomistes_butleri|Eupercaria_Centrarchiformes_Terapontidae_Syncomistes_carcharus|Eupercaria_Centrarchiformes_Terapontidae_Syncomistes_dilliensis|Eupercaria_Centrarchiformes_Terapontidae_Syncomistes_holsworthi|Eupercaria_Centrarchiformes_Terapontidae_Syncomistes_kimberleyensis|Eupercaria_Centrarchiformes_Terapontidae_Syncomistes_moranensis|Eupercaria_Centrarchiformes_Terapontidae_Syncomistes_rastellus|Eupercaria_Centrarchiformes_Terapontidae_Syncomistes_trigonicus|Eupercaria_Centrarchiformes_Terapontidae_Syncomistes_versicolor|Eupercaria_Centrarchiformes_Terapontidae_Syncomistes_wunambal|Terapontidae_Bidyanus_bidyanus|Terapontidae_Hephaestus_jenkinsi",11.92716386,112,135,0.004648,0.000389698678961555,-7.85013673551102,"chronos_clock"
"clade:Eupercaria_Centrarchiformes_Terapontidae_Bidyanus_welchi|Eupercaria_Centrarchiformes_Terapontidae_Hephaestus_epirrhinos|Eupercaria_Centrarchiformes_Terapontidae_Hephaestus_tulliensis|Eupercaria_Centrarchiformes_Terapontidae_Scortum_barcoo|Eupercaria_Centrarchiformes_Terapontidae_Scortum_hillii|Eupercaria_Centrarchiformes_Terapontidae_Scortum_ogilbyi|Eupercaria_Centrarchiformes_Terapontidae_Scortum_parviceps|Eupercaria_Centrarchiformes_Terapontidae_Syncomistes_bonapartensis|Eupercaria_Centrarchiformes_Terapontidae_Syncomistes_butleri|Eupercaria_Centrarchiformes_Terapontidae_Syncomistes_carcharus|Eupercaria_Centrarchiformes_Terapontidae_Syncomistes_dilliensis|Eupercaria_Centrarchiformes_Terapontidae_Syncomistes_holsworthi|Eupercaria_Centrarchiformes_Terapontidae_Syncomistes_kimberleyensis|Eupercaria_Centrarchiformes_Terapontidae_Syncomistes_moranensis|Eupercaria_Centrarchiformes_Terapontidae_Syncomistes_rastellus|Eupercaria_Centrarchiformes_Terapontidae_Syncomistes_trigonicus|Eupercaria_Centrarchiformes_Terapontidae_Syncomistes_versicolor|Eupercaria_Centrarchiformes_Terapontidae_Syncomistes_wunambal|Terapontidae_Bidyanus_bidyanus|Terapontidae_Hephaestus_jenkinsi",8.246427758,135,136,0.004095,0.000496578654439478,-7.60776866922224,"chronos_clock"
"clade:Eupercaria_Centrarchiformes_Terapontidae_Bidyanus_welchi|Terapontidae_Bidyanus_bidyanus",8.261844174,136,154,0.006982,0.000845089770873715,-7.07606769852955,"chronos_clock"
"clade:Eupercaria_Centrarchiformes_Terapontidae_Hannia_greenwayi|Eupercaria_Centrarchiformes_Terapontidae_Leiopotherapon_aheneus",4.355356118,118,122,0.005418,0.00124398553257408,-6.68943491449638,"chronos_clock"
"clade:Eupercaria_Centrarchiformes_Terapontidae_Helotes_octolineatus|Eupercaria_Centrarchiformes_Terapontidae_Pelates_sexlineatus|Terapontidae_Pelates_quadrilineatus",4.831077568,132,133,0.010426,0.00215811066025094,-6.13852213438263,"chronos_clock"
"clade:Eupercaria_Centrarchiformes_Terapontidae_Helotes_octolineatus|Eupercaria_Centrarchiformes_Terapontidae_Pelates_sexlineatus|Terapontidae_Pelates_quadrilineatus|Terapontidae_Terapon_puta|Terapontidae_Terapon_theraps",1.624128202,113,131,0.004353,0.00268020713798306,-5.92186119715392,"chronos_clock"
"clade:Eupercaria_Centrarchiformes_Terapontidae_Helotes_octolineatus|Eupercaria_Centrarchiformes_Terapontidae_Pelates_sexlineatus|Terapontidae_Pelates_quadrilineatus|Terapontidae_Terapon_theraps",2.179331141,131,132,0.005295,0.00242964453652067,-6.02001031359704,"chronos_clock"
"clade:Eupercaria_Centrarchiformes_Terapontidae_Hephaestus_carbo|Eupercaria_Centrarchiformes_Terapontidae_Hephaestus_habbemai",5.565159896,126,127,0.003908,0.000702226004828523,-7.2612552615512,"chronos_clock"
"clade:Eupercaria_Centrarchiformes_Terapontidae_Hephaestus_carbo|Eupercaria_Centrarchiformes_Terapontidae_Hephaestus_habbemai|Eupercaria_Centrarchiformes_Terapontidae_Hephaestus_transmontanus",16.7402321,115,126,0.018362,0.00109687845964812,-6.81528689721987,"chronos_clock"
"clade:Eupercaria_Centrarchiformes_Terapontidae_Hephaestus_epirrhinos|Eupercaria_Centrarchiformes_Terapontidae_Hephaestus_tulliensis|Eupercaria_Centrarchiformes_Terapontidae_Scortum_barcoo|Eupercaria_Centrarchiformes_Terapontidae_Scortum_hillii|Eupercaria_Centrarchiformes_Terapontidae_Scortum_ogilbyi|Eupercaria_Centrarchiformes_Terapontidae_Scortum_parviceps|Eupercaria_Centrarchiformes_Terapontidae_Syncomistes_bonapartensis|Eupercaria_Centrarchiformes_Terapontidae_Syncomistes_butleri|Eupercaria_Centrarchiformes_Terapontidae_Syncomistes_carcharus|Eupercaria_Centrarchiformes_Terapontidae_Syncomistes_dilliensis|Eupercaria_Centrarchiformes_Terapontidae_Syncomistes_holsworthi|Eupercaria_Centrarchiformes_Terapontidae_Syncomistes_kimberleyensis|Eupercaria_Centrarchiformes_Terapontidae_Syncomistes_moranensis|Eupercaria_Centrarchiformes_Terapontidae_Syncomistes_rastellus|Eupercaria_Centrarchiformes_Terapontidae_Syncomistes_trigonicus|Eupercaria_Centrarchiformes_Terapontidae_Syncomistes_versicolor|Eupercaria_Centrarchiformes_Terapontidae_Syncomistes_wunambal|Terapontidae_Hephaestus_jenkinsi",4.890667189,136,137,0.003032,0.000619956313285745,-7.38586154485008,"chronos_clock"
"clade:Eupercaria_Centrarchiformes_Terapontidae_Hephaestus_epirrhinos|Terapontidae_Hephaestus_jenkinsi",3.832483311,137,153,0.002604,0.000679455013548525,-7.29421953179134,"chronos_clock"
"clade:Eupercaria_Centrarchiformes_Terapontidae_Hephaestus_tulliensis|Eupercaria_Centrarchiformes_Terapontidae_Scortum_barcoo|Eupercaria_Centrarchiformes_Terapontidae_Scortum_hillii|Eupercaria_Centrarchiformes_Terapontidae_Scortum_ogilbyi|Eupercaria_Centrarchiformes_Terapontidae_Scortum_parviceps|Eupercaria_Centrarchiformes_Terapontidae_Syncomistes_bonapartensis|Eupercaria_Centrarchiformes_Terapontidae_Syncomistes_butleri|Eupercaria_Centrarchiformes_Terapontidae_Syncomistes_carcharus|Eupercaria_Centrarchiformes_Terapontidae_Syncomistes_dilliensis|Eupercaria_Centrarchiformes_Terapontidae_Syncomistes_holsworthi|Eupercaria_Centrarchiformes_Terapontidae_Syncomistes_kimberleyensis|Eupercaria_Centrarchiformes_Terapontidae_Syncomistes_moranensis|Eupercaria_Centrarchiformes_Terapontidae_Syncomistes_rastellus|Eupercaria_Centrarchiformes_Terapontidae_Syncomistes_trigonicus|Eupercaria_Centrarchiformes_Terapontidae_Syncomistes_versicolor|Eupercaria_Centrarchiformes_Terapontidae_Syncomistes_wunambal",0.6497249866,137,138,0.00059,0.000908076512629536,-7.00418191790258,"chronos_clock"
"clade:Eupercaria_Centrarchiformes_Terapontidae_Leiopotherapon_macrolepis|Eupercaria_Centrarchiformes_Terapontidae_Leiopotherapon_unicolor|Eupercaria_Centrarchiformes_Terapontidae_Variichthys_lacustris",0.5826498372,117,123,0.000428,0.000734574992858163,-7.21621846700655,"chronos_clock"
"clade:Eupercaria_Centrarchiformes_Terapontidae_Leiopotherapon_macrolepis|Eupercaria_Centrarchiformes_Terapontidae_Variichthys_lacustris",2.687739726,123,124,0.003515,0.0013077903213609,-6.63941634356727,"chronos_clock"
"clade:Eupercaria_Centrarchiformes_Terapontidae_Mesopristes_argenteus|Eupercaria_Centrarchiformes_Terapontidae_Mesopristes_cancellatus|Eupercaria_Centrarchiformes_Terapontidae_Pelsartia_humeralis|Eupercaria_Centrarchiformes_Terapontidae_Rhynchopelates_oxyrhynchus",2.162054427,114,128,0.001714,0.000792764501483107,-7.13998435208227,"chronos_clock"
"clade:Eupercaria_Centrarchiformes_Terapontidae_Mesopristes_argenteus|Eupercaria_Centrarchiformes_Terapontidae_Mesopristes_cancellatus|Eupercaria_Centrarchiformes_Terapontidae_Rhynchopelates_oxyrhynchus",6.446849489,128,129,0.006106,0.000947129293218094,-6.9620749448281,"chronos_clock"
"clade:Eupercaria_Centrarchiformes_Terapontidae_Mesopristes_argenteus|Eupercaria_Centrarchiformes_Terapontidae_Rhynchopelates_oxyrhynchus",2.747893338,129,130,0.002778,0.00101095627023934,-6.89685859384631,"chronos_clock"
"clade:Eupercaria_Centrarchiformes_Terapontidae_Pelates_sexlineatus|Terapontidae_Pelates_quadrilineatus",13.95426473,133,134,0.022158,0.00158790165076652,-6.44534185084178,"chronos_clock"
"clade:Eupercaria_Centrarchiformes_Terapontidae_Pingalla_gilberti|Eupercaria_Centrarchiformes_Terapontidae_Pingalla_lorentzi|Eupercaria_Centrarchiformes_Terapontidae_Pingalla_midgleyi",9.876172285,135,155,0.008525,0.0008631886680377,-7.05487727195905,"chronos_clock"
"clade:Eupercaria_Centrarchiformes_Terapontidae_Pingalla_lorentzi|Eupercaria_Centrarchiformes_Terapontidae_Pingalla_midgleyi",2.954512735,155,156,0.001879,0.000635976273766172,-7.36034930071912,"chronos_clock"
"clade:Eupercaria_Centrarchiformes_Terapontidae_Scortum_barcoo|Eupercaria_Centrarchiformes_Terapontidae_Scortum_hillii|Eupercaria_Centrarchiformes_Terapontidae_Scortum_ogilbyi|Eupercaria_Centrarchiformes_Terapontidae_Scortum_parviceps",0.785145543,139,150,0.001066,0.00135771005707664,-6.6019557799489,"chronos_clock"
"clade:Eupercaria_Centrarchiformes_Terapontidae_Scortum_barcoo|Eupercaria_Centrarchiformes_Terapontidae_Scortum_hillii|Eupercaria_Centrarchiformes_Terapontidae_Scortum_ogilbyi|Eupercaria_Centrarchiformes_Terapontidae_Scortum_parviceps|Eupercaria_Centrarchiformes_Terapontidae_Syncomistes_bonapartensis|Eupercaria_Centrarchiformes_Terapontidae_Syncomistes_butleri|Eupercaria_Centrarchiformes_Terapontidae_Syncomistes_carcharus|Eupercaria_Centrarchiformes_Terapontidae_Syncomistes_dilliensis|Eupercaria_Centrarchiformes_Terapontidae_Syncomistes_holsworthi|Eupercaria_Centrarchiformes_Terapontidae_Syncomistes_kimberleyensis|Eupercaria_Centrarchiformes_Terapontidae_Syncomistes_moranensis|Eupercaria_Centrarchiformes_Terapontidae_Syncomistes_rastellus|Eupercaria_Centrarchiformes_Terapontidae_Syncomistes_trigonicus|Eupercaria_Centrarchiformes_Terapontidae_Syncomistes_versicolor|Eupercaria_Centrarchiformes_Terapontidae_Syncomistes_wunambal",0.132895271,138,139,0.000182,0.00136949944592084,-6.59330997384622,"chronos_clock"
"clade:Eupercaria_Centrarchiformes_Terapontidae_Scortum_barcoo|Eupercaria_Centrarchiformes_Terapontidae_Scortum_ogilbyi",4.750578427,150,152,0.005315,0.0011188111261972,-6.79548865192617,"chronos_clock"
"clade:Eupercaria_Centrarchiformes_Terapontidae_Scortum_hillii|Eupercaria_Centrarchiformes_Terapontidae_Scortum_parviceps",3.45155269,150,151,0.004157,0.00120438549643001,-6.72178580358296,"chronos_clock"
"clade:Eupercaria_Centrarchiformes_Terapontidae_Syncomistes_bonapartensis|Eupercaria_Centrarchiformes_Terapontidae_Syncomistes_butleri",1.723310344,142,146,0.001273,0.000738694573749973,-7.21062601913143,"chronos_clock"
"clade:Eupercaria_Centrarchiformes_Terapontidae_Syncomistes_bonapartensis|Eupercaria_Centrarchiformes_Terapontidae_Syncomistes_butleri|Eupercaria_Centrarchiformes_Terapontidae_Syncomistes_carcharus|Eupercaria_Centrarchiformes_Terapontidae_Syncomistes_dilliensis|Eupercaria_Centrarchiformes_Terapontidae_Syncomistes_holsworthi|Eupercaria_Centrarchiformes_Terapontidae_Syncomistes_kimberleyensis|Eupercaria_Centrarchiformes_Terapontidae_Syncomistes_moranensis|Eupercaria_Centrarchiformes_Terapontidae_Syncomistes_rastellus|Eupercaria_Centrarchiformes_Terapontidae_Syncomistes_trigonicus|Eupercaria_Centrarchiformes_Terapontidae_Syncomistes_versicolor|Eupercaria_Centrarchiformes_Terapontidae_Syncomistes_wunambal",1.933966883,139,140,0.001887,0.00097571474288787,-6.93234028590214,"chronos_clock"
"clade:Eupercaria_Centrarchiformes_Terapontidae_Syncomistes_bonapartensis|Eupercaria_Centrarchiformes_Terapontidae_Syncomistes_butleri|Eupercaria_Centrarchiformes_Terapontidae_Syncomistes_carcharus|Eupercaria_Centrarchiformes_Terapontidae_Syncomistes_dilliensis|Eupercaria_Centrarchiformes_Terapontidae_Syncomistes_holsworthi|Eupercaria_Centrarchiformes_Terapontidae_Syncomistes_kimberleyensis|Eupercaria_Centrarchiformes_Terapontidae_Syncomistes_rastellus|Eupercaria_Centrarchiformes_Terapontidae_Syncomistes_trigonicus|Eupercaria_Centrarchiformes_Terapontidae_Syncomistes_versicolor|Eupercaria_Centrarchiformes_Terapontidae_Syncomistes_wunambal",0.3028558151,140,141,0.00037,0.00122170346928234,-6.70750910784123,"chronos_clock"
"clade:Eupercaria_Centrarchiformes_Terapontidae_Syncomistes_bonapartensis|Eupercaria_Centrarchiformes_Terapontidae_Syncomistes_butleri|Eupercaria_Centrarchiformes_Terapontidae_Syncomistes_kimberleyensis|Eupercaria_Centrarchiformes_Terapontidae_Syncomistes_rastellus|Eupercaria_Centrarchiformes_Terapontidae_Syncomistes_trigonicus|Eupercaria_Centrarchiformes_Terapontidae_Syncomistes_wunambal",0.002482999087,141,142,1e-06,0.000402738770721103,-7.81722241780774,"chronos_clock"
"clade:Eupercaria_Centrarchiformes_Terapontidae_Syncomistes_carcharus|Eupercaria_Centrarchiformes_Terapontidae_Syncomistes_dilliensis|Eupercaria_Centrarchiformes_Terapontidae_Syncomistes_holsworthi|Eupercaria_Centrarchiformes_Terapontidae_Syncomistes_versicolor",0.4881451341,141,147,0.000876,0.00179454825789689,-6.32300195562514,"chronos_clock"
"clade:Eupercaria_Centrarchiformes_Terapontidae_Syncomistes_carcharus|Eupercaria_Centrarchiformes_Terapontidae_Syncomistes_versicolor",1.019287602,147,149,0.001736,0.00170315031458609,-6.37527561661295,"chronos_clock"
"clade:Eupercaria_Centrarchiformes_Terapontidae_Syncomistes_dilliensis|Eupercaria_Centrarchiformes_Terapontidae_Syncomistes_holsworthi",0.0009875542733,147,148,1e-06,0.00101260257490296,-6.89523145556881,"chronos_clock"
"clade:Eupercaria_Centrarchiformes_Terapontidae_Syncomistes_kimberleyensis|Eupercaria_Centrarchiformes_Terapontidae_Syncomistes_rastellus",1.037687227,143,145,0.00041,0.000395109421540562,-7.83634781486677,"chronos_clock"
"clade:Eupercaria_Centrarchiformes_Terapontidae_Syncomistes_kimberleyensis|Eupercaria_Centrarchiformes_Terapontidae_Syncomistes_rastellus|Eupercaria_Centrarchiformes_Terapontidae_Syncomistes_trigonicus|Eupercaria_Centrarchiformes_Terapontidae_Syncomistes_wunambal",1.331126713,142,143,0.000839,0.00063029311319966,-7.36932558773105,"chronos_clock"
"clade:Eupercaria_Centrarchiformes_Terapontidae_Syncomistes_trigonicus|Eupercaria_Centrarchiformes_Terapontidae_Syncomistes_wunambal",0.6400778584,143,144,0.000768,0.0011998540332574,-6.72555536853897,"chronos_clock"
"clade:Kyphosidae_Kyphosus_pacificus|Kyphosidae_Kyphosus_sectatrix",1.014512596,173,174,0.000928,0.00091472496611565,-6.99688712135319,"chronos_clock"
"tip:Centrarchidae_Lepomis_macrochirus",30.00309809,208,105,0.022586,0.000752788926405166,-7.19172567967754,"chronos_clock"
"tip:Centrarchidae_Micropterus_dolomieu",4.330323845,209,103,0.003348,0.00077315233683175,-7.16503445656567,"chronos_clock"
"tip:Centrarchidae_Micropterus_salmoides",4.330323845,209,104,0.003338,0.000770843040724129,-7.16802578395326,"chronos_clock"
"tip:Eupercaria_Centrarchiformes_Dichistiidae_Dichistius_capensis",20.57069584,184,76,0.012183,0.000592250261962942,-7.4315812726073,"chronos_clock"
"tip:Eupercaria_Centrarchiformes_Dichistiidae_Dichistius_multifasciatus",20.57069584,184,75,0.032336,0.0015719448798189,-6.4554416493183,"chronos_clock"
"tip:Eupercaria_Centrarchiformes_Girellidae_Girella_cyanea",10.69656328,196,86,0.000761,7.11443460931874e-05,-9.55079970119324,"chronos_clock"
"tip:Eupercaria_Centrarchiformes_Girellidae_Girella_fimbriata",0.805890376,202,95,1e-06,1.24086355884215e-06,-13.599703002313,"chronos_clock"
"tip:Eupercaria_Centrarchiformes_Girellidae_Girella_laevifrons",11.77253854,194,89,0.012285,0.00104353024271348,-6.86514584987036,"chronos_clock"
"tip:Eupercaria_Centrarchiformes_Girellidae_Girella_leonina",0.207614031,201,91,1e-06,4.81663014384611e-06,-12.2434360146952,"chronos_clock"
"tip:Eupercaria_Centrarchiformes_Girellidae_Girella_melanichthys",0.207614031,201,90,0.000549,0.00264432994897151,-5.93533757318566,"chronos_clock"
"tip:Eupercaria_Centrarchiformes_Girellidae_Girella_mezina",10.07818252,200,92,0.011373,0.00112847728024676,-6.7868860946105,"chronos_clock"
"tip:Eupercaria_Centrarchiformes_Girellidae_Girella_nebulosa",0.805890376,202,94,0.001414,0.0017545810722028,-6.3455251558565,"chronos_clock"
"tip:Eupercaria_Centrarchiformes_Girellidae_Girella_nigricans",1.960536983,198,88,0.003097,0.00157966925737917,-6.45053978462869,"chronos_clock"
"tip:Eupercaria_Centrarchiformes_Girellidae_Girella_punctata",11.88619012,199,93,0.006637,0.000558379088084113,-7.49047245692347,"chronos_clock"
"tip:Eupercaria_Centrarchiformes_Girellidae_Girella_simplicidens",1.960536983,198,87,0.001983,0.0010114575839144,-6.89636283608209,"chronos_clock"
"tip:Eupercaria_Centrarchiformes_Girellidae_Girella_tricuspidata",9.207258276,197,85,0.007605,0.000825978784566464,-7.09894146931738,"chronos_clock"
"tip:Eupercaria_Centrarchiformes_Girellidae_Girella_zebra",9.207258276,197,84,0.013903,0.0015100043447505,-6.49564275084123,"chronos_clock"
"tip:Eupercaria_Centrarchiformes_Girellidae_Graus_nigra",34.56947012,191,96,0.039409,0.00113999433208553,-6.77673198844289,"chronos_clock"
"tip:Eupercaria_Centrarchiformes_Kuhliidae_Kuhlia_caudavittata",23.52780668,158,58,0.024914,0.00105891723520401,-6.85050836914318,"chronos_clock"
"tip:Eupercaria_Centrarchiformes_Kuhliidae_Kuhlia_mugil",1.860876543,166,53,0.001613,0.000866795815159029,-7.05070711623363,"chronos_clock"
"tip:Eupercaria_Centrarchiformes_Kuhliidae_Kuhlia_munda",32.96544365,157,59,0.040495,0.00122840755398115,-6.70203661996914,"chronos_clock"
"tip:Eupercaria_Centrarchiformes_Kuhliidae_Kuhlia_nutabunda",1.43032571,167,55,0.001507,0.00105360617477819,-6.85553654690489,"chronos_clock"
"tip:Eupercaria_Centrarchiformes_Kuhliidae_Kuhlia_rupestris",10.2773275,163,52,0.007721,0.000751265345976374,-7.19375164506709,"chronos_clock"
"tip:Eupercaria_Centrarchiformes_Kuhliidae_Kuhlia_salelea",3.128411316,162,48,0.004538,0.00145057652003455,-6.53579420154777,"chronos_clock"
"tip:Eupercaria_Centrarchiformes_Kuhliidae_Kuhlia_sandvicensis",1.43032571,167,56,0.001505,0.00105220789186541,-6.85686456834841,"chronos_clock"
"tip:Eupercaria_Centrarchiformes_Kuhliidae_Kuhlia_sauvagii",10.2773275,163,51,0.015541,0.00151216354640834,-6.49421384146029,"chronos_clock"
"tip:Eupercaria_Centrarchiformes_Kyphosidae_Kyphosus_azureus",17.1691132,177,70,0.017991,0.00104787007869457,-6.86099567147958,"chronos_clock"
"tip:Eupercaria_Centrarchiformes_Kyphosidae_Kyphosus_bigibbus",2.409556423,173,62,0.002216,0.000919671346496624,-6.99149418381265,"chronos_clock"
"tip:Eupercaria_Centrarchiformes_Kyphosidae_Kyphosus_cornelii",17.1691132,177,69,0.015082,0.000878437914894754,-7.0373653245536,"chronos_clock"
"tip:Eupercaria_Centrarchiformes_Kyphosidae_Kyphosus_hawaiiensis",2.167876672,175,67,0.001403,0.000647177036461971,-7.34289067421231,"chronos_clock"
"tip:Eupercaria_Centrarchiformes_Kyphosidae_Kyphosus_ocyurus",1.262856062,176,65,0.001931,0.00152907370689725,-6.48309314724728,"chronos_clock"
"tip:Eupercaria_Centrarchiformes_Kyphosidae_Kyphosus_sydneyanus",12.74164586,169,68,0.006616,0.000519242182108489,-7.56314015144371,"chronos_clock"
"tip:Eupercaria_Centrarchiformes_Microcanthidae_Microcanthus_strigatus",29.56461167,181,73,0.041516,0.00140424641674314,-6.56825447827787,"chronos_clock"
"tip:Eupercaria_Centrarchiformes_Microcanthidae_Neatypus_obliquus",23.62807374,182,71,0.031782,0.00134509483717228,-6.61129075750535,"chronos_clock"
"tip:Eupercaria_Centrarchiformes_Microcanthidae_Tilodon_sexfasciatus",23.62807374,182,72,0.020591,0.000871463337493376,-7.04533676216979,"chronos_clock"
"tip:Eupercaria_Centrarchiformes_Oplegnathidae_Oplegnathus_conwayi",42.07925747,183,77,0.04296,0.00102093056253732,-6.88704075138039,"chronos_clock"
"tip:Eupercaria_Centrarchiformes_Oplegnathidae_Oplegnathus_fasciatus",15.48165034,188,80,0.004583,0.00029602787166423,-8.12505694704528,"chronos_clock"
"tip:Eupercaria_Centrarchiformes_Oplegnathidae_Oplegnathus_insignis",22.3774726,186,82,0.044127,0.00197193851105419,-6.22873820429483,"chronos_clock"
"tip:Eupercaria_Centrarchiformes_Oplegnathidae_Oplegnathus_peaolopesi",0.8822602904,189,79,0.002902,0.00328927872145791,-5.71708697183947,"chronos_clock"
"tip:Eupercaria_Centrarchiformes_Oplegnathidae_Oplegnathus_robinsoni",0.8822602904,189,78,1e-06,1.13345235060576e-06,-13.6902424052836,"chronos_clock"
"tip:Eupercaria_Centrarchiformes_Scorpididae_Labracoglossa_argenteiventris",40.42001772,203,102,0.046588,0.00115259721860409,-6.76573743211394,"chronos_clock"
"tip:Eupercaria_Centrarchiformes_Scorpididae_Medialuna_californiensis",22.18811483,207,101,0.015051,0.000678336132443749,-7.2958676223115,"chronos_clock"
"tip:Eupercaria_Centrarchiformes_Scorpididae_Scorpis_georgiana",22.18811483,207,100,0.030009,0.00135248083173905,-6.60581471981057,"chronos_clock"
"tip:Eupercaria_Centrarchiformes_Scorpididae_Scorpis_lineolata",3.136758631,206,98,0.002596,0.000827605915974604,-7.09697346376826,"chronos_clock"
"tip:Eupercaria_Centrarchiformes_Scorpididae_Scorpis_violacea",3.136758631,206,97,0.002214,0.000705824151759543,-7.25614442832366,"chronos_clock"
"tip:Eupercaria_Centrarchiformes_Terapontidae_Amniataba_affinis",6.722740074,121,1,0.004459,0.000663271218419563,-7.31832657387192,"chronos_clock"
"tip:Eupercaria_Centrarchiformes_Terapontidae_Amniataba_caudavittata",9.277203977,119,4,0.007469,0.000805091708505829,-7.12455436342479,"chronos_clock"
"tip:Eupercaria_Centrarchiformes_Terapontidae_Amniataba_percoides",1.382719095,125,10,0.000531,0.000384025939845721,-7.86480045597649,"chronos_clock"
"tip:Eupercaria_Centrarchiformes_Terapontidae_Bidyanus_welchi",2.947923783,154,42,0.005346,0.00181347972116143,-6.3125077814591,"chronos_clock"
"tip:Eupercaria_Centrarchiformes_Terapontidae_Hannia_greenwayi",6.416309581,122,6,0.005887,0.000917505604379285,-6.99385186973891,"chronos_clock"
"tip:Eupercaria_Centrarchiformes_Terapontidae_Helotes_octolineatus",22.260012,133,21,0.034201,0.0015364322355262,-6.47829228050578,"chronos_clock"
"tip:Eupercaria_Centrarchiformes_Terapontidae_Hephaestus_carbo",0.5572612294,127,12,0.000233,0.000418116293952245,-7.77975094893743,"chronos_clock"
"tip:Eupercaria_Centrarchiformes_Terapontidae_Hephaestus_epirrhinos",2.486617457,153,40,0.000586,0.000235661500063216,-8.35311410432882,"chronos_clock"
"tip:Eupercaria_Centrarchiformes_Terapontidae_Hephaestus_habbemai",0.5572612294,127,13,7e-04,0.00125614337238872,-6.67970906745973,"chronos_clock"
"tip:Eupercaria_Centrarchiformes_Terapontidae_Hephaestus_transmontanus",6.122421125,126,14,0.008332,0.00136089952485913,-6.5996093825353,"chronos_clock"
"tip:Eupercaria_Centrarchiformes_Terapontidae_Hephaestus_tulliensis",5.669375782,138,39,0.002882,0.000508345206036653,-7.58434980172594,"chronos_clock"
"tip:Eupercaria_Centrarchiformes_Terapontidae_Lagusia_micracanthus",8.551685357,120,3,0.018915,0.00221184470784079,-6.11392840219843,"chronos_clock"
"tip:Eupercaria_Centrarchiformes_Terapontidae_Leiopotherapon_aheneus",6.416309581,122,5,0.008311,0.00129529286189846,-6.64901846121414,"chronos_clock"
"tip:Eupercaria_Centrarchiformes_Terapontidae_Leiopotherapon_macrolepis",8.308008156,124,7,0.013211,0.00159015250730815,-6.44392535080368,"chronos_clock"
"tip:Eupercaria_Centrarchiformes_Terapontidae_Leiopotherapon_plumbeus",6.722740074,121,2,0.007277,0.00108244553856003,-6.82853241015231,"chronos_clock"
"tip:Eupercaria_Centrarchiformes_Terapontidae_Leiopotherapon_unicolor",10.99574788,123,9,0.004394,0.00039960901686298,-7.82502394672228,"chronos_clock"
"tip:Eupercaria_Centrarchiformes_Terapontidae_Mesopristes_argenteus",17.44737733,130,16,0.007666,0.000439378357847437,-7.73014965310152,"chronos_clock"
"tip:Eupercaria_Centrarchiformes_Terapontidae_Mesopristes_cancellatus",20.19527067,129,17,0.018249,0.00090362740357369,-7.0090934467235,"chronos_clock"
"tip:Eupercaria_Centrarchiformes_Terapontidae_Pelates_sexlineatus",8.305747274,134,19,0.008957,0.0010784098895037,-6.83226764731443,"chronos_clock"
"tip:Eupercaria_Centrarchiformes_Terapontidae_Pelsartia_humeralis",26.64212016,128,18,0.021582,0.00081007066518688,-7.1183890731316,"chronos_clock"
"tip:Eupercaria_Centrarchiformes_Terapontidae_Pingalla_gilberti",9.580023431,155,46,0.011452,0.00119540417437211,-6.72927092955068,"chronos_clock"
"tip:Eupercaria_Centrarchiformes_Terapontidae_Pingalla_lorentzi",6.625510695,156,45,0.006642,0.00100248875984948,-6.90526961096663,"chronos_clock"
"tip:Eupercaria_Centrarchiformes_Terapontidae_Pingalla_midgleyi",6.625510695,156,44,0.003993,0.000602670523649347,-7.4141399058401,"chronos_clock"
"tip:Eupercaria_Centrarchiformes_Terapontidae_Rhynchopelates_oxyrhynchus",17.44737733,130,15,0.02682,0.00153719378521631,-6.47779674220635,"chronos_clock"
"tip:Eupercaria_Centrarchiformes_Terapontidae_Scortum_barcoo",0.0007565410566,152,38,1e-06,0.00132180532870766,-6.62875680353368,"chronos_clock"
"tip:Eupercaria_Centrarchiformes_Terapontidae_Scortum_hillii",1.299782277,151,35,0.001674,0.00128790800553438,-6.65473607812536,"chronos_clock"
"tip:Eupercaria_Centrarchiformes_Terapontidae_Scortum_ogilbyi",0.0007565410566,152,37,1e-06,0.00132180532870766,-6.62875680353368,"chronos_clock"
"tip:Eupercaria_Centrarchiformes_Terapontidae_Scortum_parviceps",1.299782277,151,36,0.001147,0.000882455485273554,-7.03280221204541,"chronos_clock"
"tip:Eupercaria_Centrarchiformes_Terapontidae_Syncomistes_bonapartensis",1.57386447,146,28,0.001747,0.00111000663227374,-6.80338928865435,"chronos_clock"
"tip:Eupercaria_Centrarchiformes_Terapontidae_Syncomistes_butleri",1.57386447,146,29,0.000943,0.000599162137512387,-7.41997831615495,"chronos_clock"
"tip:Eupercaria_Centrarchiformes_Terapontidae_Syncomistes_carcharus",1.792225077,149,33,0.00478,0.00266707572689543,-5.92677264014883,"chronos_clock"
"tip:Eupercaria_Centrarchiformes_Terapontidae_Syncomistes_dilliensis",2.810525125,148,30,0.004834,0.00171996327554624,-6.36545233981133,"chronos_clock"
"tip:Eupercaria_Centrarchiformes_Terapontidae_Syncomistes_holsworthi",2.810525125,148,31,0.000859,0.000305636833614857,-8.0931129790905,"chronos_clock"
"tip:Eupercaria_Centrarchiformes_Terapontidae_Syncomistes_kimberleyensis",0.9283608738,145,27,1e-06,1.07716732600628e-06,-13.7411758088063,"chronos_clock"
"tip:Eupercaria_Centrarchiformes_Terapontidae_Syncomistes_moranensis",3.602513628,140,34,0.002611,0.000724771720419429,-7.22965382107805,"chronos_clock"
"tip:Eupercaria_Centrarchiformes_Terapontidae_Syncomistes_rastellus",0.9283608738,145,26,0.001262,0.00135938516541993,-6.60072276570512,"chronos_clock"
"tip:Eupercaria_Centrarchiformes_Terapontidae_Syncomistes_trigonicus",1.325970243,144,25,0.001135,0.000855976976852866,-7.06326707838416,"chronos_clock"
"tip:Eupercaria_Centrarchiformes_Terapontidae_Syncomistes_versicolor",1.792225077,149,32,1e-06,5.57965633241723e-07,-14.3989684656343,"chronos_clock"
"tip:Eupercaria_Centrarchiformes_Terapontidae_Syncomistes_wunambal",1.325970243,144,24,0.001737,0.00130998414871668,-6.63774024205856,"chronos_clock"
"tip:Eupercaria_Centrarchiformes_Terapontidae_Variichthys_lacustris",8.308008156,124,8,0.005728,0.000689455269234813,-7.27960873704156,"chronos_clock"
"tip:Kuhliidae_Kuhlia_malo",3.128411316,162,49,0.003259,0.00104174281154531,-6.86686018804999,"chronos_clock"
"tip:Kuhliidae_Kuhlia_marginata",4.436370151,161,50,0.001015,0.00022879064763593,-8.38270317501115,"chronos_clock"
"tip:Kuhliidae_Kuhlia_petiti",1.860876543,166,54,0.001621,0.000871094864459259,-7.04575967262316,"chronos_clock"
"tip:Kuhliidae_Kuhlia_xenura",11.12249488,164,57,0.005143,0.000462396256908864,-7.67908833555915,"chronos_clock"
"tip:Kyphosidae_Kyphosus_cinerascens",4.528739284,172,63,0.003823,0.000844164293914341,-7.07716342127637,"chronos_clock"
"tip:Kyphosidae_Kyphosus_elegans",5.762329189,171,64,0.004243,0.000736334190712269,-7.21382647882326,"chronos_clock"
"tip:Kyphosidae_Kyphosus_pacificus",1.395043827,174,61,0.001275,0.000913949780876669,-6.99773493235587,"chronos_clock"
"tip:Kyphosidae_Kyphosus_sectatrix",1.395043827,174,60,0.001341,0.000961260122474991,-6.94726550666672,"chronos_clock"
"tip:Kyphosidae_Kyphosus_vaigiensis",1.262856062,176,66,0.000538,0.000426018464169197,-7.76102786951401,"chronos_clock"
"tip:Oplegnathidae_Oplegnathus_punctatus",16.60133297,187,81,0.008042,0.000484418932776818,-7.63256046204332,"chronos_clock"
"tip:Oplegnathidae_Oplegnathus_woodwardi",23.19835,185,83,0.013728,0.000591766224753054,-7.43239889168994,"chronos_clock"
"tip:Scorpididae_Atypichthys_strigatus",33.50868819,180,74,0.006361,0.000189831364448887,-8.56937443544659,"chronos_clock"
"tip:Scorpididae_Scorpis_aequipinnis",7.016248621,205,99,0.004848,0.000690967532919184,-7.27741772094564,"chronos_clock"
"tip:Terapontidae_Bidyanus_bidyanus",2.947923783,154,43,1e-06,3.39221795952382e-07,-14.896611678158,"chronos_clock"
"tip:Terapontidae_Hephaestus_fuliginosus",1.382719095,125,11,0.001587,0.00114773854338071,-6.76996175669202,"chronos_clock"
"tip:Terapontidae_Hephaestus_jenkinsi",2.486617457,153,41,0.003504,0.0014091431676135,-6.56477344184955,"chronos_clock"
"tip:Terapontidae_Pelates_quadrilineatus",8.305747274,134,20,0.012288,0.00147945748824623,-6.51607982040218,"chronos_clock"
"tip:Terapontidae_Terapon_jarbua",34.46892552,111,47,0.039468,0.00114503134068103,-6.77232327057671,"chronos_clock"
"tip:Terapontidae_Terapon_puta",29.27042071,131,23,0.035678,0.00121890970934391,-6.70979850067344,"chronos_clock"
"tip:Terapontidae_Terapon_theraps",27.09108957,132,22,0.033478,0.00123575686808377,-6.69607164796642,"chronos_clock"
"clade:Centrarchidae_Lepomis_macrochirus|Centrarchidae_Micropterus_dolomieu|Centrarchidae_Micropterus_salmoides",35.11528667,106,208,0.027243,0.000775815964597392,-7.16159522493168,"chronos_correlated"
"clade:Centrarchidae_Micropterus_dolomieu|Centrarchidae_Micropterus_salmoides",35.11528667,208,209,0.014861,0.00042320599970201,-7.76765150053105,"chronos_correlated"
"clade:Eupercaria_Centrarchiformes_Dichistiidae_Dichistius_capensis|Eupercaria_Centrarchiformes_Dichistiidae_Dichistius_multifasciatus",8.972881788,183,184,0.025626,0.00285593866111902,-5.85835471193466,"chronos_correlated"
"clade:Eupercaria_Centrarchiformes_Dichistiidae_Dichistius_capensis|Eupercaria_Centrarchiformes_Dichistiidae_Dichistius_multifasciatus|Eupercaria_Centrarchiformes_Girellidae_Girella_cyanea|Eupercaria_Centrarchiformes_Girellidae_Girella_fimbriata|Eupercaria_Centrarchiformes_Girellidae_Girella_laevifrons|Eupercaria_Centrarchiformes_Girellidae_Girella_leonina|Eupercaria_Centrarchiformes_Girellidae_Girella_melanichthys|Eupercaria_Centrarchiformes_Girellidae_Girella_mezina|Eupercaria_Centrarchiformes_Girellidae_Girella_nebulosa|Eupercaria_Centrarchiformes_Girellidae_Girella_nigricans|Eupercaria_Centrarchiformes_Girellidae_Girella_punctata|Eupercaria_Centrarchiformes_Girellidae_Girella_simplicidens|Eupercaria_Centrarchiformes_Girellidae_Girella_tricuspidata|Eupercaria_Centrarchiformes_Girellidae_Girella_zebra|Eupercaria_Centrarchiformes_Girellidae_Graus_nigra|Eupercaria_Centrarchiformes_Kuhliidae_Kuhlia_caudavittata|Eupercaria_Centrarchiformes_Kuhliidae_Kuhlia_mugil|Eupercaria_Centrarchiformes_Kuhliidae_Kuhlia_munda|Eupercaria_Centrarchiformes_Kuhliidae_Kuhlia_nutabunda|Eupercaria_Centrarchiformes_Kuhliidae_Kuhlia_rupestris|Eupercaria_Centrarchiformes_Kuhliidae_Kuhlia_salelea|Eupercaria_Centrarchiformes_Kuhliidae_Kuhlia_sandvicensis|Eupercaria_Centrarchiformes_Kuhliidae_Kuhlia_sauvagii|Eupercaria_Centrarchiformes_Kyphosidae_Kyphosus_azureus|Eupercaria_Centrarchiformes_Kyphosidae_Kyphosus_bigibbus|Eupercaria_Centrarchiformes_Kyphosidae_Kyphosus_cornelii|Eupercaria_Centrarchiformes_Kyphosidae_Kyphosus_hawaiiensis|Eupercaria_Centrarchiformes_Kyphosidae_Kyphosus_ocyurus|Eupercaria_Centrarchiformes_Kyphosidae_Kyphosus_sydneyanus|Eupercaria_Centrarchiformes_Microcanthidae_Microcanthus_strigatus|Eupercaria_Centrarchiformes_Microcanthidae_Neatypus_obliquus|Eupercaria_Centrarchiformes_Microcanthidae_Tilodon_sexfasciatus|Eupercaria_Centrarchiformes_Oplegnathidae_Oplegnathus_conwayi|Eupercaria_Centrarchiformes_Oplegnathidae_Oplegnathus_fasciatus|Eupercaria_Centrarchiformes_Oplegnathidae_Oplegnathus_insignis|Eupercaria_Centrarchiformes_Oplegnathidae_Oplegnathus_peaolopesi|Eupercaria_Centrarchiformes_Oplegnathidae_Oplegnathus_robinsoni|Eupercaria_Centrarchiformes_Scorpididae_Labracoglossa_argenteiventris|Eupercaria_Centrarchiformes_Scorpididae_Medialuna_californiensis|Eupercaria_Centrarchiformes_Scorpididae_Scorpis_georgiana|Eupercaria_Centrarchiformes_Scorpididae_Scorpis_lineolata|Eupercaria_Centrarchiformes_Scorpididae_Scorpis_violacea|Eupercaria_Centrarchiformes_Terapontidae_Amniataba_affinis|Eupercaria_Centrarchiformes_Terapontidae_Amniataba_caudavittata|Eupercaria_Centrarchiformes_Terapontidae_Amniataba_percoides|Eupercaria_Centrarchiformes_Terapontidae_Bidyanus_welchi|Eupercaria_Centrarchiformes_Terapontidae_Hannia_greenwayi|Eupercaria_Centrarchiformes_Terapontidae_Helotes_octolineatus|Eupercaria_Centrarchiformes_Terapontidae_Hephaestus_carbo|Eupercaria_Centrarchiformes_Terapontidae_Hephaestus_epirrhinos|Eupercaria_Centrarchiformes_Terapontidae_Hephaestus_habbemai|Eupercaria_Centrarchiformes_Terapontidae_Hephaestus_transmontanus|Eupercaria_Centrarchiformes_Terapontidae_Hephaestus_tulliensis|Eupercaria_Centrarchiformes_Terapontidae_Lagusia_micracanthus|Eupercaria_Centrarchiformes_Terapontidae_Leiopotherapon_aheneus|Eupercaria_Centrarchiformes_Terapontidae_Leiopotherapon_macrolepis|Eupercaria_Centrarchiformes_Terapontidae_Leiopotherapon_plumbeus|Eupercaria_Centrarchiformes_Terapontidae_Leiopotherapon_unicolor|Eupercaria_Centrarchiformes_Terapontidae_Mesopristes_argenteus|Eupercaria_Centrarchiformes_Terapontidae_Mesopristes_cancellatus|Eupercaria_Centrarchiformes_Terapontidae_Pelates_sexlineatus|Eupercaria_Centrarchiformes_Terapontidae_Pelsartia_humeralis|Eupercaria_Centrarchiformes_Terapontidae_Pingalla_gilberti|Eupercaria_Centrarchiformes_Terapontidae_Pingalla_lorentzi|Eupercaria_Centrarchiformes_Terapontidae_Pingalla_midgleyi|Eupercaria_Centrarchiformes_Terapontidae_Rhynchopelates_oxyrhynchus|Eupercaria_Centrarchiformes_Terapontidae_Scortum_barcoo|Eupercaria_Centrarchiformes_Terapontidae_Scortum_hillii|Eupercaria_Centrarchiformes_Terapontidae_Scortum_ogilbyi|Eupercaria_Centrarchiformes_Terapontidae_Scortum_parviceps|Eupercaria_Centrarchiformes_Terapontidae_Syncomistes_bonapartensis|Eupercaria_Centrarchiformes_Terapontidae_Syncomistes_butleri|Eupercaria_Centrarchiformes_Terapontidae_Syncomistes_carcharus|Eupercaria_Centrarchiformes_Terapontidae_Syncomistes_dilliensis|Eupercaria_Centrarchiformes_Terapontidae_Syncomistes_holsworthi|Eupercaria_Centrarchiformes_Terapontidae_Syncomistes_kimberleyensis|Eupercaria_Centrarchiformes_Terapontidae_Syncomistes_moranensis|Eupercaria_Centrarchiformes_Terapontidae_Syncomistes_rastellus|Eupercaria_Centrarchiformes_Terapontidae_Syncomistes_trigonicus|Eupercaria_Centrarchiformes_Terapontidae_Syncomistes_versicolor|Eupercaria_Centrarchiformes_Terapontidae_Syncomistes_wunambal|Eupercaria_Centrarchiformes_Terapontidae_Variichthys_lacustris|Kuhliidae_Kuhlia_malo|Kuhliidae_Kuhlia_marginata|Kuhliidae_Kuhlia_petiti|Kuhliidae_Kuhlia_xenura|Kyphosidae_Kyphosus_cinerascens|Kyphosidae_Kyphosus_elegans|Kyphosidae_Kyphosus_pacificus|Kyphosidae_Kyphosus_sectatrix|Kyphosidae_Kyphosus_vaigiensis|Oplegnathidae_Oplegnathus_punctatus|Oplegnathidae_Oplegnathus_woodwardi|Scorpididae_Atypichthys_strigatus|Scorpididae_Scorpis_aequipinnis|Terapontidae_Bidyanus_bidyanus|Terapontidae_Hephaestus_fuliginosus|Terapontidae_Hephaestus_jenkinsi|Terapontidae_Pelates_quadrilineatus|Terapontidae_Terapon_jarbua|Terapontidae_Terapon_puta|Terapontidae_Terapon_theraps",50.79764,106,107,0.027243,0.000536304442489848,-7.53080856841871,"chronos_correlated"
"clade:Eupercaria_Centrarchiformes_Dichistiidae_Dichistius_capensis|Eupercaria_Centrarchiformes_Dichistiidae_Dichistius_multifasciatus|Eupercaria_Centrarchiformes_Kuhliidae_Kuhlia_caudavittata|Eupercaria_Centrarchiformes_Kuhliidae_Kuhlia_mugil|Eupercaria_Centrarchiformes_Kuhliidae_Kuhlia_munda|Eupercaria_Centrarchiformes_Kuhliidae_Kuhlia_nutabunda|Eupercaria_Centrarchiformes_Kuhliidae_Kuhlia_rupestris|Eupercaria_Centrarchiformes_Kuhliidae_Kuhlia_salelea|Eupercaria_Centrarchiformes_Kuhliidae_Kuhlia_sandvicensis|Eupercaria_Centrarchiformes_Kuhliidae_Kuhlia_sauvagii|Eupercaria_Centrarchiformes_Kyphosidae_Kyphosus_azureus|Eupercaria_Centrarchiformes_Kyphosidae_Kyphosus_bigibbus|Eupercaria_Centrarchiformes_Kyphosidae_Kyphosus_cornelii|Eupercaria_Centrarchiformes_Kyphosidae_Kyphosus_hawaiiensis|Eupercaria_Centrarchiformes_Kyphosidae_Kyphosus_ocyurus|Eupercaria_Centrarchiformes_Kyphosidae_Kyphosus_sydneyanus|Eupercaria_Centrarchiformes_Microcanthidae_Microcanthus_strigatus|Eupercaria_Centrarchiformes_Microcanthidae_Neatypus_obliquus|Eupercaria_Centrarchiformes_Microcanthidae_Tilodon_sexfasciatus|Eupercaria_Centrarchiformes_Oplegnathidae_Oplegnathus_conwayi|Eupercaria_Centrarchiformes_Oplegnathidae_Oplegnathus_fasciatus|Eupercaria_Centrarchiformes_Oplegnathidae_Oplegnathus_insignis|Eupercaria_Centrarchiformes_Oplegnathidae_Oplegnathus_peaolopesi|Eupercaria_Centrarchiformes_Oplegnathidae_Oplegnathus_robinsoni|Eupercaria_Centrarchiformes_Terapontidae_Amniataba_affinis|Eupercaria_Centrarchiformes_Terapontidae_Amniataba_caudavittata|Eupercaria_Centrarchiformes_Terapontidae_Amniataba_percoides|Eupercaria_Centrarchiformes_Terapontidae_Bidyanus_welchi|Eupercaria_Centrarchiformes_Terapontidae_Hannia_greenwayi|Eupercaria_Centrarchiformes_Terapontidae_Helotes_octolineatus|Eupercaria_Centrarchiformes_Terapontidae_Hephaestus_carbo|Eupercaria_Centrarchiformes_Terapontidae_Hephaestus_epirrhinos|Eupercaria_Centrarchiformes_Terapontidae_Hephaestus_habbemai|Eupercaria_Centrarchiformes_Terapontidae_Hephaestus_transmontanus|Eupercaria_Centrarchiformes_Terapontidae_Hephaestus_tulliensis|Eupercaria_Centrarchiformes_Terapontidae_Lagusia_micracanthus|Eupercaria_Centrarchiformes_Terapontidae_Leiopotherapon_aheneus|Eupercaria_Centrarchiformes_Terapontidae_Leiopotherapon_macrolepis|Eupercaria_Centrarchiformes_Terapontidae_Leiopotherapon_plumbeus|Eupercaria_Centrarchiformes_Terapontidae_Leiopotherapon_unicolor|Eupercaria_Centrarchiformes_Terapontidae_Mesopristes_argenteus|Eupercaria_Centrarchiformes_Terapontidae_Mesopristes_cancellatus|Eupercaria_Centrarchiformes_Terapontidae_Pelates_sexlineatus|Eupercaria_Centrarchiformes_Terapontidae_Pelsartia_humeralis|Eupercaria_Centrarchiformes_Terapontidae_Pingalla_gilberti|Eupercaria_Centrarchiformes_Terapontidae_Pingalla_lorentzi|Eupercaria_Centrarchiformes_Terapontidae_Pingalla_midgleyi|Eupercaria_Centrarchiformes_Terapontidae_Rhynchopelates_oxyrhynchus|Eupercaria_Centrarchiformes_Terapontidae_Scortum_barcoo|Eupercaria_Centrarchiformes_Terapontidae_Scortum_hillii|Eupercaria_Centrarchiformes_Terapontidae_Scortum_ogilbyi|Eupercaria_Centrarchiformes_Terapontidae_Scortum_parviceps|Eupercaria_Centrarchiformes_Terapontidae_Syncomistes_bonapartensis|Eupercaria_Centrarchiformes_Terapontidae_Syncomistes_butleri|Eupercaria_Centrarchiformes_Terapontidae_Syncomistes_carcharus|Eupercaria_Centrarchiformes_Terapontidae_Syncomistes_dilliensis|Eupercaria_Centrarchiformes_Terapontidae_Syncomistes_holsworthi|Eupercaria_Centrarchiformes_Terapontidae_Syncomistes_kimberleyensis|Eupercaria_Centrarchiformes_Terapontidae_Syncomistes_moranensis|Eupercaria_Centrarchiformes_Terapontidae_Syncomistes_rastellus|Eupercaria_Centrarchiformes_Terapontidae_Syncomistes_trigonicus|Eupercaria_Centrarchiformes_Terapontidae_Syncomistes_versicolor|Eupercaria_Centrarchiformes_Terapontidae_Syncomistes_wunambal|Eupercaria_Centrarchiformes_Terapontidae_Variichthys_lacustris|Kuhliidae_Kuhlia_malo|Kuhliidae_Kuhlia_marginata|Kuhliidae_Kuhlia_petiti|Kuhliidae_Kuhlia_xenura|Kyphosidae_Kyphosus_cinerascens|Kyphosidae_Kyphosus_elegans|Kyphosidae_Kyphosus_pacificus|Kyphosidae_Kyphosus_sectatrix|Kyphosidae_Kyphosus_vaigiensis|Oplegnathidae_Oplegnathus_punctatus|Oplegnathidae_Oplegnathus_woodwardi|Scorpididae_Atypichthys_strigatus|Terapontidae_Bidyanus_bidyanus|Terapontidae_Hephaestus_fuliginosus|Terapontidae_Hephaestus_jenkinsi|Terapontidae_Pelates_quadrilineatus|Terapontidae_Terapon_jarbua|Terapontidae_Terapon_puta|Terapontidae_Terapon_theraps",10.44995667,107,108,0.002173,0.00020794344595115,-8.47824440969858,"chronos_correlated"
"clade:Eupercaria_Centrarchiformes_Dichistiidae_Dichistius_capensis|Eupercaria_Centrarchiformes_Dichistiidae_Dichistius_multifasciatus|Eupercaria_Centrarchiformes_Microcanthidae_Microcanthus_strigatus|Eupercaria_Centrarchiformes_Microcanthidae_Neatypus_obliquus|Eupercaria_Centrarchiformes_Microcanthidae_Tilodon_sexfasciatus|Eupercaria_Centrarchiformes_Oplegnathidae_Oplegnathus_conwayi|Eupercaria_Centrarchiformes_Oplegnathidae_Oplegnathus_fasciatus|Eupercaria_Centrarchiformes_Oplegnathidae_Oplegnathus_insignis|Eupercaria_Centrarchiformes_Oplegnathidae_Oplegnathus_peaolopesi|Eupercaria_Centrarchiformes_Oplegnathidae_Oplegnathus_robinsoni|Oplegnathidae_Oplegnathus_punctatus|Oplegnathidae_Oplegnathus_woodwardi|Scorpididae_Atypichthys_strigatus",10.44995667,108,178,0.000894,8.5550593962415e-05,-9.3664026147815,"chronos_correlated"
"clade:Eupercaria_Centrarchiformes_Dichistiidae_Dichistius_capensis|Eupercaria_Centrarchiformes_Dichistiidae_Dichistius_multifasciatus|Eupercaria_Centrarchiformes_Microcanthidae_Microcanthus_strigatus|Eupercaria_Centrarchiformes_Microcanthidae_Neatypus_obliquus|Eupercaria_Centrarchiformes_Microcanthidae_Tilodon_sexfasciatus|Eupercaria_Centrarchiformes_Oplegnathidae_Oplegnathus_conwayi|Scorpididae_Atypichthys_strigatus",6.729661333,178,179,0.006695,0.000994849468452442,-6.91291912023836,"chronos_correlated"
"clade:Eupercaria_Centrarchiformes_Dichistiidae_Dichistius_capensis|Eupercaria_Centrarchiformes_Dichistiidae_Dichistius_multifasciatus|Eupercaria_Centrarchiformes_Oplegnathidae_Oplegnathus_conwayi",8.972881773,179,183,0.00387,0.000431299564388008,-7.74870766430865,"chronos_correlated"
"clade:Eupercaria_Centrarchiformes_Girellidae_Girella_cyanea|Eupercaria_Centrarchiformes_Girellidae_Girella_fimbriata|Eupercaria_Centrarchiformes_Girellidae_Girella_laevifrons|Eupercaria_Centrarchiformes_Girellidae_Girella_leonina|Eupercaria_Centrarchiformes_Girellidae_Girella_melanichthys|Eupercaria_Centrarchiformes_Girellidae_Girella_mezina|Eupercaria_Centrarchiformes_Girellidae_Girella_nebulosa|Eupercaria_Centrarchiformes_Girellidae_Girella_nigricans|Eupercaria_Centrarchiformes_Girellidae_Girella_punctata|Eupercaria_Centrarchiformes_Girellidae_Girella_simplicidens|Eupercaria_Centrarchiformes_Girellidae_Girella_tricuspidata|Eupercaria_Centrarchiformes_Girellidae_Girella_zebra",6.060913282,191,192,0.01227,0.00202444737766502,-6.2024585155861,"chronos_correlated"
"clade:Eupercaria_Centrarchiformes_Girellidae_Girella_cyanea|Eupercaria_Centrarchiformes_Girellidae_Girella_fimbriata|Eupercaria_Centrarchiformes_Girellidae_Girella_laevifrons|Eupercaria_Centrarchiformes_Girellidae_Girella_leonina|Eupercaria_Centrarchiformes_Girellidae_Girella_melanichthys|Eupercaria_Centrarchiformes_Girellidae_Girella_mezina|Eupercaria_Centrarchiformes_Girellidae_Girella_nebulosa|Eupercaria_Centrarchiformes_Girellidae_Girella_nigricans|Eupercaria_Centrarchiformes_Girellidae_Girella_punctata|Eupercaria_Centrarchiformes_Girellidae_Girella_simplicidens|Eupercaria_Centrarchiformes_Girellidae_Girella_tricuspidata|Eupercaria_Centrarchiformes_Girellidae_Girella_zebra|Eupercaria_Centrarchiformes_Girellidae_Graus_nigra",6.060913399,190,191,0.027571,0.00454898431720687,-5.39285129792563,"chronos_correlated"
"clade:Eupercaria_Centrarchiformes_Girellidae_Girella_cyanea|Eupercaria_Centrarchiformes_Girellidae_Girella_fimbriata|Eupercaria_Centrarchiformes_Girellidae_Girella_laevifrons|Eupercaria_Centrarchiformes_Girellidae_Girella_leonina|Eupercaria_Centrarchiformes_Girellidae_Girella_melanichthys|Eupercaria_Centrarchiformes_Girellidae_Girella_mezina|Eupercaria_Centrarchiformes_Girellidae_Girella_nebulosa|Eupercaria_Centrarchiformes_Girellidae_Girella_nigricans|Eupercaria_Centrarchiformes_Girellidae_Girella_punctata|Eupercaria_Centrarchiformes_Girellidae_Girella_simplicidens|Eupercaria_Centrarchiformes_Girellidae_Girella_tricuspidata|Eupercaria_Centrarchiformes_Girellidae_Girella_zebra|Eupercaria_Centrarchiformes_Girellidae_Graus_nigra|Eupercaria_Centrarchiformes_Scorpididae_Labracoglossa_argenteiventris|Eupercaria_Centrarchiformes_Scorpididae_Medialuna_californiensis|Eupercaria_Centrarchiformes_Scorpididae_Scorpis_georgiana|Eupercaria_Centrarchiformes_Scorpididae_Scorpis_lineolata|Eupercaria_Centrarchiformes_Scorpididae_Scorpis_violacea|Scorpididae_Scorpis_aequipinnis",6.060913302,107,190,0.004256,0.000702204401867222,-7.26128602556941,"chronos_correlated"
"clade:Eupercaria_Centrarchiformes_Girellidae_Girella_cyanea|Eupercaria_Centrarchiformes_Girellidae_Girella_laevifrons|Eupercaria_Centrarchiformes_Girellidae_Girella_leonina|Eupercaria_Centrarchiformes_Girellidae_Girella_melanichthys|Eupercaria_Centrarchiformes_Girellidae_Girella_mezina|Eupercaria_Centrarchiformes_Girellidae_Girella_nigricans|Eupercaria_Centrarchiformes_Girellidae_Girella_punctata|Eupercaria_Centrarchiformes_Girellidae_Girella_simplicidens|Eupercaria_Centrarchiformes_Girellidae_Girella_tricuspidata|Eupercaria_Centrarchiformes_Girellidae_Girella_zebra",6.060913366,192,193,0.019379,0.00319737287596135,-5.74542578262411,"chronos_correlated"
"clade:Eupercaria_Centrarchiformes_Girellidae_Girella_cyanea|Eupercaria_Centrarchiformes_Girellidae_Girella_laevifrons|Eupercaria_Centrarchiformes_Girellidae_Girella_nigricans|Eupercaria_Centrarchiformes_Girellidae_Girella_simplicidens|Eupercaria_Centrarchiformes_Girellidae_Girella_tricuspidata|Eupercaria_Centrarchiformes_Girellidae_Girella_zebra",6.060913318,193,194,0.00344,0.000567571225574819,-7.47414430886331,"chronos_correlated"
"clade:Eupercaria_Centrarchiformes_Girellidae_Girella_cyanea|Eupercaria_Centrarchiformes_Girellidae_Girella_nigricans|Eupercaria_Centrarchiformes_Girellidae_Girella_simplicidens|Eupercaria_Centrarchiformes_Girellidae_Girella_tricuspidata|Eupercaria_Centrarchiformes_Girellidae_Girella_zebra",6.060913331,194,195,0.001213,0.000200134853239993,-8.5165191524316,"chronos_correlated"
"clade:Eupercaria_Centrarchiformes_Girellidae_Girella_cyanea|Eupercaria_Centrarchiformes_Girellidae_Girella_tricuspidata|Eupercaria_Centrarchiformes_Girellidae_Girella_zebra",6.060913337,195,196,1e-06,1.64991634824294e-07,-15.6173710623656,"chronos_correlated"
"clade:Eupercaria_Centrarchiformes_Girellidae_Girella_fimbriata|Eupercaria_Centrarchiformes_Girellidae_Girella_nebulosa",18.18274002,192,202,0.02016,0.00110874378547046,-6.80452762934338,"chronos_correlated"
"clade:Eupercaria_Centrarchiformes_Girellidae_Girella_leonina|Eupercaria_Centrarchiformes_Girellidae_Girella_melanichthys",7.576141681,200,201,0.016586,0.00218924100133919,-6.12420036995559,"chronos_correlated"
"clade:Eupercaria_Centrarchiformes_Girellidae_Girella_leonina|Eupercaria_Centrarchiformes_Girellidae_Girella_melanichthys|Eupercaria_Centrarchiformes_Girellidae_Girella_mezina",7.576141659,199,200,0.003328,0.000439273729266471,-7.73038781012179,"chronos_correlated"
"clade:Eupercaria_Centrarchiformes_Girellidae_Girella_leonina|Eupercaria_Centrarchiformes_Girellidae_Girella_melanichthys|Eupercaria_Centrarchiformes_Girellidae_Girella_mezina|Eupercaria_Centrarchiformes_Girellidae_Girella_punctata",7.576141651,193,199,0.003949,0.000521241574130119,-7.55929694972029,"chronos_correlated"
"clade:Eupercaria_Centrarchiformes_Girellidae_Girella_nigricans|Eupercaria_Centrarchiformes_Girellidae_Girella_simplicidens",9.091370006,195,198,0.014173,0.00155895096015741,-6.46374214536185,"chronos_correlated"
"clade:Eupercaria_Centrarchiformes_Girellidae_Girella_tricuspidata|Eupercaria_Centrarchiformes_Girellidae_Girella_zebra",6.060913328,196,197,0.00203,0.000334933019190668,-8.00157998884484,"chronos_correlated"
"clade:Eupercaria_Centrarchiformes_Kuhliidae_Kuhlia_caudavittata|Eupercaria_Centrarchiformes_Kuhliidae_Kuhlia_mugil|Eupercaria_Centrarchiformes_Kuhliidae_Kuhlia_munda|Eupercaria_Centrarchiformes_Kuhliidae_Kuhlia_nutabunda|Eupercaria_Centrarchiformes_Kuhliidae_Kuhlia_rupestris|Eupercaria_Centrarchiformes_Kuhliidae_Kuhlia_salelea|Eupercaria_Centrarchiformes_Kuhliidae_Kuhlia_sandvicensis|Eupercaria_Centrarchiformes_Kuhliidae_Kuhlia_sauvagii|Eupercaria_Centrarchiformes_Kyphosidae_Kyphosus_azureus|Eupercaria_Centrarchiformes_Kyphosidae_Kyphosus_bigibbus|Eupercaria_Centrarchiformes_Kyphosidae_Kyphosus_cornelii|Eupercaria_Centrarchiformes_Kyphosidae_Kyphosus_hawaiiensis|Eupercaria_Centrarchiformes_Kyphosidae_Kyphosus_ocyurus|Eupercaria_Centrarchiformes_Kyphosidae_Kyphosus_sydneyanus|Eupercaria_Centrarchiformes_Terapontidae_Amniataba_affinis|Eupercaria_Centrarchiformes_Terapontidae_Amniataba_caudavittata|Eupercaria_Centrarchiformes_Terapontidae_Amniataba_percoides|Eupercaria_Centrarchiformes_Terapontidae_Bidyanus_welchi|Eupercaria_Centrarchiformes_Terapontidae_Hannia_greenwayi|Eupercaria_Centrarchiformes_Terapontidae_Helotes_octolineatus|Eupercaria_Centrarchiformes_Terapontidae_Hephaestus_carbo|Eupercaria_Centrarchiformes_Terapontidae_Hephaestus_epirrhinos|Eupercaria_Centrarchiformes_Terapontidae_Hephaestus_habbemai|Eupercaria_Centrarchiformes_Terapontidae_Hephaestus_transmontanus|Eupercaria_Centrarchiformes_Terapontidae_Hephaestus_tulliensis|Eupercaria_Centrarchiformes_Terapontidae_Lagusia_micracanthus|Eupercaria_Centrarchiformes_Terapontidae_Leiopotherapon_aheneus|Eupercaria_Centrarchiformes_Terapontidae_Leiopotherapon_macrolepis|Eupercaria_Centrarchiformes_Terapontidae_Leiopotherapon_plumbeus|Eupercaria_Centrarchiformes_Terapontidae_Leiopotherapon_unicolor|Eupercaria_Centrarchiformes_Terapontidae_Mesopristes_argenteus|Eupercaria_Centrarchiformes_Terapontidae_Mesopristes_cancellatus|Eupercaria_Centrarchiformes_Terapontidae_Pelates_sexlineatus|Eupercaria_Centrarchiformes_Terapontidae_Pelsartia_humeralis|Eupercaria_Centrarchiformes_Terapontidae_Pingalla_gilberti|Eupercaria_Centrarchiformes_Terapontidae_Pingalla_lorentzi|Eupercaria_Centrarchiformes_Terapontidae_Pingalla_midgleyi|Eupercaria_Centrarchiformes_Terapontidae_Rhynchopelates_oxyrhynchus|Eupercaria_Centrarchiformes_Terapontidae_Scortum_barcoo|Eupercaria_Centrarchiformes_Terapontidae_Scortum_hillii|Eupercaria_Centrarchiformes_Terapontidae_Scortum_ogilbyi|Eupercaria_Centrarchiformes_Terapontidae_Scortum_parviceps|Eupercaria_Centrarchiformes_Terapontidae_Syncomistes_bonapartensis|Eupercaria_Centrarchiformes_Terapontidae_Syncomistes_butleri|Eupercaria_Centrarchiformes_Terapontidae_Syncomistes_carcharus|Eupercaria_Centrarchiformes_Terapontidae_Syncomistes_dilliensis|Eupercaria_Centrarchiformes_Terapontidae_Syncomistes_holsworthi|Eupercaria_Centrarchiformes_Terapontidae_Syncomistes_kimberleyensis|Eupercaria_Centrarchiformes_Terapontidae_Syncomistes_moranensis|Eupercaria_Centrarchiformes_Terapontidae_Syncomistes_rastellus|Eupercaria_Centrarchiformes_Terapontidae_Syncomistes_trigonicus|Eupercaria_Centrarchiformes_Terapontidae_Syncomistes_versicolor|Eupercaria_Centrarchiformes_Terapontidae_Syncomistes_wunambal|Eupercaria_Centrarchiformes_Terapontidae_Variichthys_lacustris|Kuhliidae_Kuhlia_malo|Kuhliidae_Kuhlia_marginata|Kuhliidae_Kuhlia_petiti|Kuhliidae_Kuhlia_xenura|Kyphosidae_Kyphosus_cinerascens|Kyphosidae_Kyphosus_elegans|Kyphosidae_Kyphosus_pacificus|Kyphosidae_Kyphosus_sectatrix|Kyphosidae_Kyphosus_vaigiensis|Terapontidae_Bidyanus_bidyanus|Terapontidae_Hephaestus_fuliginosus|Terapontidae_Hephaestus_jenkinsi|Terapontidae_Pelates_quadrilineatus|Terapontidae_Terapon_jarbua|Terapontidae_Terapon_puta|Terapontidae_Terapon_theraps",9.20324086,108,109,0.000832,9.04029366020526e-05,-9.31123380655777,"chronos_correlated"
"clade:Eupercaria_Centrarchiformes_Kuhliidae_Kuhlia_caudavittata|Eupercaria_Centrarchiformes_Kuhliidae_Kuhlia_mugil|Eupercaria_Centrarchiformes_Kuhliidae_Kuhlia_munda|Eupercaria_Centrarchiformes_Kuhliidae_Kuhlia_nutabunda|Eupercaria_Centrarchiformes_Kuhliidae_Kuhlia_rupestris|Eupercaria_Centrarchiformes_Kuhliidae_Kuhlia_salelea|Eupercaria_Centrarchiformes_Kuhliidae_Kuhlia_sandvicensis|Eupercaria_Centrarchiformes_Kuhliidae_Kuhlia_sauvagii|Eupercaria_Centrarchiformes_Terapontidae_Amniataba_affinis|Eupercaria_Centrarchiformes_Terapontidae_Amniataba_caudavittata|Eupercaria_Centrarchiformes_Terapontidae_Amniataba_percoides|Eupercaria_Centrarchiformes_Terapontidae_Bidyanus_welchi|Eupercaria_Centrarchiformes_Terapontidae_Hannia_greenwayi|Eupercaria_Centrarchiformes_Terapontidae_Helotes_octolineatus|Eupercaria_Centrarchiformes_Terapontidae_Hephaestus_carbo|Eupercaria_Centrarchiformes_Terapontidae_Hephaestus_epirrhinos|Eupercaria_Centrarchiformes_Terapontidae_Hephaestus_habbemai|Eupercaria_Centrarchiformes_Terapontidae_Hephaestus_transmontanus|Eupercaria_Centrarchiformes_Terapontidae_Hephaestus_tulliensis|Eupercaria_Centrarchiformes_Terapontidae_Lagusia_micracanthus|Eupercaria_Centrarchiformes_Terapontidae_Leiopotherapon_aheneus|Eupercaria_Centrarchiformes_Terapontidae_Leiopotherapon_macrolepis|Eupercaria_Centrarchiformes_Terapontidae_Leiopotherapon_plumbeus|Eupercaria_Centrarchiformes_Terapontidae_Leiopotherapon_unicolor|Eupercaria_Centrarchiformes_Terapontidae_Mesopristes_argenteus|Eupercaria_Centrarchiformes_Terapontidae_Mesopristes_cancellatus|Eupercaria_Centrarchiformes_Terapontidae_Pelates_sexlineatus|Eupercaria_Centrarchiformes_Terapontidae_Pelsartia_humeralis|Eupercaria_Centrarchiformes_Terapontidae_Pingalla_gilberti|Eupercaria_Centrarchiformes_Terapontidae_Pingalla_lorentzi|Eupercaria_Centrarchiformes_Terapontidae_Pingalla_midgleyi|Eupercaria_Centrarchiformes_Terapontidae_Rhynchopelates_oxyrhynchus|Eupercaria_Centrarchiformes_Terapontidae_Scortum_barcoo|Eupercaria_Centrarchiformes_Terapontidae_Scortum_hillii|Eupercaria_Centrarchiformes_Terapontidae_Scortum_ogilbyi|Eupercaria_Centrarchiformes_Terapontidae_Scortum_parviceps|Eupercaria_Centrarchiformes_Terapontidae_Syncomistes_bonapartensis|Eupercaria_Centrarchiformes_Terapontidae_Syncomistes_butleri|Eupercaria_Centrarchiformes_Terapontidae_Syncomistes_carcharus|Eupercaria_Centrarchiformes_Terapontidae_Syncomistes_dilliensis|Eupercaria_Centrarchiformes_Terapontidae_Syncomistes_holsworthi|Eupercaria_Centrarchiformes_Terapontidae_Syncomistes_kimberleyensis|Eupercaria_Centrarchiformes_Terapontidae_Syncomistes_moranensis|Eupercaria_Centrarchiformes_Terapontidae_Syncomistes_rastellus|Eupercaria_Centrarchiformes_Terapontidae_Syncomistes_trigonicus|Eupercaria_Centrarchiformes_Terapontidae_Syncomistes_versicolor|Eupercaria_Centrarchiformes_Terapontidae_Syncomistes_wunambal|Eupercaria_Centrarchiformes_Terapontidae_Variichthys_lacustris|Kuhliidae_Kuhlia_malo|Kuhliidae_Kuhlia_marginata|Kuhliidae_Kuhlia_petiti|Kuhliidae_Kuhlia_xenura|Terapontidae_Bidyanus_bidyanus|Terapontidae_Hephaestus_fuliginosus|Terapontidae_Hephaestus_jenkinsi|Terapontidae_Pelates_quadrilineatus|Terapontidae_Terapon_jarbua|Terapontidae_Terapon_puta|Terapontidae_Terapon_theraps",2.684231157,109,110,0.00272,0.0010133255449728,-6.89451773814376,"chronos_correlated"
"clade:Eupercaria_Centrarchiformes_Kuhliidae_Kuhlia_caudavittata|Eupercaria_Centrarchiformes_Kuhliidae_Kuhlia_mugil|Eupercaria_Centrarchiformes_Kuhliidae_Kuhlia_munda|Eupercaria_Centrarchiformes_Kuhliidae_Kuhlia_nutabunda|Eupercaria_Centrarchiformes_Kuhliidae_Kuhlia_rupestris|Eupercaria_Centrarchiformes_Kuhliidae_Kuhlia_salelea|Eupercaria_Centrarchiformes_Kuhliidae_Kuhlia_sandvicensis|Eupercaria_Centrarchiformes_Kuhliidae_Kuhlia_sauvagii|Kuhliidae_Kuhlia_malo|Kuhliidae_Kuhlia_marginata|Kuhliidae_Kuhlia_petiti|Kuhliidae_Kuhlia_xenura",4.601542773,110,157,0.017763,0.00386022707519446,-5.5570292694651,"chronos_correlated"
"clade:Eupercaria_Centrarchiformes_Kuhliidae_Kuhlia_caudavittata|Eupercaria_Centrarchiformes_Kuhliidae_Kuhlia_mugil|Eupercaria_Centrarchiformes_Kuhliidae_Kuhlia_nutabunda|Eupercaria_Centrarchiformes_Kuhliidae_Kuhlia_rupestris|Eupercaria_Centrarchiformes_Kuhliidae_Kuhlia_salelea|Eupercaria_Centrarchiformes_Kuhliidae_Kuhlia_sandvicensis|Eupercaria_Centrarchiformes_Kuhliidae_Kuhlia_sauvagii|Kuhliidae_Kuhlia_malo|Kuhliidae_Kuhlia_marginata|Kuhliidae_Kuhlia_petiti|Kuhliidae_Kuhlia_xenura",4.6015414,157,158,0.006409,0.00139279416240827,-6.57644336078252,"chronos_correlated"
"clade:Eupercaria_Centrarchiformes_Kuhliidae_Kuhlia_mugil|Eupercaria_Centrarchiformes_Kuhliidae_Kuhlia_nutabunda|Eupercaria_Centrarchiformes_Kuhliidae_Kuhlia_rupestris|Eupercaria_Centrarchiformes_Kuhliidae_Kuhlia_salelea|Eupercaria_Centrarchiformes_Kuhliidae_Kuhlia_sandvicensis|Eupercaria_Centrarchiformes_Kuhliidae_Kuhlia_sauvagii|Kuhliidae_Kuhlia_malo|Kuhliidae_Kuhlia_marginata|Kuhliidae_Kuhlia_petiti|Kuhliidae_Kuhlia_xenura",4.601541429,158,159,0.0028,0.000608491750688962,-7.40452720242569,"chronos_correlated"
"clade:Eupercaria_Centrarchiformes_Kuhliidae_Kuhlia_mugil|Eupercaria_Centrarchiformes_Kuhliidae_Kuhlia_nutabunda|Eupercaria_Centrarchiformes_Kuhliidae_Kuhlia_sandvicensis|Kuhliidae_Kuhlia_petiti",4.601541413,164,165,0.001172,0.000254697262245415,-8.27543492497493,"chronos_correlated"
"clade:Eupercaria_Centrarchiformes_Kuhliidae_Kuhlia_mugil|Eupercaria_Centrarchiformes_Kuhliidae_Kuhlia_nutabunda|Eupercaria_Centrarchiformes_Kuhliidae_Kuhlia_sandvicensis|Kuhliidae_Kuhlia_petiti|Kuhliidae_Kuhlia_xenura",4.60154143,159,164,0.003344,0.000726713004950604,-7.22697892460171,"chronos_correlated"
"clade:Eupercaria_Centrarchiformes_Kuhliidae_Kuhlia_mugil|Kuhliidae_Kuhlia_petiti",4.601541447,165,166,0.006185,0.00134411480831762,-6.61201961767413,"chronos_correlated"
"clade:Eupercaria_Centrarchiformes_Kuhliidae_Kuhlia_nutabunda|Eupercaria_Centrarchiformes_Kuhliidae_Kuhlia_sandvicensis",4.601541453,165,167,0.009635,0.00209386356689635,-6.16874432295616,"chronos_correlated"
"clade:Eupercaria_Centrarchiformes_Kuhliidae_Kuhlia_rupestris|Eupercaria_Centrarchiformes_Kuhliidae_Kuhlia_salelea|Eupercaria_Centrarchiformes_Kuhliidae_Kuhlia_sauvagii|Kuhliidae_Kuhlia_malo|Kuhliidae_Kuhlia_marginata",4.601541421,159,160,0.003292,0.000715412445268087,-7.24265133505348,"chronos_correlated"
"clade:Eupercaria_Centrarchiformes_Kuhliidae_Kuhlia_rupestris|Eupercaria_Centrarchiformes_Kuhliidae_Kuhlia_sauvagii",6.902312149,160,163,0.007163,0.00103776819207427,-6.87068284087953,"chronos_correlated"
"clade:Eupercaria_Centrarchiformes_Kuhliidae_Kuhlia_salelea|Kuhliidae_Kuhlia_malo",4.601541418,161,162,0.001999,0.000434419647333923,-7.74149956169808,"chronos_correlated"
"clade:Eupercaria_Centrarchiformes_Kuhliidae_Kuhlia_salelea|Kuhliidae_Kuhlia_malo|Kuhliidae_Kuhlia_marginata",4.601541445,160,161,0.008962,0.00194760823239744,-6.24115320671999,"chronos_correlated"
"clade:Eupercaria_Centrarchiformes_Kyphosidae_Kyphosus_azureus|Eupercaria_Centrarchiformes_Kyphosidae_Kyphosus_bigibbus|Eupercaria_Centrarchiformes_Kyphosidae_Kyphosus_cornelii|Eupercaria_Centrarchiformes_Kyphosidae_Kyphosus_hawaiiensis|Eupercaria_Centrarchiformes_Kyphosidae_Kyphosus_ocyurus|Eupercaria_Centrarchiformes_Kyphosidae_Kyphosus_sydneyanus|Kyphosidae_Kyphosus_cinerascens|Kyphosidae_Kyphosus_elegans|Kyphosidae_Kyphosus_pacificus|Kyphosidae_Kyphosus_sectatrix|Kyphosidae_Kyphosus_vaigiensis",9.203240808,109,168,0.012077,0.00131225513402865,-6.63600814545342,"chronos_correlated"
"clade:Eupercaria_Centrarchiformes_Kyphosidae_Kyphosus_azureus|Eupercaria_Centrarchiformes_Kyphosidae_Kyphosus_cornelii",12.84589083,168,177,0.008771,0.000682786434671888,-7.28932843444713,"chronos_correlated"
"clade:Eupercaria_Centrarchiformes_Kyphosidae_Kyphosus_bigibbus|Eupercaria_Centrarchiformes_Kyphosidae_Kyphosus_hawaiiensis|Eupercaria_Centrarchiformes_Kyphosidae_Kyphosus_ocyurus|Eupercaria_Centrarchiformes_Kyphosidae_Kyphosus_sydneyanus|Kyphosidae_Kyphosus_cinerascens|Kyphosidae_Kyphosus_elegans|Kyphosidae_Kyphosus_pacificus|Kyphosidae_Kyphosus_sectatrix|Kyphosidae_Kyphosus_vaigiensis",9.203240832,168,169,0.006293,0.000683780867509086,-7.28787306080964,"chronos_correlated"
"clade:Eupercaria_Centrarchiformes_Kyphosidae_Kyphosus_bigibbus|Eupercaria_Centrarchiformes_Kyphosidae_Kyphosus_hawaiiensis|Eupercaria_Centrarchiformes_Kyphosidae_Kyphosus_ocyurus|Kyphosidae_Kyphosus_cinerascens|Kyphosidae_Kyphosus_elegans|Kyphosidae_Kyphosus_pacificus|Kyphosidae_Kyphosus_sectatrix|Kyphosidae_Kyphosus_vaigiensis",9.203240833,169,170,0.004978,0.000540896417939039,-7.5222827615177,"chronos_correlated"
"clade:Eupercaria_Centrarchiformes_Kyphosidae_Kyphosus_bigibbus|Kyphosidae_Kyphosus_cinerascens|Kyphosidae_Kyphosus_elegans|Kyphosidae_Kyphosus_pacificus|Kyphosidae_Kyphosus_sectatrix",1.457060001,170,171,0.000772,0.00052983404902349,-7.54294671549888,"chronos_correlated"
"clade:Eupercaria_Centrarchiformes_Kyphosidae_Kyphosus_bigibbus|Kyphosidae_Kyphosus_cinerascens|Kyphosidae_Kyphosus_pacificus|Kyphosidae_Kyphosus_sectatrix",1.457059992,171,172,0.000911,0.000625231634251062,-7.37738836208687,"chronos_correlated"
"clade:Eupercaria_Centrarchiformes_Kyphosidae_Kyphosus_bigibbus|Kyphosidae_Kyphosus_pacificus|Kyphosidae_Kyphosus_sectatrix",1.457060016,172,173,0.001825,0.00125252218848891,-6.68259600980177,"chronos_correlated"
"clade:Eupercaria_Centrarchiformes_Kyphosidae_Kyphosus_hawaiiensis|Eupercaria_Centrarchiformes_Kyphosidae_Kyphosus_ocyurus|Kyphosidae_Kyphosus_vaigiensis",2.428433341,170,175,0.003392,0.00139678530299012,-6.57358189484858,"chronos_correlated"
"clade:Eupercaria_Centrarchiformes_Kyphosidae_Kyphosus_ocyurus|Kyphosidae_Kyphosus_vaigiensis",2.428433324,175,176,0.000891,0.000366903217475367,-7.91041245728917,"chronos_correlated"
"clade:Eupercaria_Centrarchiformes_Microcanthidae_Microcanthus_strigatus|Eupercaria_Centrarchiformes_Microcanthidae_Neatypus_obliquus|Eupercaria_Centrarchiformes_Microcanthidae_Tilodon_sexfasciatus",6.729661329,180,181,0.006625,0.000984447756895435,-6.92342972691483,"chronos_correlated"
"clade:Eupercaria_Centrarchiformes_Microcanthidae_Microcanthus_strigatus|Eupercaria_Centrarchiformes_Microcanthidae_Neatypus_obliquus|Eupercaria_Centrarchiformes_Microcanthidae_Tilodon_sexfasciatus|Scorpididae_Atypichthys_strigatus",6.729661338,179,180,0.010552,0.00156798380631974,-6.45796468470946,"chronos_correlated"
"clade:Eupercaria_Centrarchiformes_Microcanthidae_Neatypus_obliquus|Eupercaria_Centrarchiformes_Microcanthidae_Tilodon_sexfasciatus",6.729661316,181,182,0.007395,0.00109886659264979,-6.8134760006926,"chronos_correlated"
"clade:Eupercaria_Centrarchiformes_Oplegnathidae_Oplegnathus_fasciatus|Eupercaria_Centrarchiformes_Oplegnathidae_Oplegnathus_insignis|Eupercaria_Centrarchiformes_Oplegnathidae_Oplegnathus_peaolopesi|Eupercaria_Centrarchiformes_Oplegnathidae_Oplegnathus_robinsoni|Oplegnathidae_Oplegnathus_punctatus",4.639669994,185,186,0.001788,0.000385372236023733,-7.86130084395693,"chronos_correlated"
"clade:Eupercaria_Centrarchiformes_Oplegnathidae_Oplegnathus_fasciatus|Eupercaria_Centrarchiformes_Oplegnathidae_Oplegnathus_insignis|Eupercaria_Centrarchiformes_Oplegnathidae_Oplegnathus_peaolopesi|Eupercaria_Centrarchiformes_Oplegnathidae_Oplegnathus_robinsoni|Oplegnathidae_Oplegnathus_punctatus|Oplegnathidae_Oplegnathus_woodwardi",10.44995667,178,185,0.00462,0.000442107096315836,-7.72395840587923,"chronos_correlated"
"clade:Eupercaria_Centrarchiformes_Oplegnathidae_Oplegnathus_fasciatus|Eupercaria_Centrarchiformes_Oplegnathidae_Oplegnathus_peaolopesi|Eupercaria_Centrarchiformes_Oplegnathidae_Oplegnathus_robinsoni",4.63966986,187,188,0.001848,0.000398304201756286,-7.8282945186074,"chronos_correlated"
"clade:Eupercaria_Centrarchiformes_Oplegnathidae_Oplegnathus_fasciatus|Eupercaria_Centrarchiformes_Oplegnathidae_Oplegnathus_peaolopesi|Eupercaria_Centrarchiformes_Oplegnathidae_Oplegnathus_robinsoni|Oplegnathidae_Oplegnathus_punctatus",4.639670013,186,187,0.00677,0.00145915549619498,-6.52989743787919,"chronos_correlated"
"clade:Eupercaria_Centrarchiformes_Oplegnathidae_Oplegnathus_peaolopesi|Eupercaria_Centrarchiformes_Oplegnathidae_Oplegnathus_robinsoni",4.639670268,188,189,0.033965,0.00732056332413491,-4.91706799712091,"chronos_correlated"
"clade:Eupercaria_Centrarchiformes_Scorpididae_Labracoglossa_argenteiventris|Eupercaria_Centrarchiformes_Scorpididae_Medialuna_californiensis|Eupercaria_Centrarchiformes_Scorpididae_Scorpis_georgiana|Eupercaria_Centrarchiformes_Scorpididae_Scorpis_lineolata|Eupercaria_Centrarchiformes_Scorpididae_Scorpis_violacea|Scorpididae_Scorpis_aequipinnis",9.697461365,190,203,0.006245,0.000643982972960264,-7.34783827171215,"chronos_correlated"
"clade:Eupercaria_Centrarchiformes_Scorpididae_Medialuna_californiensis|Eupercaria_Centrarchiformes_Scorpididae_Scorpis_georgiana",14.546192,204,207,0.009544,0.000656116734881542,-7.32917183533678,"chronos_correlated"
"clade:Eupercaria_Centrarchiformes_Scorpididae_Medialuna_californiensis|Eupercaria_Centrarchiformes_Scorpididae_Scorpis_georgiana|Eupercaria_Centrarchiformes_Scorpididae_Scorpis_lineolata|Eupercaria_Centrarchiformes_Scorpididae_Scorpis_violacea|Scorpididae_Scorpis_aequipinnis",9.697461333,203,204,0.003618,0.000373087334484966,-7.89369802501675,"chronos_correlated"
"clade:Eupercaria_Centrarchiformes_Scorpididae_Scorpis_lineolata|Eupercaria_Centrarchiformes_Scorpididae_Scorpis_violacea",9.697461333,205,206,0.002191,0.000225935420081968,-8.39526135137652,"chronos_correlated"
"clade:Eupercaria_Centrarchiformes_Scorpididae_Scorpis_lineolata|Eupercaria_Centrarchiformes_Scorpididae_Scorpis_violacea|Scorpididae_Scorpis_aequipinnis",9.697461334,204,205,0.007047,0.000726685032018917,-7.22701741774809,"chronos_correlated"
"clade:Eupercaria_Centrarchiformes_Terapontidae_Amniataba_affinis|Eupercaria_Centrarchiformes_Terapontidae_Amniataba_caudavittata|Eupercaria_Centrarchiformes_Terapontidae_Amniataba_percoides|Eupercaria_Centrarchiformes_Terapontidae_Bidyanus_welchi|Eupercaria_Centrarchiformes_Terapontidae_Hannia_greenwayi|Eupercaria_Centrarchiformes_Terapontidae_Helotes_octolineatus|Eupercaria_Centrarchiformes_Terapontidae_Hephaestus_carbo|Eupercaria_Centrarchiformes_Terapontidae_Hephaestus_epirrhinos|Eupercaria_Centrarchiformes_Terapontidae_Hephaestus_habbemai|Eupercaria_Centrarchiformes_Terapontidae_Hephaestus_transmontanus|Eupercaria_Centrarchiformes_Terapontidae_Hephaestus_tulliensis|Eupercaria_Centrarchiformes_Terapontidae_Lagusia_micracanthus|Eupercaria_Centrarchiformes_Terapontidae_Leiopotherapon_aheneus|Eupercaria_Centrarchiformes_Terapontidae_Leiopotherapon_macrolepis|Eupercaria_Centrarchiformes_Terapontidae_Leiopotherapon_plumbeus|Eupercaria_Centrarchiformes_Terapontidae_Leiopotherapon_unicolor|Eupercaria_Centrarchiformes_Terapontidae_Mesopristes_argenteus|Eupercaria_Centrarchiformes_Terapontidae_Mesopristes_cancellatus|Eupercaria_Centrarchiformes_Terapontidae_Pelates_sexlineatus|Eupercaria_Centrarchiformes_Terapontidae_Pelsartia_humeralis|Eupercaria_Centrarchiformes_Terapontidae_Pingalla_gilberti|Eupercaria_Centrarchiformes_Terapontidae_Pingalla_lorentzi|Eupercaria_Centrarchiformes_Terapontidae_Pingalla_midgleyi|Eupercaria_Centrarchiformes_Terapontidae_Rhynchopelates_oxyrhynchus|Eupercaria_Centrarchiformes_Terapontidae_Scortum_barcoo|Eupercaria_Centrarchiformes_Terapontidae_Scortum_hillii|Eupercaria_Centrarchiformes_Terapontidae_Scortum_ogilbyi|Eupercaria_Centrarchiformes_Terapontidae_Scortum_parviceps|Eupercaria_Centrarchiformes_Terapontidae_Syncomistes_bonapartensis|Eupercaria_Centrarchiformes_Terapontidae_Syncomistes_butleri|Eupercaria_Centrarchiformes_Terapontidae_Syncomistes_carcharus|Eupercaria_Centrarchiformes_Terapontidae_Syncomistes_dilliensis|Eupercaria_Centrarchiformes_Terapontidae_Syncomistes_holsworthi|Eupercaria_Centrarchiformes_Terapontidae_Syncomistes_kimberleyensis|Eupercaria_Centrarchiformes_Terapontidae_Syncomistes_moranensis|Eupercaria_Centrarchiformes_Terapontidae_Syncomistes_rastellus|Eupercaria_Centrarchiformes_Terapontidae_Syncomistes_trigonicus|Eupercaria_Centrarchiformes_Terapontidae_Syncomistes_versicolor|Eupercaria_Centrarchiformes_Terapontidae_Syncomistes_wunambal|Eupercaria_Centrarchiformes_Terapontidae_Variichthys_lacustris|Terapontidae_Bidyanus_bidyanus|Terapontidae_Hephaestus_fuliginosus|Terapontidae_Hephaestus_jenkinsi|Terapontidae_Pelates_quadrilineatus|Terapontidae_Terapon_jarbua|Terapontidae_Terapon_puta|Terapontidae_Terapon_theraps",2.684235133,110,111,0.048347,0.0180114623363735,-4.01674692728961,"chronos_correlated"
"clade:Eupercaria_Centrarchiformes_Terapontidae_Amniataba_affinis|Eupercaria_Centrarchiformes_Terapontidae_Amniataba_caudavittata|Eupercaria_Centrarchiformes_Terapontidae_Amniataba_percoides|Eupercaria_Centrarchiformes_Terapontidae_Bidyanus_welchi|Eupercaria_Centrarchiformes_Terapontidae_Hannia_greenwayi|Eupercaria_Centrarchiformes_Terapontidae_Helotes_octolineatus|Eupercaria_Centrarchiformes_Terapontidae_Hephaestus_carbo|Eupercaria_Centrarchiformes_Terapontidae_Hephaestus_epirrhinos|Eupercaria_Centrarchiformes_Terapontidae_Hephaestus_habbemai|Eupercaria_Centrarchiformes_Terapontidae_Hephaestus_transmontanus|Eupercaria_Centrarchiformes_Terapontidae_Hephaestus_tulliensis|Eupercaria_Centrarchiformes_Terapontidae_Lagusia_micracanthus|Eupercaria_Centrarchiformes_Terapontidae_Leiopotherapon_aheneus|Eupercaria_Centrarchiformes_Terapontidae_Leiopotherapon_macrolepis|Eupercaria_Centrarchiformes_Terapontidae_Leiopotherapon_plumbeus|Eupercaria_Centrarchiformes_Terapontidae_Leiopotherapon_unicolor|Eupercaria_Centrarchiformes_Terapontidae_Mesopristes_argenteus|Eupercaria_Centrarchiformes_Terapontidae_Mesopristes_cancellatus|Eupercaria_Centrarchiformes_Terapontidae_Pelates_sexlineatus|Eupercaria_Centrarchiformes_Terapontidae_Pelsartia_humeralis|Eupercaria_Centrarchiformes_Terapontidae_Pingalla_gilberti|Eupercaria_Centrarchiformes_Terapontidae_Pingalla_lorentzi|Eupercaria_Centrarchiformes_Terapontidae_Pingalla_midgleyi|Eupercaria_Centrarchiformes_Terapontidae_Rhynchopelates_oxyrhynchus|Eupercaria_Centrarchiformes_Terapontidae_Scortum_barcoo|Eupercaria_Centrarchiformes_Terapontidae_Scortum_hillii|Eupercaria_Centrarchiformes_Terapontidae_Scortum_ogilbyi|Eupercaria_Centrarchiformes_Terapontidae_Scortum_parviceps|Eupercaria_Centrarchiformes_Terapontidae_Syncomistes_bonapartensis|Eupercaria_Centrarchiformes_Terapontidae_Syncomistes_butleri|Eupercaria_Centrarchiformes_Terapontidae_Syncomistes_carcharus|Eupercaria_Centrarchiformes_Terapontidae_Syncomistes_dilliensis|Eupercaria_Centrarchiformes_Terapontidae_Syncomistes_holsworthi|Eupercaria_Centrarchiformes_Terapontidae_Syncomistes_kimberleyensis|Eupercaria_Centrarchiformes_Terapontidae_Syncomistes_moranensis|Eupercaria_Centrarchiformes_Terapontidae_Syncomistes_rastellus|Eupercaria_Centrarchiformes_Terapontidae_Syncomistes_trigonicus|Eupercaria_Centrarchiformes_Terapontidae_Syncomistes_versicolor|Eupercaria_Centrarchiformes_Terapontidae_Syncomistes_wunambal|Eupercaria_Centrarchiformes_Terapontidae_Variichthys_lacustris|Terapontidae_Bidyanus_bidyanus|Terapontidae_Hephaestus_fuliginosus|Terapontidae_Hephaestus_jenkinsi|Terapontidae_Pelates_quadrilineatus|Terapontidae_Terapon_puta|Terapontidae_Terapon_theraps",2.684231136,111,112,0.008026,0.00299005547337485,-5.81246333878347,"chronos_correlated"
"clade:Eupercaria_Centrarchiformes_Terapontidae_Amniataba_affinis|Eupercaria_Centrarchiformes_Terapontidae_Amniataba_caudavittata|Eupercaria_Centrarchiformes_Terapontidae_Amniataba_percoides|Eupercaria_Centrarchiformes_Terapontidae_Hannia_greenwayi|Eupercaria_Centrarchiformes_Terapontidae_Helotes_octolineatus|Eupercaria_Centrarchiformes_Terapontidae_Hephaestus_carbo|Eupercaria_Centrarchiformes_Terapontidae_Hephaestus_habbemai|Eupercaria_Centrarchiformes_Terapontidae_Hephaestus_transmontanus|Eupercaria_Centrarchiformes_Terapontidae_Lagusia_micracanthus|Eupercaria_Centrarchiformes_Terapontidae_Leiopotherapon_aheneus|Eupercaria_Centrarchiformes_Terapontidae_Leiopotherapon_macrolepis|Eupercaria_Centrarchiformes_Terapontidae_Leiopotherapon_plumbeus|Eupercaria_Centrarchiformes_Terapontidae_Leiopotherapon_unicolor|Eupercaria_Centrarchiformes_Terapontidae_Mesopristes_argenteus|Eupercaria_Centrarchiformes_Terapontidae_Mesopristes_cancellatus|Eupercaria_Centrarchiformes_Terapontidae_Pelates_sexlineatus|Eupercaria_Centrarchiformes_Terapontidae_Pelsartia_humeralis|Eupercaria_Centrarchiformes_Terapontidae_Rhynchopelates_oxyrhynchus|Eupercaria_Centrarchiformes_Terapontidae_Variichthys_lacustris|Terapontidae_Hephaestus_fuliginosus|Terapontidae_Pelates_quadrilineatus|Terapontidae_Terapon_puta|Terapontidae_Terapon_theraps",2.684232548,112,113,0.001557,0.000580054064674876,-7.45238924381137,"chronos_correlated"
"clade:Eupercaria_Centrarchiformes_Terapontidae_Amniataba_affinis|Eupercaria_Centrarchiformes_Terapontidae_Amniataba_caudavittata|Eupercaria_Centrarchiformes_Terapontidae_Amniataba_percoides|Eupercaria_Centrarchiformes_Terapontidae_Hannia_greenwayi|Eupercaria_Centrarchiformes_Terapontidae_Hephaestus_carbo|Eupercaria_Centrarchiformes_Terapontidae_Hephaestus_habbemai|Eupercaria_Centrarchiformes_Terapontidae_Hephaestus_transmontanus|Eupercaria_Centrarchiformes_Terapontidae_Lagusia_micracanthus|Eupercaria_Centrarchiformes_Terapontidae_Leiopotherapon_aheneus|Eupercaria_Centrarchiformes_Terapontidae_Leiopotherapon_macrolepis|Eupercaria_Centrarchiformes_Terapontidae_Leiopotherapon_plumbeus|Eupercaria_Centrarchiformes_Terapontidae_Leiopotherapon_unicolor|Eupercaria_Centrarchiformes_Terapontidae_Mesopristes_argenteus|Eupercaria_Centrarchiformes_Terapontidae_Mesopristes_cancellatus|Eupercaria_Centrarchiformes_Terapontidae_Pelsartia_humeralis|Eupercaria_Centrarchiformes_Terapontidae_Rhynchopelates_oxyrhynchus|Eupercaria_Centrarchiformes_Terapontidae_Variichthys_lacustris|Terapontidae_Hephaestus_fuliginosus",2.684232489,113,114,0.003079,0.00114706904585119,-6.77054524574066,"chronos_correlated"
"clade:Eupercaria_Centrarchiformes_Terapontidae_Amniataba_affinis|Eupercaria_Centrarchiformes_Terapontidae_Amniataba_caudavittata|Eupercaria_Centrarchiformes_Terapontidae_Amniataba_percoides|Eupercaria_Centrarchiformes_Terapontidae_Hannia_greenwayi|Eupercaria_Centrarchiformes_Terapontidae_Hephaestus_carbo|Eupercaria_Centrarchiformes_Terapontidae_Hephaestus_habbemai|Eupercaria_Centrarchiformes_Terapontidae_Hephaestus_transmontanus|Eupercaria_Centrarchiformes_Terapontidae_Lagusia_micracanthus|Eupercaria_Centrarchiformes_Terapontidae_Leiopotherapon_aheneus|Eupercaria_Centrarchiformes_Terapontidae_Leiopotherapon_macrolepis|Eupercaria_Centrarchiformes_Terapontidae_Leiopotherapon_plumbeus|Eupercaria_Centrarchiformes_Terapontidae_Leiopotherapon_unicolor|Eupercaria_Centrarchiformes_Terapontidae_Variichthys_lacustris|Terapontidae_Hephaestus_fuliginosus",2.684232451,114,115,0.00977,0.00363977419182166,-5.61583363447158,"chronos_correlated"
"clade:Eupercaria_Centrarchiformes_Terapontidae_Amniataba_affinis|Eupercaria_Centrarchiformes_Terapontidae_Amniataba_caudavittata|Eupercaria_Centrarchiformes_Terapontidae_Amniataba_percoides|Eupercaria_Centrarchiformes_Terapontidae_Hannia_greenwayi|Eupercaria_Centrarchiformes_Terapontidae_Lagusia_micracanthus|Eupercaria_Centrarchiformes_Terapontidae_Leiopotherapon_aheneus|Eupercaria_Centrarchiformes_Terapontidae_Leiopotherapon_macrolepis|Eupercaria_Centrarchiformes_Terapontidae_Leiopotherapon_plumbeus|Eupercaria_Centrarchiformes_Terapontidae_Leiopotherapon_unicolor|Eupercaria_Centrarchiformes_Terapontidae_Variichthys_lacustris|Terapontidae_Hephaestus_fuliginosus",2.684232626,115,116,0.01336,0.00497721392348504,-5.30288499761332,"chronos_correlated"
"clade:Eupercaria_Centrarchiformes_Terapontidae_Amniataba_affinis|Eupercaria_Centrarchiformes_Terapontidae_Amniataba_caudavittata|Eupercaria_Centrarchiformes_Terapontidae_Hannia_greenwayi|Eupercaria_Centrarchiformes_Terapontidae_Lagusia_micracanthus|Eupercaria_Centrarchiformes_Terapontidae_Leiopotherapon_aheneus|Eupercaria_Centrarchiformes_Terapontidae_Leiopotherapon_macrolepis|Eupercaria_Centrarchiformes_Terapontidae_Leiopotherapon_plumbeus|Eupercaria_Centrarchiformes_Terapontidae_Leiopotherapon_unicolor|Eupercaria_Centrarchiformes_Terapontidae_Variichthys_lacustris",2.684232435,116,117,0.004725,0.00176027975014019,-6.34228253361983,"chronos_correlated"
"clade:Eupercaria_Centrarchiformes_Terapontidae_Amniataba_affinis|Eupercaria_Centrarchiformes_Terapontidae_Amniataba_caudavittata|Eupercaria_Centrarchiformes_Terapontidae_Hannia_greenwayi|Eupercaria_Centrarchiformes_Terapontidae_Lagusia_micracanthus|Eupercaria_Centrarchiformes_Terapontidae_Leiopotherapon_aheneus|Eupercaria_Centrarchiformes_Terapontidae_Leiopotherapon_plumbeus",2.684232496,117,118,0.001729,0.000644131982820612,-7.34760691058969,"chronos_correlated"
"clade:Eupercaria_Centrarchiformes_Terapontidae_Amniataba_affinis|Eupercaria_Centrarchiformes_Terapontidae_Amniataba_caudavittata|Eupercaria_Centrarchiformes_Terapontidae_Lagusia_micracanthus|Eupercaria_Centrarchiformes_Terapontidae_Leiopotherapon_plumbeus",2.684232508,118,119,0.002783,0.00103679543098656,-6.87162063921764,"chronos_correlated"
"clade:Eupercaria_Centrarchiformes_Terapontidae_Amniataba_affinis|Eupercaria_Centrarchiformes_Terapontidae_Lagusia_micracanthus|Eupercaria_Centrarchiformes_Terapontidae_Leiopotherapon_plumbeus",2.684232488,119,120,0.001468,0.000546897486176317,-7.51124918411815,"chronos_correlated"
"clade:Eupercaria_Centrarchiformes_Terapontidae_Amniataba_affinis|Eupercaria_Centrarchiformes_Terapontidae_Leiopotherapon_plumbeus",2.684232494,120,121,0.001425,0.000530878008214738,-7.54097830282513,"chronos_correlated"
"clade:Eupercaria_Centrarchiformes_Terapontidae_Amniataba_percoides|Terapontidae_Hephaestus_fuliginosus",8.052697433,116,125,0.007166,0.000889888147372046,-7.02441478024618,"chronos_correlated"
"clade:Eupercaria_Centrarchiformes_Terapontidae_Bidyanus_welchi|Eupercaria_Centrarchiformes_Terapontidae_Hephaestus_epirrhinos|Eupercaria_Centrarchiformes_Terapontidae_Hephaestus_tulliensis|Eupercaria_Centrarchiformes_Terapontidae_Pingalla_gilberti|Eupercaria_Centrarchiformes_Terapontidae_Pingalla_lorentzi|Eupercaria_Centrarchiformes_Terapontidae_Pingalla_midgleyi|Eupercaria_Centrarchiformes_Terapontidae_Scortum_barcoo|Eupercaria_Centrarchiformes_Terapontidae_Scortum_hillii|Eupercaria_Centrarchiformes_Terapontidae_Scortum_ogilbyi|Eupercaria_Centrarchiformes_Terapontidae_Scortum_parviceps|Eupercaria_Centrarchiformes_Terapontidae_Syncomistes_bonapartensis|Eupercaria_Centrarchiformes_Terapontidae_Syncomistes_butleri|Eupercaria_Centrarchiformes_Terapontidae_Syncomistes_carcharus|Eupercaria_Centrarchiformes_Terapontidae_Syncomistes_dilliensis|Eupercaria_Centrarchiformes_Terapontidae_Syncomistes_holsworthi|Eupercaria_Centrarchiformes_Terapontidae_Syncomistes_kimberleyensis|Eupercaria_Centrarchiformes_Terapontidae_Syncomistes_moranensis|Eupercaria_Centrarchiformes_Terapontidae_Syncomistes_rastellus|Eupercaria_Centrarchiformes_Terapontidae_Syncomistes_trigonicus|Eupercaria_Centrarchiformes_Terapontidae_Syncomistes_versicolor|Eupercaria_Centrarchiformes_Terapontidae_Syncomistes_wunambal|Terapontidae_Bidyanus_bidyanus|Terapontidae_Hephaestus_jenkinsi",2.440211408,112,135,0.004648,0.00190475299999089,-6.26340293760733,"chronos_correlated"
"clade:Eupercaria_Centrarchiformes_Terapontidae_Bidyanus_welchi|Eupercaria_Centrarchiformes_Terapontidae_Hephaestus_epirrhinos|Eupercaria_Centrarchiformes_Terapontidae_Hephaestus_tulliensis|Eupercaria_Centrarchiformes_Terapontidae_Scortum_barcoo|Eupercaria_Centrarchiformes_Terapontidae_Scortum_hillii|Eupercaria_Centrarchiformes_Terapontidae_Scortum_ogilbyi|Eupercaria_Centrarchiformes_Terapontidae_Scortum_parviceps|Eupercaria_Centrarchiformes_Terapontidae_Syncomistes_bonapartensis|Eupercaria_Centrarchiformes_Terapontidae_Syncomistes_butleri|Eupercaria_Centrarchiformes_Terapontidae_Syncomistes_carcharus|Eupercaria_Centrarchiformes_Terapontidae_Syncomistes_dilliensis|Eupercaria_Centrarchiformes_Terapontidae_Syncomistes_holsworthi|Eupercaria_Centrarchiformes_Terapontidae_Syncomistes_kimberleyensis|Eupercaria_Centrarchiformes_Terapontidae_Syncomistes_moranensis|Eupercaria_Centrarchiformes_Terapontidae_Syncomistes_rastellus|Eupercaria_Centrarchiformes_Terapontidae_Syncomistes_trigonicus|Eupercaria_Centrarchiformes_Terapontidae_Syncomistes_versicolor|Eupercaria_Centrarchiformes_Terapontidae_Syncomistes_wunambal|Terapontidae_Bidyanus_bidyanus|Terapontidae_Hephaestus_jenkinsi",2.440211368,135,136,0.004095,0.00167813331816263,-6.39007322345989,"chronos_correlated"
"clade:Eupercaria_Centrarchiformes_Terapontidae_Bidyanus_welchi|Terapontidae_Bidyanus_bidyanus",10.98095114,136,154,0.006982,0.000635828345922319,-7.36058192740128,"chronos_correlated"
"clade:Eupercaria_Centrarchiformes_Terapontidae_Hannia_greenwayi|Eupercaria_Centrarchiformes_Terapontidae_Leiopotherapon_aheneus",5.368465002,118,122,0.005418,0.00100922703193213,-6.89857055605061,"chronos_correlated"
"clade:Eupercaria_Centrarchiformes_Terapontidae_Helotes_octolineatus|Eupercaria_Centrarchiformes_Terapontidae_Pelates_sexlineatus|Terapontidae_Pelates_quadrilineatus",4.831618464,132,133,0.010426,0.0021578690614094,-6.13863408988631,"chronos_correlated"
"clade:Eupercaria_Centrarchiformes_Terapontidae_Helotes_octolineatus|Eupercaria_Centrarchiformes_Terapontidae_Pelates_sexlineatus|Terapontidae_Pelates_quadrilineatus|Terapontidae_Terapon_puta|Terapontidae_Terapon_theraps",4.831618501,113,131,0.004353,0.000900940336886917,-7.01207152131995,"chronos_correlated"
"clade:Eupercaria_Centrarchiformes_Terapontidae_Helotes_octolineatus|Eupercaria_Centrarchiformes_Terapontidae_Pelates_sexlineatus|Terapontidae_Pelates_quadrilineatus|Terapontidae_Terapon_theraps",4.831618501,131,132,0.005295,0.00109590606106506,-6.81617380483674,"chronos_correlated"
"clade:Eupercaria_Centrarchiformes_Terapontidae_Hephaestus_carbo|Eupercaria_Centrarchiformes_Terapontidae_Hephaestus_habbemai",6.263209158,126,127,0.003908,0.000623961279499713,-7.37942224360395,"chronos_correlated"
"clade:Eupercaria_Centrarchiformes_Terapontidae_Hephaestus_carbo|Eupercaria_Centrarchiformes_Terapontidae_Hephaestus_habbemai|Eupercaria_Centrarchiformes_Terapontidae_Hephaestus_transmontanus",6.263209235,115,126,0.018362,0.00293172386727712,-5.832164678357,"chronos_correlated"
"clade:Eupercaria_Centrarchiformes_Terapontidae_Hephaestus_epirrhinos|Eupercaria_Centrarchiformes_Terapontidae_Hephaestus_tulliensis|Eupercaria_Centrarchiformes_Terapontidae_Scortum_barcoo|Eupercaria_Centrarchiformes_Terapontidae_Scortum_hillii|Eupercaria_Centrarchiformes_Terapontidae_Scortum_ogilbyi|Eupercaria_Centrarchiformes_Terapontidae_Scortum_parviceps|Eupercaria_Centrarchiformes_Terapontidae_Syncomistes_bonapartensis|Eupercaria_Centrarchiformes_Terapontidae_Syncomistes_butleri|Eupercaria_Centrarchiformes_Terapontidae_Syncomistes_carcharus|Eupercaria_Centrarchiformes_Terapontidae_Syncomistes_dilliensis|Eupercaria_Centrarchiformes_Terapontidae_Syncomistes_holsworthi|Eupercaria_Centrarchiformes_Terapontidae_Syncomistes_kimberleyensis|Eupercaria_Centrarchiformes_Terapontidae_Syncomistes_moranensis|Eupercaria_Centrarchiformes_Terapontidae_Syncomistes_rastellus|Eupercaria_Centrarchiformes_Terapontidae_Syncomistes_trigonicus|Eupercaria_Centrarchiformes_Terapontidae_Syncomistes_versicolor|Eupercaria_Centrarchiformes_Terapontidae_Syncomistes_wunambal|Terapontidae_Hephaestus_jenkinsi",2.440211367,136,137,0.003032,0.00124251531691189,-6.690617472575,"chronos_correlated"
"clade:Eupercaria_Centrarchiformes_Terapontidae_Hephaestus_epirrhinos|Terapontidae_Hephaestus_jenkinsi",9.760845451,137,153,0.002604,0.000266780169102382,-8.22908557538704,"chronos_correlated"
"clade:Eupercaria_Centrarchiformes_Terapontidae_Hephaestus_tulliensis|Eupercaria_Centrarchiformes_Terapontidae_Scortum_barcoo|Eupercaria_Centrarchiformes_Terapontidae_Scortum_hillii|Eupercaria_Centrarchiformes_Terapontidae_Scortum_ogilbyi|Eupercaria_Centrarchiformes_Terapontidae_Scortum_parviceps|Eupercaria_Centrarchiformes_Terapontidae_Syncomistes_bonapartensis|Eupercaria_Centrarchiformes_Terapontidae_Syncomistes_butleri|Eupercaria_Centrarchiformes_Terapontidae_Syncomistes_carcharus|Eupercaria_Centrarchiformes_Terapontidae_Syncomistes_dilliensis|Eupercaria_Centrarchiformes_Terapontidae_Syncomistes_holsworthi|Eupercaria_Centrarchiformes_Terapontidae_Syncomistes_kimberleyensis|Eupercaria_Centrarchiformes_Terapontidae_Syncomistes_moranensis|Eupercaria_Centrarchiformes_Terapontidae_Syncomistes_rastellus|Eupercaria_Centrarchiformes_Terapontidae_Syncomistes_trigonicus|Eupercaria_Centrarchiformes_Terapontidae_Syncomistes_versicolor|Eupercaria_Centrarchiformes_Terapontidae_Syncomistes_wunambal",2.44021136,137,138,0.00059,0.000241782334789229,-8.32747267956889,"chronos_correlated"
"clade:Eupercaria_Centrarchiformes_Terapontidae_Leiopotherapon_macrolepis|Eupercaria_Centrarchiformes_Terapontidae_Leiopotherapon_unicolor|Eupercaria_Centrarchiformes_Terapontidae_Variichthys_lacustris",4.473720834,117,123,0.000428,9.56698050417511e-05,-9.25460782609637,"chronos_correlated"
"clade:Eupercaria_Centrarchiformes_Terapontidae_Leiopotherapon_macrolepis|Eupercaria_Centrarchiformes_Terapontidae_Variichthys_lacustris",4.473720825,123,124,0.003515,0.000785699451865104,-7.14893621542166,"chronos_correlated"
"clade:Eupercaria_Centrarchiformes_Terapontidae_Mesopristes_argenteus|Eupercaria_Centrarchiformes_Terapontidae_Mesopristes_cancellatus|Eupercaria_Centrarchiformes_Terapontidae_Pelsartia_humeralis|Eupercaria_Centrarchiformes_Terapontidae_Rhynchopelates_oxyrhynchus",5.36846501,114,128,0.001714,0.000319271895561819,-8.04946748102811,"chronos_correlated"
"clade:Eupercaria_Centrarchiformes_Terapontidae_Mesopristes_argenteus|Eupercaria_Centrarchiformes_Terapontidae_Mesopristes_cancellatus|Eupercaria_Centrarchiformes_Terapontidae_Rhynchopelates_oxyrhynchus",5.368465004,128,129,0.006106,0.00113738284508709,-6.77902540577338,"chronos_correlated"
"clade:Eupercaria_Centrarchiformes_Terapontidae_Mesopristes_argenteus|Eupercaria_Centrarchiformes_Terapontidae_Rhynchopelates_oxyrhynchus",5.368464977,129,130,0.002778,0.000517466354330656,-7.56656605072454,"chronos_correlated"
"clade:Eupercaria_Centrarchiformes_Terapontidae_Pelates_sexlineatus|Terapontidae_Pelates_quadrilineatus",4.83161857,133,134,0.022158,0.00458604082234083,-5.38473819307256,"chronos_correlated"
"clade:Eupercaria_Centrarchiformes_Terapontidae_Pingalla_gilberti|Eupercaria_Centrarchiformes_Terapontidae_Pingalla_lorentzi|Eupercaria_Centrarchiformes_Terapontidae_Pingalla_midgleyi",8.134037883,135,155,0.008525,0.00104806494912165,-6.86080972065089,"chronos_correlated"
"clade:Eupercaria_Centrarchiformes_Terapontidae_Pingalla_lorentzi|Eupercaria_Centrarchiformes_Terapontidae_Pingalla_midgleyi",8.134037878,155,156,0.001879,0.00023100457954371,-8.37307302277445,"chronos_correlated"
"clade:Eupercaria_Centrarchiformes_Terapontidae_Scortum_barcoo|Eupercaria_Centrarchiformes_Terapontidae_Scortum_hillii|Eupercaria_Centrarchiformes_Terapontidae_Scortum_ogilbyi|Eupercaria_Centrarchiformes_Terapontidae_Scortum_parviceps",4.880422725,139,150,0.001066,0.00021842370222141,-8.42907379332731,"chronos_correlated"
"clade:Eupercaria_Centrarchiformes_Terapontidae_Scortum_barcoo|Eupercaria_Centrarchiformes_Terapontidae_Scortum_hillii|Eupercaria_Centrarchiformes_Terapontidae_Scortum_ogilbyi|Eupercaria_Centrarchiformes_Terapontidae_Scortum_parviceps|Eupercaria_Centrarchiformes_Terapontidae_Syncomistes_bonapartensis|Eupercaria_Centrarchiformes_Terapontidae_Syncomistes_butleri|Eupercaria_Centrarchiformes_Terapontidae_Syncomistes_carcharus|Eupercaria_Centrarchiformes_Terapontidae_Syncomistes_dilliensis|Eupercaria_Centrarchiformes_Terapontidae_Syncomistes_holsworthi|Eupercaria_Centrarchiformes_Terapontidae_Syncomistes_kimberleyensis|Eupercaria_Centrarchiformes_Terapontidae_Syncomistes_moranensis|Eupercaria_Centrarchiformes_Terapontidae_Syncomistes_rastellus|Eupercaria_Centrarchiformes_Terapontidae_Syncomistes_trigonicus|Eupercaria_Centrarchiformes_Terapontidae_Syncomistes_versicolor|Eupercaria_Centrarchiformes_Terapontidae_Syncomistes_wunambal",2.440211362,138,139,0.000182,7.45837032128367e-05,-9.50358853021146,"chronos_correlated"
"clade:Eupercaria_Centrarchiformes_Terapontidae_Scortum_barcoo|Eupercaria_Centrarchiformes_Terapontidae_Scortum_ogilbyi",4.880422734,150,152,0.005315,0.00108904500484609,-6.82245410912115,"chronos_correlated"
"clade:Eupercaria_Centrarchiformes_Terapontidae_Scortum_hillii|Eupercaria_Centrarchiformes_Terapontidae_Scortum_parviceps",4.880422733,150,151,0.004157,0.000851770477153869,-7.06819346043966,"chronos_correlated"
"clade:Eupercaria_Centrarchiformes_Terapontidae_Syncomistes_bonapartensis|Eupercaria_Centrarchiformes_Terapontidae_Syncomistes_butleri",3.660317046,142,146,0.001273,0.000347784080996791,-7.96392872765861,"chronos_correlated"
"clade:Eupercaria_Centrarchiformes_Terapontidae_Syncomistes_bonapartensis|Eupercaria_Centrarchiformes_Terapontidae_Syncomistes_butleri|Eupercaria_Centrarchiformes_Terapontidae_Syncomistes_carcharus|Eupercaria_Centrarchiformes_Terapontidae_Syncomistes_dilliensis|Eupercaria_Centrarchiformes_Terapontidae_Syncomistes_holsworthi|Eupercaria_Centrarchiformes_Terapontidae_Syncomistes_kimberleyensis|Eupercaria_Centrarchiformes_Terapontidae_Syncomistes_moranensis|Eupercaria_Centrarchiformes_Terapontidae_Syncomistes_rastellus|Eupercaria_Centrarchiformes_Terapontidae_Syncomistes_trigonicus|Eupercaria_Centrarchiformes_Terapontidae_Syncomistes_versicolor|Eupercaria_Centrarchiformes_Terapontidae_Syncomistes_wunambal",2.440211368,139,140,0.001887,0.000773293668222924,-7.16485167437851,"chronos_correlated"
"clade:Eupercaria_Centrarchiformes_Terapontidae_Syncomistes_bonapartensis|Eupercaria_Centrarchiformes_Terapontidae_Syncomistes_butleri|Eupercaria_Centrarchiformes_Terapontidae_Syncomistes_carcharus|Eupercaria_Centrarchiformes_Terapontidae_Syncomistes_dilliensis|Eupercaria_Centrarchiformes_Terapontidae_Syncomistes_holsworthi|Eupercaria_Centrarchiformes_Terapontidae_Syncomistes_kimberleyensis|Eupercaria_Centrarchiformes_Terapontidae_Syncomistes_rastellus|Eupercaria_Centrarchiformes_Terapontidae_Syncomistes_trigonicus|Eupercaria_Centrarchiformes_Terapontidae_Syncomistes_versicolor|Eupercaria_Centrarchiformes_Terapontidae_Syncomistes_wunambal",2.440211361,140,141,0.00037,0.000151626209890431,-8.79409221124018,"chronos_correlated"
"clade:Eupercaria_Centrarchiformes_Terapontidae_Syncomistes_bonapartensis|Eupercaria_Centrarchiformes_Terapontidae_Syncomistes_butleri|Eupercaria_Centrarchiformes_Terapontidae_Syncomistes_kimberleyensis|Eupercaria_Centrarchiformes_Terapontidae_Syncomistes_rastellus|Eupercaria_Centrarchiformes_Terapontidae_Syncomistes_trigonicus|Eupercaria_Centrarchiformes_Terapontidae_Syncomistes_wunambal",2.440211363,141,142,1e-06,4.09800566935562e-07,-14.7075952176981,"chronos_correlated"
"clade:Eupercaria_Centrarchiformes_Terapontidae_Syncomistes_carcharus|Eupercaria_Centrarchiformes_Terapontidae_Syncomistes_dilliensis|Eupercaria_Centrarchiformes_Terapontidae_Syncomistes_holsworthi|Eupercaria_Centrarchiformes_Terapontidae_Syncomistes_versicolor",3.253615152,141,147,0.000876,0.00026923897236633,-8.21991119962325,"chronos_correlated"
"clade:Eupercaria_Centrarchiformes_Terapontidae_Syncomistes_carcharus|Eupercaria_Centrarchiformes_Terapontidae_Syncomistes_versicolor",3.25361515,147,149,0.001736,0.000533560338259428,-7.53593839472464,"chronos_correlated"
"clade:Eupercaria_Centrarchiformes_Terapontidae_Syncomistes_dilliensis|Eupercaria_Centrarchiformes_Terapontidae_Syncomistes_holsworthi",3.253615149,147,148,1e-06,3.07350425359112e-07,-14.9952772896376,"chronos_correlated"
"clade:Eupercaria_Centrarchiformes_Terapontidae_Syncomistes_kimberleyensis|Eupercaria_Centrarchiformes_Terapontidae_Syncomistes_rastellus",2.440211363,143,145,0.00041,0.00016801823244358,-8.6914380579997,"chronos_correlated"
"clade:Eupercaria_Centrarchiformes_Terapontidae_Syncomistes_kimberleyensis|Eupercaria_Centrarchiformes_Terapontidae_Syncomistes_rastellus|Eupercaria_Centrarchiformes_Terapontidae_Syncomistes_trigonicus|Eupercaria_Centrarchiformes_Terapontidae_Syncomistes_wunambal",2.440211365,142,143,0.000839,0.000343822675377139,-7.97538451205045,"chronos_correlated"
"clade:Eupercaria_Centrarchiformes_Terapontidae_Syncomistes_trigonicus|Eupercaria_Centrarchiformes_Terapontidae_Syncomistes_wunambal",2.440211362,143,144,0.000768,0.000314726835535487,-8.06380548414058,"chronos_correlated"
"clade:Kyphosidae_Kyphosus_pacificus|Kyphosidae_Kyphosus_sectatrix",1.457059988,173,174,0.000928,0.000636898966166656,-7.35889952381538,"chronos_correlated"
"tip:Centrarchidae_Lepomis_macrochirus",70.23057333,208,105,0.022586,0.000321597830247985,-8.04220876742356,"chronos_correlated"
"tip:Centrarchidae_Micropterus_dolomieu",35.11528667,209,103,0.003348,9.53430917840204e-05,-9.25802867968025,"chronos_correlated"
"tip:Centrarchidae_Micropterus_salmoides",35.11528667,209,104,0.003338,9.50583155242115e-05,-9.26102000706784,"chronos_correlated"
"tip:Eupercaria_Centrarchiformes_Dichistiidae_Dichistius_capensis",8.972881774,184,76,0.012183,0.00135775777580194,-6.60192063408952,"chronos_correlated"
"tip:Eupercaria_Centrarchiformes_Dichistiidae_Dichistius_multifasciatus",8.972881774,184,75,0.032336,0.00360374747092929,-5.62578101080052,"chronos_correlated"
"tip:Eupercaria_Centrarchiformes_Girellidae_Girella_cyanea",12.12182667,196,86,0.000761,6.27793170713602e-05,-9.67588488473388,"chronos_correlated"
"tip:Eupercaria_Centrarchiformes_Girellidae_Girella_fimbriata",18.18274,202,95,1e-06,5.49972116413698e-08,-16.7159833504287,"chronos_correlated"
"tip:Eupercaria_Centrarchiformes_Girellidae_Girella_laevifrons",24.24365333,194,89,0.012285,0.000506730558830343,-7.58753113778775,"chronos_correlated"
"tip:Eupercaria_Centrarchiformes_Girellidae_Girella_leonina",7.57614166,201,91,1e-06,1.31993308055436e-07,-15.8405146121949,"chronos_correlated"
"tip:Eupercaria_Centrarchiformes_Girellidae_Girella_melanichthys",7.57614166,201,90,0.000549,7.24643261224342e-05,-9.53241617068535,"chronos_correlated"
"tip:Eupercaria_Centrarchiformes_Girellidae_Girella_mezina",15.15228334,200,92,0.011373,0.00075057994526652,-7.19466438989032,"chronos_correlated"
"tip:Eupercaria_Centrarchiformes_Girellidae_Girella_nebulosa",18.18274,202,94,0.001414,7.77660572608969e-05,-9.46180550397222,"chronos_correlated"
"tip:Eupercaria_Centrarchiformes_Girellidae_Girella_nigricans",9.091369997,198,88,0.003097,0.000340652729019054,-7.98464698956561,"chronos_correlated"
"tip:Eupercaria_Centrarchiformes_Girellidae_Girella_punctata",22.728425,199,93,0.006637,0.000292013194931017,-8.13871156859702,"chronos_correlated"
"tip:Eupercaria_Centrarchiformes_Girellidae_Girella_simplicidens",9.091369997,198,87,0.001983,0.000218118941441648,-8.43047004101901,"chronos_correlated"
"tip:Eupercaria_Centrarchiformes_Girellidae_Girella_tricuspidata",6.060913338,197,85,0.007605,0.00125476138263173,-6.6808098578372,"chronos_correlated"
"tip:Eupercaria_Centrarchiformes_Girellidae_Girella_zebra",6.060913338,197,84,0.013903,0.0022938786985837,-6.07751113936105,"chronos_correlated"
"tip:Eupercaria_Centrarchiformes_Girellidae_Graus_nigra",42.4263933,191,96,0.039409,0.000928879335118972,-6.98153171443364,"chronos_correlated"
"tip:Eupercaria_Centrarchiformes_Kuhliidae_Kuhlia_caudavittata",23.00770714,158,58,0.024914,0.00108285453428281,-6.82815463735973,"chronos_correlated"
"tip:Eupercaria_Centrarchiformes_Kuhliidae_Kuhlia_mugil",4.601541424,166,53,0.001613,0.000350534712474209,-7.95605081937718,"chronos_correlated"
"tip:Eupercaria_Centrarchiformes_Kuhliidae_Kuhlia_munda",27.60924854,157,59,0.040495,0.00146671865919608,-6.52472757790248,"chronos_correlated"
"tip:Eupercaria_Centrarchiformes_Kuhliidae_Kuhlia_nutabunda",4.601541418,167,55,0.001507,0.000327498953742982,-8.02402569757199,"chronos_correlated"
"tip:Eupercaria_Centrarchiformes_Kuhliidae_Kuhlia_rupestris",6.902312145,163,52,0.007721,0.00111861066810678,-6.79566783860565,"chronos_correlated"
"tip:Eupercaria_Centrarchiformes_Kuhliidae_Kuhlia_salelea",4.60154143,162,48,0.004538,0.000986191272866579,-6.92166023346652,"chronos_correlated"
"tip:Eupercaria_Centrarchiformes_Kuhliidae_Kuhlia_sandvicensis",4.601541418,167,56,0.001505,0.000327064316777166,-8.02535371901551,"chronos_correlated"
"tip:Eupercaria_Centrarchiformes_Kuhliidae_Kuhlia_sauvagii",6.902312145,163,51,0.015541,0.00225156435604811,-6.09613003499886,"chronos_correlated"
"tip:Eupercaria_Centrarchiformes_Kyphosidae_Kyphosus_azureus",12.84589083,177,70,0.017991,0.0014005256807869,-6.57090762656189,"chronos_correlated"
"tip:Eupercaria_Centrarchiformes_Kyphosidae_Kyphosus_bigibbus",2.914119992,173,62,0.002216,0.000760435399394494,-7.18161939478486,"chronos_correlated"
"tip:Eupercaria_Centrarchiformes_Kyphosidae_Kyphosus_cornelii",12.84589083,177,69,0.015082,0.00117407194250615,-6.74727727963592,"chronos_correlated"
"tip:Eupercaria_Centrarchiformes_Kyphosidae_Kyphosus_hawaiiensis",4.856866659,175,67,0.001403,0.000288869367537644,-8.1495359874823,"chronos_correlated"
"tip:Eupercaria_Centrarchiformes_Kyphosidae_Kyphosus_ocyurus",2.428433335,176,65,0.001931,0.000795162861656237,-7.13696360686113,"chronos_correlated"
"tip:Eupercaria_Centrarchiformes_Kyphosidae_Kyphosus_sydneyanus",16.48854083,169,68,0.006616,0.000401248362011667,-7.82092996574229,"chronos_correlated"
"tip:Eupercaria_Centrarchiformes_Microcanthidae_Microcanthus_strigatus",13.45932267,181,73,0.041516,0.00308455343689297,-5.78134838513559,"chronos_correlated"
"tip:Eupercaria_Centrarchiformes_Microcanthidae_Neatypus_obliquus",6.729661351,182,71,0.031782,0.00472267449167815,-5.35538001026578,"chronos_correlated"
"tip:Eupercaria_Centrarchiformes_Microcanthidae_Tilodon_sexfasciatus",6.729661351,182,72,0.020591,0.00305973791637231,-5.78942601493021,"chronos_correlated"
"tip:Eupercaria_Centrarchiformes_Oplegnathidae_Oplegnathus_conwayi",17.94576356,183,77,0.04296,0.00239387975085971,-6.0348399024898,"chronos_correlated"
"tip:Eupercaria_Centrarchiformes_Oplegnathidae_Oplegnathus_fasciatus",9.279340134,188,80,0.004583,0.00049389287749111,-7.61319191147509,"chronos_correlated"
"tip:Eupercaria_Centrarchiformes_Oplegnathidae_Oplegnathus_insignis",18.55868001,186,82,0.044127,0.00237770143007062,-6.04162104365486,"chronos_correlated"
"tip:Eupercaria_Centrarchiformes_Oplegnathidae_Oplegnathus_peaolopesi",4.639669866,189,79,0.002902,0.0006254755367976,-7.37699833865809,"chronos_correlated"
"tip:Eupercaria_Centrarchiformes_Oplegnathidae_Oplegnathus_robinsoni",4.639669866,189,78,1e-06,2.15532576429221e-07,-15.3501537721022,"chronos_correlated"
"tip:Eupercaria_Centrarchiformes_Scorpididae_Labracoglossa_argenteiventris",38.78984533,203,102,0.046588,0.0012010359825789,-6.72457077581778,"chronos_correlated"
"tip:Eupercaria_Centrarchiformes_Scorpididae_Medialuna_californiensis",14.546192,207,101,0.015051,0.00103470379051782,-6.87364008596217,"chronos_correlated"
"tip:Eupercaria_Centrarchiformes_Scorpididae_Scorpis_georgiana",14.546192,207,100,0.030009,0.00206301415518233,-6.18358718346124,"chronos_correlated"
"tip:Eupercaria_Centrarchiformes_Scorpididae_Scorpis_lineolata",9.697461333,206,98,0.002596,0.000267698927673569,-8.22564761314801,"chronos_correlated"
"tip:Eupercaria_Centrarchiformes_Scorpididae_Scorpis_violacea",9.697461333,206,97,0.002214,0.000228307174834084,-8.38481857770341,"chronos_correlated"
"tip:Eupercaria_Centrarchiformes_Terapontidae_Amniataba_affinis",2.684232514,121,1,0.004459,0.00166118247087145,-6.40022559835133,"chronos_correlated"
"tip:Eupercaria_Centrarchiformes_Terapontidae_Amniataba_caudavittata",8.052697496,119,4,0.007469,0.000927515283382998,-6.98300128557748,"chronos_correlated"
"tip:Eupercaria_Centrarchiformes_Terapontidae_Amniataba_percoides",8.052697501,125,10,0.000531,6.59406366542465e-05,-9.62675566531352,"chronos_correlated"
"tip:Eupercaria_Centrarchiformes_Terapontidae_Bidyanus_welchi",10.98095114,154,42,0.005346,0.000486843073231268,-7.6275687183674,"chronos_correlated"
"tip:Eupercaria_Centrarchiformes_Terapontidae_Hannia_greenwayi",5.368465001,122,6,0.005887,0.00109658906203233,-6.81555076948112,"chronos_correlated"
"tip:Eupercaria_Centrarchiformes_Terapontidae_Helotes_octolineatus",9.663237034,133,21,0.034201,0.0035392901860592,-5.64382908435441,"chronos_correlated"
"tip:Eupercaria_Centrarchiformes_Terapontidae_Hephaestus_carbo",6.263209167,127,12,0.000233,3.72013761296119e-05,-10.1991648046379,"chronos_correlated"
"tip:Eupercaria_Centrarchiformes_Terapontidae_Hephaestus_epirrhinos",9.760845455,153,40,0.000586,6.00357830376078e-05,-9.72056978954828,"chronos_correlated"
"tip:Eupercaria_Centrarchiformes_Terapontidae_Hephaestus_habbemai",6.263209167,127,13,7e-04,0.000111763790947332,-9.09912292316018,"chronos_correlated"
"tip:Eupercaria_Centrarchiformes_Terapontidae_Hephaestus_transmontanus",12.52641833,126,14,0.008332,0.000665154218907521,-7.31549163606334,"chronos_correlated"
"tip:Eupercaria_Centrarchiformes_Terapontidae_Hephaestus_tulliensis",17.08147955,138,39,0.002882,0.000168720747612287,-8.68726559072079,"chronos_correlated"
"tip:Eupercaria_Centrarchiformes_Terapontidae_Lagusia_micracanthus",5.368465008,120,3,0.018915,0.00352335350455171,-5.64834204274616,"chronos_correlated"
"tip:Eupercaria_Centrarchiformes_Terapontidae_Leiopotherapon_aheneus",5.368465001,122,5,0.008311,0.00154811477739948,-6.47071736095635,"chronos_correlated"
"tip:Eupercaria_Centrarchiformes_Terapontidae_Leiopotherapon_macrolepis",4.473720841,124,7,0.013211,0.00295302287950693,-5.82492592836451,"chronos_correlated"
"tip:Eupercaria_Centrarchiformes_Terapontidae_Leiopotherapon_plumbeus",2.684232514,121,2,0.007277,0.00271101700841703,-5.91043143463172,"chronos_correlated"
"tip:Eupercaria_Centrarchiformes_Terapontidae_Leiopotherapon_unicolor",8.947441666,123,9,0.004394,0.000491090097485303,-7.61888294907003,"chronos_correlated"
"tip:Eupercaria_Centrarchiformes_Terapontidae_Mesopristes_argenteus",5.36846502,130,16,0.007666,0.00142796869709323,-6.55150233610807,"chronos_correlated"
"tip:Eupercaria_Centrarchiformes_Terapontidae_Mesopristes_cancellatus",10.73693,129,17,0.018249,0.001699647850922,-6.37733419589424,"chronos_correlated"
"tip:Eupercaria_Centrarchiformes_Terapontidae_Pelates_sexlineatus",4.831618464,134,19,0.008957,0.00185383015375446,-6.29050142673917,"chronos_correlated"
"tip:Eupercaria_Centrarchiformes_Terapontidae_Pelsartia_humeralis",16.105395,128,18,0.021582,0.00134004785352983,-6.61504995406754,"chronos_correlated"
"tip:Eupercaria_Centrarchiformes_Terapontidae_Pingalla_gilberti",16.26807576,155,46,0.011452,0.000703955413593427,-7.25879553677573,"chronos_correlated"
"tip:Eupercaria_Centrarchiformes_Terapontidae_Pingalla_lorentzi",8.134037879,156,45,0.006642,0.000816568609441559,-7.11039962037416,"chronos_correlated"
"tip:Eupercaria_Centrarchiformes_Terapontidae_Pingalla_midgleyi",8.134037879,156,44,0.003993,0.00049090009899129,-7.61926991524763,"chronos_correlated"
"tip:Eupercaria_Centrarchiformes_Terapontidae_Rhynchopelates_oxyrhynchus",5.36846502,130,15,0.02682,0.00499584143699981,-5.2991494252129,"chronos_correlated"
"tip:Eupercaria_Centrarchiformes_Terapontidae_Scortum_barcoo",4.880422725,152,38,1e-06,2.04900283509765e-07,-15.4007423980531,"chronos_correlated"
"tip:Eupercaria_Centrarchiformes_Terapontidae_Scortum_hillii",4.880422726,151,35,0.001674,0.000343003074525065,-7.97777114720858,"chronos_correlated"
"tip:Eupercaria_Centrarchiformes_Terapontidae_Scortum_ogilbyi",4.880422725,152,37,1e-06,2.04900283509765e-07,-15.4007423980531,"chronos_correlated"
"tip:Eupercaria_Centrarchiformes_Terapontidae_Scortum_parviceps",4.880422726,151,36,0.001147,0.000235020625137545,-8.35583728112863,"chronos_correlated"
"tip:Eupercaria_Centrarchiformes_Terapontidae_Syncomistes_bonapartensis",3.660317045,146,28,0.001747,0.000477281060225754,-7.64740501580876,"chronos_correlated"
"tip:Eupercaria_Centrarchiformes_Terapontidae_Syncomistes_butleri",3.660317045,146,29,0.000943,0.000257627956378298,-8.26399404330936,"chronos_correlated"
"tip:Eupercaria_Centrarchiformes_Terapontidae_Syncomistes_carcharus",3.253615153,149,33,0.00478,0.0014691350314104,-6.52308146538148,"chronos_correlated"
"tip:Eupercaria_Centrarchiformes_Terapontidae_Syncomistes_dilliensis",3.253615154,148,30,0.004834,0.00148573195390274,-6.51184772991091,"chronos_correlated"
"tip:Eupercaria_Centrarchiformes_Terapontidae_Syncomistes_holsworthi",3.253615154,148,31,0.000859,0.000264014014977753,-8.23950836919008,"chronos_correlated"
"tip:Eupercaria_Centrarchiformes_Terapontidae_Syncomistes_kimberleyensis",2.440211364,145,27,1e-06,4.09800566767625e-07,-14.7075952181079,"chronos_correlated"
"tip:Eupercaria_Centrarchiformes_Terapontidae_Syncomistes_moranensis",12.20105682,140,34,0.002611,0.000213997855966054,-8.44954456184283,"chronos_correlated"
"tip:Eupercaria_Centrarchiformes_Terapontidae_Syncomistes_rastellus",2.440211364,145,26,0.001262,0.000517168315260743,-7.5671421750067,"chronos_correlated"
"tip:Eupercaria_Centrarchiformes_Terapontidae_Syncomistes_trigonicus",2.440211365,144,25,0.001135,0.000465123643090647,-7.67320728860215,"chronos_correlated"
"tip:Eupercaria_Centrarchiformes_Terapontidae_Syncomistes_versicolor",3.253615153,149,32,1e-06,3.07350424981255e-07,-14.995277290867,"chronos_correlated"
"tip:Eupercaria_Centrarchiformes_Terapontidae_Syncomistes_wunambal",2.440211365,144,24,0.001737,0.00071182358418366,-7.24768045227655,"chronos_correlated"
"tip:Eupercaria_Centrarchiformes_Terapontidae_Variichthys_lacustris",4.473720841,124,8,0.005728,0.0012803659869666,-6.66060931460238,"chronos_correlated"
"tip:Kuhliidae_Kuhlia_malo",4.60154143,162,49,0.003259,0.000708240933951561,-7.25272621996874,"chronos_correlated"
"tip:Kuhliidae_Kuhlia_marginata",9.203082848,161,50,0.001015,0.000110289129932214,-9.11240518658645,"chronos_correlated"
"tip:Kuhliidae_Kuhlia_petiti",4.601541424,166,54,0.001621,0.000352273260335209,-7.95110337576672,"chronos_correlated"
"tip:Kuhliidae_Kuhlia_xenura",13.80462428,164,57,0.005143,0.000372556318497645,-7.8951223409751,"chronos_correlated"
"tip:Kyphosidae_Kyphosus_cinerascens",4.371180007,172,63,0.003823,0.000874592213973768,-7.04175282141044,"chronos_correlated"
"tip:Kyphosidae_Kyphosus_elegans",5.828239999,171,64,0.004243,0.000728007082880596,-7.22519978058333,"chronos_correlated"
"tip:Kyphosidae_Kyphosus_pacificus",1.457060003,174,61,0.001275,0.000875049755929646,-7.04122980930376,"chronos_correlated"
"tip:Kyphosidae_Kyphosus_sectatrix",1.457060003,174,60,0.001341,0.000920346449177769,-6.9907603836146,"chronos_correlated"
"tip:Kyphosidae_Kyphosus_vaigiensis",2.428433335,176,66,0.000538,0.000221542009099459,-8.41489832912786,"chronos_correlated"
"tip:Oplegnathidae_Oplegnathus_punctatus",13.91900999,187,81,0.008042,0.00057777097694288,-7.45633300147604,"chronos_correlated"
"tip:Oplegnathidae_Oplegnathus_woodwardi",23.19835,185,83,0.013728,0.000591766224753054,-7.43239889168994,"chronos_correlated"
"tip:Scorpididae_Atypichthys_strigatus",20.188984,180,74,0.006361,0.00031507281396627,-8.06270679040247,"chronos_correlated"
"tip:Scorpididae_Scorpis_aequipinnis",19.39492267,205,99,0.004848,0.000249962326867066,-8.29420034398903,"chronos_correlated"
"tip:Terapontidae_Bidyanus_bidyanus",10.98095114,154,43,1e-06,9.10667925984415e-08,-16.2116726150663,"chronos_correlated"
"tip:Terapontidae_Hephaestus_fuliginosus",8.052697501,125,11,0.001587,0.000197076818023144,-8.53191696602904,"chronos_correlated"
"tip:Terapontidae_Hephaestus_jenkinsi",9.760845455,153,41,0.003504,0.000358985296525218,-7.93222912706901,"chronos_correlated"
"tip:Terapontidae_Pelates_quadrilineatus",4.831618464,134,20,0.012288,0.00254324717308639,-5.97431359982691,"chronos_correlated"
"tip:Terapontidae_Terapon_jarbua",29.52655618,111,47,0.039468,0.00133669499955887,-6.61755512987896,"chronos_correlated"
"tip:Terapontidae_Terapon_puta",19.326474,131,23,0.035678,0.00184606876556996,-6.29469689247396,"chronos_correlated"
"tip:Terapontidae_Terapon_theraps",14.4948555,132,22,0.033478,0.00230964703304562,-6.07066056567083,"chronos_correlated"
"clade:Centrarchidae_Lepomis_macrochirus|Centrarchidae_Micropterus_dolomieu|Centrarchidae_Micropterus_salmoides",35.11528667,106,208,0.027243,0.000775815964597392,-7.16159522493168,"chronos_relaxed"
"clade:Centrarchidae_Micropterus_dolomieu|Centrarchidae_Micropterus_salmoides",35.11528667,208,209,0.014861,0.00042320599970201,-7.76765150053105,"chronos_relaxed"
"clade:Eupercaria_Centrarchiformes_Dichistiidae_Dichistius_capensis|Eupercaria_Centrarchiformes_Dichistiidae_Dichistius_multifasciatus",8.972881778,183,184,0.025626,0.00285593866430188,-5.85835471082019,"chronos_relaxed"
"clade:Eupercaria_Centrarchiformes_Dichistiidae_Dichistius_capensis|Eupercaria_Centrarchiformes_Dichistiidae_Dichistius_multifasciatus|Eupercaria_Centrarchiformes_Girellidae_Girella_cyanea|Eupercaria_Centrarchiformes_Girellidae_Girella_fimbriata|Eupercaria_Centrarchiformes_Girellidae_Girella_laevifrons|Eupercaria_Centrarchiformes_Girellidae_Girella_leonina|Eupercaria_Centrarchiformes_Girellidae_Girella_melanichthys|Eupercaria_Centrarchiformes_Girellidae_Girella_mezina|Eupercaria_Centrarchiformes_Girellidae_Girella_nebulosa|Eupercaria_Centrarchiformes_Girellidae_Girella_nigricans|Eupercaria_Centrarchiformes_Girellidae_Girella_punctata|Eupercaria_Centrarchiformes_Girellidae_Girella_simplicidens|Eupercaria_Centrarchiformes_Girellidae_Girella_tricuspidata|Eupercaria_Centrarchiformes_Girellidae_Girella_zebra|Eupercaria_Centrarchiformes_Girellidae_Graus_nigra|Eupercaria_Centrarchiformes_Kuhliidae_Kuhlia_caudavittata|Eupercaria_Centrarchiformes_Kuhliidae_Kuhlia_mugil|Eupercaria_Centrarchiformes_Kuhliidae_Kuhlia_munda|Eupercaria_Centrarchiformes_Kuhliidae_Kuhlia_nutabunda|Eupercaria_Centrarchiformes_Kuhliidae_Kuhlia_rupestris|Eupercaria_Centrarchiformes_Kuhliidae_Kuhlia_salelea|Eupercaria_Centrarchiformes_Kuhliidae_Kuhlia_sandvicensis|Eupercaria_Centrarchiformes_Kuhliidae_Kuhlia_sauvagii|Eupercaria_Centrarchiformes_Kyphosidae_Kyphosus_azureus|Eupercaria_Centrarchiformes_Kyphosidae_Kyphosus_bigibbus|Eupercaria_Centrarchiformes_Kyphosidae_Kyphosus_cornelii|Eupercaria_Centrarchiformes_Kyphosidae_Kyphosus_hawaiiensis|Eupercaria_Centrarchiformes_Kyphosidae_Kyphosus_ocyurus|Eupercaria_Centrarchiformes_Kyphosidae_Kyphosus_sydneyanus|Eupercaria_Centrarchiformes_Microcanthidae_Microcanthus_strigatus|Eupercaria_Centrarchiformes_Microcanthidae_Neatypus_obliquus|Eupercaria_Centrarchiformes_Microcanthidae_Tilodon_sexfasciatus|Eupercaria_Centrarchiformes_Oplegnathidae_Oplegnathus_conwayi|Eupercaria_Centrarchiformes_Oplegnathidae_Oplegnathus_fasciatus|Eupercaria_Centrarchiformes_Oplegnathidae_Oplegnathus_insignis|Eupercaria_Centrarchiformes_Oplegnathidae_Oplegnathus_peaolopesi|Eupercaria_Centrarchiformes_Oplegnathidae_Oplegnathus_robinsoni|Eupercaria_Centrarchiformes_Scorpididae_Labracoglossa_argenteiventris|Eupercaria_Centrarchiformes_Scorpididae_Medialuna_californiensis|Eupercaria_Centrarchiformes_Scorpididae_Scorpis_georgiana|Eupercaria_Centrarchiformes_Scorpididae_Scorpis_lineolata|Eupercaria_Centrarchiformes_Scorpididae_Scorpis_violacea|Eupercaria_Centrarchiformes_Terapontidae_Amniataba_affinis|Eupercaria_Centrarchiformes_Terapontidae_Amniataba_caudavittata|Eupercaria_Centrarchiformes_Terapontidae_Amniataba_percoides|Eupercaria_Centrarchiformes_Terapontidae_Bidyanus_welchi|Eupercaria_Centrarchiformes_Terapontidae_Hannia_greenwayi|Eupercaria_Centrarchiformes_Terapontidae_Helotes_octolineatus|Eupercaria_Centrarchiformes_Terapontidae_Hephaestus_carbo|Eupercaria_Centrarchiformes_Terapontidae_Hephaestus_epirrhinos|Eupercaria_Centrarchiformes_Terapontidae_Hephaestus_habbemai|Eupercaria_Centrarchiformes_Terapontidae_Hephaestus_transmontanus|Eupercaria_Centrarchiformes_Terapontidae_Hephaestus_tulliensis|Eupercaria_Centrarchiformes_Terapontidae_Lagusia_micracanthus|Eupercaria_Centrarchiformes_Terapontidae_Leiopotherapon_aheneus|Eupercaria_Centrarchiformes_Terapontidae_Leiopotherapon_macrolepis|Eupercaria_Centrarchiformes_Terapontidae_Leiopotherapon_plumbeus|Eupercaria_Centrarchiformes_Terapontidae_Leiopotherapon_unicolor|Eupercaria_Centrarchiformes_Terapontidae_Mesopristes_argenteus|Eupercaria_Centrarchiformes_Terapontidae_Mesopristes_cancellatus|Eupercaria_Centrarchiformes_Terapontidae_Pelates_sexlineatus|Eupercaria_Centrarchiformes_Terapontidae_Pelsartia_humeralis|Eupercaria_Centrarchiformes_Terapontidae_Pingalla_gilberti|Eupercaria_Centrarchiformes_Terapontidae_Pingalla_lorentzi|Eupercaria_Centrarchiformes_Terapontidae_Pingalla_midgleyi|Eupercaria_Centrarchiformes_Terapontidae_Rhynchopelates_oxyrhynchus|Eupercaria_Centrarchiformes_Terapontidae_Scortum_barcoo|Eupercaria_Centrarchiformes_Terapontidae_Scortum_hillii|Eupercaria_Centrarchiformes_Terapontidae_Scortum_ogilbyi|Eupercaria_Centrarchiformes_Terapontidae_Scortum_parviceps|Eupercaria_Centrarchiformes_Terapontidae_Syncomistes_bonapartensis|Eupercaria_Centrarchiformes_Terapontidae_Syncomistes_butleri|Eupercaria_Centrarchiformes_Terapontidae_Syncomistes_carcharus|Eupercaria_Centrarchiformes_Terapontidae_Syncomistes_dilliensis|Eupercaria_Centrarchiformes_Terapontidae_Syncomistes_holsworthi|Eupercaria_Centrarchiformes_Terapontidae_Syncomistes_kimberleyensis|Eupercaria_Centrarchiformes_Terapontidae_Syncomistes_moranensis|Eupercaria_Centrarchiformes_Terapontidae_Syncomistes_rastellus|Eupercaria_Centrarchiformes_Terapontidae_Syncomistes_trigonicus|Eupercaria_Centrarchiformes_Terapontidae_Syncomistes_versicolor|Eupercaria_Centrarchiformes_Terapontidae_Syncomistes_wunambal|Eupercaria_Centrarchiformes_Terapontidae_Variichthys_lacustris|Kuhliidae_Kuhlia_malo|Kuhliidae_Kuhlia_marginata|Kuhliidae_Kuhlia_petiti|Kuhliidae_Kuhlia_xenura|Kyphosidae_Kyphosus_cinerascens|Kyphosidae_Kyphosus_elegans|Kyphosidae_Kyphosus_pacificus|Kyphosidae_Kyphosus_sectatrix|Kyphosidae_Kyphosus_vaigiensis|Oplegnathidae_Oplegnathus_punctatus|Oplegnathidae_Oplegnathus_woodwardi|Scorpididae_Atypichthys_strigatus|Scorpididae_Scorpis_aequipinnis|Terapontidae_Bidyanus_bidyanus|Terapontidae_Hephaestus_fuliginosus|Terapontidae_Hephaestus_jenkinsi|Terapontidae_Pelates_quadrilineatus|Terapontidae_Terapon_jarbua|Terapontidae_Terapon_puta|Terapontidae_Terapon_theraps",50.79764,106,107,0.027243,0.000536304442489848,-7.53080856841871,"chronos_relaxed"
"clade:Eupercaria_Centrarchiformes_Dichistiidae_Dichistius_capensis|Eupercaria_Centrarchiformes_Dichistiidae_Dichistius_multifasciatus|Eupercaria_Centrarchiformes_Kuhliidae_Kuhlia_caudavittata|Eupercaria_Centrarchiformes_Kuhliidae_Kuhlia_mugil|Eupercaria_Centrarchiformes_Kuhliidae_Kuhlia_munda|Eupercaria_Centrarchiformes_Kuhliidae_Kuhlia_nutabunda|Eupercaria_Centrarchiformes_Kuhliidae_Kuhlia_rupestris|Eupercaria_Centrarchiformes_Kuhliidae_Kuhlia_salelea|Eupercaria_Centrarchiformes_Kuhliidae_Kuhlia_sandvicensis|Eupercaria_Centrarchiformes_Kuhliidae_Kuhlia_sauvagii|Eupercaria_Centrarchiformes_Kyphosidae_Kyphosus_azureus|Eupercaria_Centrarchiformes_Kyphosidae_Kyphosus_bigibbus|Eupercaria_Centrarchiformes_Kyphosidae_Kyphosus_cornelii|Eupercaria_Centrarchiformes_Kyphosidae_Kyphosus_hawaiiensis|Eupercaria_Centrarchiformes_Kyphosidae_Kyphosus_ocyurus|Eupercaria_Centrarchiformes_Kyphosidae_Kyphosus_sydneyanus|Eupercaria_Centrarchiformes_Microcanthidae_Microcanthus_strigatus|Eupercaria_Centrarchiformes_Microcanthidae_Neatypus_obliquus|Eupercaria_Centrarchiformes_Microcanthidae_Tilodon_sexfasciatus|Eupercaria_Centrarchiformes_Oplegnathidae_Oplegnathus_conwayi|Eupercaria_Centrarchiformes_Oplegnathidae_Oplegnathus_fasciatus|Eupercaria_Centrarchiformes_Oplegnathidae_Oplegnathus_insignis|Eupercaria_Centrarchiformes_Oplegnathidae_Oplegnathus_peaolopesi|Eupercaria_Centrarchiformes_Oplegnathidae_Oplegnathus_robinsoni|Eupercaria_Centrarchiformes_Terapontidae_Amniataba_affinis|Eupercaria_Centrarchiformes_Terapontidae_Amniataba_caudavittata|Eupercaria_Centrarchiformes_Terapontidae_Amniataba_percoides|Eupercaria_Centrarchiformes_Terapontidae_Bidyanus_welchi|Eupercaria_Centrarchiformes_Terapontidae_Hannia_greenwayi|Eupercaria_Centrarchiformes_Terapontidae_Helotes_octolineatus|Eupercaria_Centrarchiformes_Terapontidae_Hephaestus_carbo|Eupercaria_Centrarchiformes_Terapontidae_Hephaestus_epirrhinos|Eupercaria_Centrarchiformes_Terapontidae_Hephaestus_habbemai|Eupercaria_Centrarchiformes_Terapontidae_Hephaestus_transmontanus|Eupercaria_Centrarchiformes_Terapontidae_Hephaestus_tulliensis|Eupercaria_Centrarchiformes_Terapontidae_Lagusia_micracanthus|Eupercaria_Centrarchiformes_Terapontidae_Leiopotherapon_aheneus|Eupercaria_Centrarchiformes_Terapontidae_Leiopotherapon_macrolepis|Eupercaria_Centrarchiformes_Terapontidae_Leiopotherapon_plumbeus|Eupercaria_Centrarchiformes_Terapontidae_Leiopotherapon_unicolor|Eupercaria_Centrarchiformes_Terapontidae_Mesopristes_argenteus|Eupercaria_Centrarchiformes_Terapontidae_Mesopristes_cancellatus|Eupercaria_Centrarchiformes_Terapontidae_Pelates_sexlineatus|Eupercaria_Centrarchiformes_Terapontidae_Pelsartia_humeralis|Eupercaria_Centrarchiformes_Terapontidae_Pingalla_gilberti|Eupercaria_Centrarchiformes_Terapontidae_Pingalla_lorentzi|Eupercaria_Centrarchiformes_Terapontidae_Pingalla_midgleyi|Eupercaria_Centrarchiformes_Terapontidae_Rhynchopelates_oxyrhynchus|Eupercaria_Centrarchiformes_Terapontidae_Scortum_barcoo|Eupercaria_Centrarchiformes_Terapontidae_Scortum_hillii|Eupercaria_Centrarchiformes_Terapontidae_Scortum_ogilbyi|Eupercaria_Centrarchiformes_Terapontidae_Scortum_parviceps|Eupercaria_Centrarchiformes_Terapontidae_Syncomistes_bonapartensis|Eupercaria_Centrarchiformes_Terapontidae_Syncomistes_butleri|Eupercaria_Centrarchiformes_Terapontidae_Syncomistes_carcharus|Eupercaria_Centrarchiformes_Terapontidae_Syncomistes_dilliensis|Eupercaria_Centrarchiformes_Terapontidae_Syncomistes_holsworthi|Eupercaria_Centrarchiformes_Terapontidae_Syncomistes_kimberleyensis|Eupercaria_Centrarchiformes_Terapontidae_Syncomistes_moranensis|Eupercaria_Centrarchiformes_Terapontidae_Syncomistes_rastellus|Eupercaria_Centrarchiformes_Terapontidae_Syncomistes_trigonicus|Eupercaria_Centrarchiformes_Terapontidae_Syncomistes_versicolor|Eupercaria_Centrarchiformes_Terapontidae_Syncomistes_wunambal|Eupercaria_Centrarchiformes_Terapontidae_Variichthys_lacustris|Kuhliidae_Kuhlia_malo|Kuhliidae_Kuhlia_marginata|Kuhliidae_Kuhlia_petiti|Kuhliidae_Kuhlia_xenura|Kyphosidae_Kyphosus_cinerascens|Kyphosidae_Kyphosus_elegans|Kyphosidae_Kyphosus_pacificus|Kyphosidae_Kyphosus_sectatrix|Kyphosidae_Kyphosus_vaigiensis|Oplegnathidae_Oplegnathus_punctatus|Oplegnathidae_Oplegnathus_woodwardi|Scorpididae_Atypichthys_strigatus|Terapontidae_Bidyanus_bidyanus|Terapontidae_Hephaestus_fuliginosus|Terapontidae_Hephaestus_jenkinsi|Terapontidae_Pelates_quadrilineatus|Terapontidae_Terapon_jarbua|Terapontidae_Terapon_puta|Terapontidae_Terapon_theraps",10.44995667,107,108,0.002173,0.00020794344595115,-8.47824440969858,"chronos_relaxed"
"clade:Eupercaria_Centrarchiformes_Dichistiidae_Dichistius_capensis|Eupercaria_Centrarchiformes_Dichistiidae_Dichistius_multifasciatus|Eupercaria_Centrarchiformes_Microcanthidae_Microcanthus_strigatus|Eupercaria_Centrarchiformes_Microcanthidae_Neatypus_obliquus|Eupercaria_Centrarchiformes_Microcanthidae_Tilodon_sexfasciatus|Eupercaria_Centrarchiformes_Oplegnathidae_Oplegnathus_conwayi|Eupercaria_Centrarchiformes_Oplegnathidae_Oplegnathus_fasciatus|Eupercaria_Centrarchiformes_Oplegnathidae_Oplegnathus_insignis|Eupercaria_Centrarchiformes_Oplegnathidae_Oplegnathus_peaolopesi|Eupercaria_Centrarchiformes_Oplegnathidae_Oplegnathus_robinsoni|Oplegnathidae_Oplegnathus_punctatus|Oplegnathidae_Oplegnathus_woodwardi|Scorpididae_Atypichthys_strigatus",10.44995667,108,178,0.000894,8.5550593962415e-05,-9.3664026147815,"chronos_relaxed"
"clade:Eupercaria_Centrarchiformes_Dichistiidae_Dichistius_capensis|Eupercaria_Centrarchiformes_Dichistiidae_Dichistius_multifasciatus|Eupercaria_Centrarchiformes_Microcanthidae_Microcanthus_strigatus|Eupercaria_Centrarchiformes_Microcanthidae_Neatypus_obliquus|Eupercaria_Centrarchiformes_Microcanthidae_Tilodon_sexfasciatus|Eupercaria_Centrarchiformes_Oplegnathidae_Oplegnathus_conwayi|Scorpididae_Atypichthys_strigatus",6.729661333,178,179,0.006695,0.000994849468452442,-6.91291912023836,"chronos_relaxed"
"clade:Eupercaria_Centrarchiformes_Dichistiidae_Dichistius_capensis|Eupercaria_Centrarchiformes_Dichistiidae_Dichistius_multifasciatus|Eupercaria_Centrarchiformes_Oplegnathidae_Oplegnathus_conwayi",8.972881778,179,183,0.00387,0.000431299564147673,-7.74870766486588,"chronos_relaxed"
"clade:Eupercaria_Centrarchiformes_Girellidae_Girella_cyanea|Eupercaria_Centrarchiformes_Girellidae_Girella_fimbriata|Eupercaria_Centrarchiformes_Girellidae_Girella_laevifrons|Eupercaria_Centrarchiformes_Girellidae_Girella_leonina|Eupercaria_Centrarchiformes_Girellidae_Girella_melanichthys|Eupercaria_Centrarchiformes_Girellidae_Girella_mezina|Eupercaria_Centrarchiformes_Girellidae_Girella_nebulosa|Eupercaria_Centrarchiformes_Girellidae_Girella_nigricans|Eupercaria_Centrarchiformes_Girellidae_Girella_punctata|Eupercaria_Centrarchiformes_Girellidae_Girella_simplicidens|Eupercaria_Centrarchiformes_Girellidae_Girella_tricuspidata|Eupercaria_Centrarchiformes_Girellidae_Girella_zebra",6.060913333,191,192,0.01227,0.00202444736063016,-6.20245852400067,"chronos_relaxed"
"clade:Eupercaria_Centrarchiformes_Girellidae_Girella_cyanea|Eupercaria_Centrarchiformes_Girellidae_Girella_fimbriata|Eupercaria_Centrarchiformes_Girellidae_Girella_laevifrons|Eupercaria_Centrarchiformes_Girellidae_Girella_leonina|Eupercaria_Centrarchiformes_Girellidae_Girella_melanichthys|Eupercaria_Centrarchiformes_Girellidae_Girella_mezina|Eupercaria_Centrarchiformes_Girellidae_Girella_nebulosa|Eupercaria_Centrarchiformes_Girellidae_Girella_nigricans|Eupercaria_Centrarchiformes_Girellidae_Girella_punctata|Eupercaria_Centrarchiformes_Girellidae_Girella_simplicidens|Eupercaria_Centrarchiformes_Girellidae_Girella_tricuspidata|Eupercaria_Centrarchiformes_Girellidae_Girella_zebra|Eupercaria_Centrarchiformes_Girellidae_Graus_nigra",6.060913333,190,191,0.027571,0.0045489843667428,-5.39285128703618,"chronos_relaxed"
"clade:Eupercaria_Centrarchiformes_Girellidae_Girella_cyanea|Eupercaria_Centrarchiformes_Girellidae_Girella_fimbriata|Eupercaria_Centrarchiformes_Girellidae_Girella_laevifrons|Eupercaria_Centrarchiformes_Girellidae_Girella_leonina|Eupercaria_Centrarchiformes_Girellidae_Girella_melanichthys|Eupercaria_Centrarchiformes_Girellidae_Girella_mezina|Eupercaria_Centrarchiformes_Girellidae_Girella_nebulosa|Eupercaria_Centrarchiformes_Girellidae_Girella_nigricans|Eupercaria_Centrarchiformes_Girellidae_Girella_punctata|Eupercaria_Centrarchiformes_Girellidae_Girella_simplicidens|Eupercaria_Centrarchiformes_Girellidae_Girella_tricuspidata|Eupercaria_Centrarchiformes_Girellidae_Girella_zebra|Eupercaria_Centrarchiformes_Girellidae_Graus_nigra|Eupercaria_Centrarchiformes_Scorpididae_Labracoglossa_argenteiventris|Eupercaria_Centrarchiformes_Scorpididae_Medialuna_californiensis|Eupercaria_Centrarchiformes_Scorpididae_Scorpis_georgiana|Eupercaria_Centrarchiformes_Scorpididae_Scorpis_lineolata|Eupercaria_Centrarchiformes_Scorpididae_Scorpis_violacea|Scorpididae_Scorpis_aequipinnis",6.060913333,107,190,0.004256,0.000702204398275629,-7.26128603068415,"chronos_relaxed"
"clade:Eupercaria_Centrarchiformes_Girellidae_Girella_cyanea|Eupercaria_Centrarchiformes_Girellidae_Girella_laevifrons|Eupercaria_Centrarchiformes_Girellidae_Girella_leonina|Eupercaria_Centrarchiformes_Girellidae_Girella_melanichthys|Eupercaria_Centrarchiformes_Girellidae_Girella_mezina|Eupercaria_Centrarchiformes_Girellidae_Girella_nigricans|Eupercaria_Centrarchiformes_Girellidae_Girella_punctata|Eupercaria_Centrarchiformes_Girellidae_Girella_simplicidens|Eupercaria_Centrarchiformes_Girellidae_Girella_tricuspidata|Eupercaria_Centrarchiformes_Girellidae_Girella_zebra",6.060913333,192,193,0.019379,0.00319737289337016,-5.74542577717938,"chronos_relaxed"
"clade:Eupercaria_Centrarchiformes_Girellidae_Girella_cyanea|Eupercaria_Centrarchiformes_Girellidae_Girella_laevifrons|Eupercaria_Centrarchiformes_Girellidae_Girella_nigricans|Eupercaria_Centrarchiformes_Girellidae_Girella_simplicidens|Eupercaria_Centrarchiformes_Girellidae_Girella_tricuspidata|Eupercaria_Centrarchiformes_Girellidae_Girella_zebra",6.060913333,193,194,0.00344,0.000567571224170151,-7.47414431133819,"chronos_relaxed"
"clade:Eupercaria_Centrarchiformes_Girellidae_Girella_cyanea|Eupercaria_Centrarchiformes_Girellidae_Girella_nigricans|Eupercaria_Centrarchiformes_Girellidae_Girella_simplicidens|Eupercaria_Centrarchiformes_Girellidae_Girella_tricuspidata|Eupercaria_Centrarchiformes_Girellidae_Girella_zebra",6.060913333,194,195,0.001213,0.000200134853173951,-8.51651915276158,"chronos_relaxed"
"clade:Eupercaria_Centrarchiformes_Girellidae_Girella_cyanea|Eupercaria_Centrarchiformes_Girellidae_Girella_tricuspidata|Eupercaria_Centrarchiformes_Girellidae_Girella_zebra",6.060913333,195,196,1e-06,1.64991634933183e-07,-15.6173710617056,"chronos_relaxed"
"clade:Eupercaria_Centrarchiformes_Girellidae_Girella_fimbriata|Eupercaria_Centrarchiformes_Girellidae_Girella_nebulosa",18.18274,192,202,0.02016,0.00110874378669001,-6.80452762824343,"chronos_relaxed"
"clade:Eupercaria_Centrarchiformes_Girellidae_Girella_leonina|Eupercaria_Centrarchiformes_Girellidae_Girella_melanichthys",7.576141667,200,201,0.016586,0.0021892410053847,-6.12420036810769,"chronos_relaxed"
"clade:Eupercaria_Centrarchiformes_Girellidae_Girella_leonina|Eupercaria_Centrarchiformes_Girellidae_Girella_melanichthys|Eupercaria_Centrarchiformes_Girellidae_Girella_mezina",7.576141667,199,200,0.003328,0.000439273728802622,-7.73038781117774,"chronos_relaxed"
"clade:Eupercaria_Centrarchiformes_Girellidae_Girella_leonina|Eupercaria_Centrarchiformes_Girellidae_Girella_melanichthys|Eupercaria_Centrarchiformes_Girellidae_Girella_mezina|Eupercaria_Centrarchiformes_Girellidae_Girella_punctata",7.576141667,193,199,0.003949,0.000521241573029313,-7.55929695183219,"chronos_relaxed"
"clade:Eupercaria_Centrarchiformes_Girellidae_Girella_nigricans|Eupercaria_Centrarchiformes_Girellidae_Girella_simplicidens",9.09137,195,198,0.014173,0.00155895096118627,-6.46374214470189,"chronos_relaxed"
"clade:Eupercaria_Centrarchiformes_Girellidae_Girella_tricuspidata|Eupercaria_Centrarchiformes_Girellidae_Girella_zebra",6.060913333,196,197,0.00203,0.000334933018914362,-8.0015799896698,"chronos_relaxed"
"clade:Eupercaria_Centrarchiformes_Kuhliidae_Kuhlia_caudavittata|Eupercaria_Centrarchiformes_Kuhliidae_Kuhlia_mugil|Eupercaria_Centrarchiformes_Kuhliidae_Kuhlia_munda|Eupercaria_Centrarchiformes_Kuhliidae_Kuhlia_nutabunda|Eupercaria_Centrarchiformes_Kuhliidae_Kuhlia_rupestris|Eupercaria_Centrarchiformes_Kuhliidae_Kuhlia_salelea|Eupercaria_Centrarchiformes_Kuhliidae_Kuhlia_sandvicensis|Eupercaria_Centrarchiformes_Kuhliidae_Kuhlia_sauvagii|Eupercaria_Centrarchiformes_Kyphosidae_Kyphosus_azureus|Eupercaria_Centrarchiformes_Kyphosidae_Kyphosus_bigibbus|Eupercaria_Centrarchiformes_Kyphosidae_Kyphosus_cornelii|Eupercaria_Centrarchiformes_Kyphosidae_Kyphosus_hawaiiensis|Eupercaria_Centrarchiformes_Kyphosidae_Kyphosus_ocyurus|Eupercaria_Centrarchiformes_Kyphosidae_Kyphosus_sydneyanus|Eupercaria_Centrarchiformes_Terapontidae_Amniataba_affinis|Eupercaria_Centrarchiformes_Terapontidae_Amniataba_caudavittata|Eupercaria_Centrarchiformes_Terapontidae_Amniataba_percoides|Eupercaria_Centrarchiformes_Terapontidae_Bidyanus_welchi|Eupercaria_Centrarchiformes_Terapontidae_Hannia_greenwayi|Eupercaria_Centrarchiformes_Terapontidae_Helotes_octolineatus|Eupercaria_Centrarchiformes_Terapontidae_Hephaestus_carbo|Eupercaria_Centrarchiformes_Terapontidae_Hephaestus_epirrhinos|Eupercaria_Centrarchiformes_Terapontidae_Hephaestus_habbemai|Eupercaria_Centrarchiformes_Terapontidae_Hephaestus_transmontanus|Eupercaria_Centrarchiformes_Terapontidae_Hephaestus_tulliensis|Eupercaria_Centrarchiformes_Terapontidae_Lagusia_micracanthus|Eupercaria_Centrarchiformes_Terapontidae_Leiopotherapon_aheneus|Eupercaria_Centrarchiformes_Terapontidae_Leiopotherapon_macrolepis|Eupercaria_Centrarchiformes_Terapontidae_Leiopotherapon_plumbeus|Eupercaria_Centrarchiformes_Terapontidae_Leiopotherapon_unicolor|Eupercaria_Centrarchiformes_Terapontidae_Mesopristes_argenteus|Eupercaria_Centrarchiformes_Terapontidae_Mesopristes_cancellatus|Eupercaria_Centrarchiformes_Terapontidae_Pelates_sexlineatus|Eupercaria_Centrarchiformes_Terapontidae_Pelsartia_humeralis|Eupercaria_Centrarchiformes_Terapontidae_Pingalla_gilberti|Eupercaria_Centrarchiformes_Terapontidae_Pingalla_lorentzi|Eupercaria_Centrarchiformes_Terapontidae_Pingalla_midgleyi|Eupercaria_Centrarchiformes_Terapontidae_Rhynchopelates_oxyrhynchus|Eupercaria_Centrarchiformes_Terapontidae_Scortum_barcoo|Eupercaria_Centrarchiformes_Terapontidae_Scortum_hillii|Eupercaria_Centrarchiformes_Terapontidae_Scortum_ogilbyi|Eupercaria_Centrarchiformes_Terapontidae_Scortum_parviceps|Eupercaria_Centrarchiformes_Terapontidae_Syncomistes_bonapartensis|Eupercaria_Centrarchiformes_Terapontidae_Syncomistes_butleri|Eupercaria_Centrarchiformes_Terapontidae_Syncomistes_carcharus|Eupercaria_Centrarchiformes_Terapontidae_Syncomistes_dilliensis|Eupercaria_Centrarchiformes_Terapontidae_Syncomistes_holsworthi|Eupercaria_Centrarchiformes_Terapontidae_Syncomistes_kimberleyensis|Eupercaria_Centrarchiformes_Terapontidae_Syncomistes_moranensis|Eupercaria_Centrarchiformes_Terapontidae_Syncomistes_rastellus|Eupercaria_Centrarchiformes_Terapontidae_Syncomistes_trigonicus|Eupercaria_Centrarchiformes_Terapontidae_Syncomistes_versicolor|Eupercaria_Centrarchiformes_Terapontidae_Syncomistes_wunambal|Eupercaria_Centrarchiformes_Terapontidae_Variichthys_lacustris|Kuhliidae_Kuhlia_malo|Kuhliidae_Kuhlia_marginata|Kuhliidae_Kuhlia_petiti|Kuhliidae_Kuhlia_xenura|Kyphosidae_Kyphosus_cinerascens|Kyphosidae_Kyphosus_elegans|Kyphosidae_Kyphosus_pacificus|Kyphosidae_Kyphosus_sectatrix|Kyphosidae_Kyphosus_vaigiensis|Terapontidae_Bidyanus_bidyanus|Terapontidae_Hephaestus_fuliginosus|Terapontidae_Hephaestus_jenkinsi|Terapontidae_Pelates_quadrilineatus|Terapontidae_Terapon_jarbua|Terapontidae_Terapon_puta|Terapontidae_Terapon_theraps",9.203240833,108,109,0.000832,9.04029368672721e-05,-9.31123380362403,"chronos_relaxed"
"clade:Eupercaria_Centrarchiformes_Kuhliidae_Kuhlia_caudavittata|Eupercaria_Centrarchiformes_Kuhliidae_Kuhlia_mugil|Eupercaria_Centrarchiformes_Kuhliidae_Kuhlia_munda|Eupercaria_Centrarchiformes_Kuhliidae_Kuhlia_nutabunda|Eupercaria_Centrarchiformes_Kuhliidae_Kuhlia_rupestris|Eupercaria_Centrarchiformes_Kuhliidae_Kuhlia_salelea|Eupercaria_Centrarchiformes_Kuhliidae_Kuhlia_sandvicensis|Eupercaria_Centrarchiformes_Kuhliidae_Kuhlia_sauvagii|Eupercaria_Centrarchiformes_Terapontidae_Amniataba_affinis|Eupercaria_Centrarchiformes_Terapontidae_Amniataba_caudavittata|Eupercaria_Centrarchiformes_Terapontidae_Amniataba_percoides|Eupercaria_Centrarchiformes_Terapontidae_Bidyanus_welchi|Eupercaria_Centrarchiformes_Terapontidae_Hannia_greenwayi|Eupercaria_Centrarchiformes_Terapontidae_Helotes_octolineatus|Eupercaria_Centrarchiformes_Terapontidae_Hephaestus_carbo|Eupercaria_Centrarchiformes_Terapontidae_Hephaestus_epirrhinos|Eupercaria_Centrarchiformes_Terapontidae_Hephaestus_habbemai|Eupercaria_Centrarchiformes_Terapontidae_Hephaestus_transmontanus|Eupercaria_Centrarchiformes_Terapontidae_Hephaestus_tulliensis|Eupercaria_Centrarchiformes_Terapontidae_Lagusia_micracanthus|Eupercaria_Centrarchiformes_Terapontidae_Leiopotherapon_aheneus|Eupercaria_Centrarchiformes_Terapontidae_Leiopotherapon_macrolepis|Eupercaria_Centrarchiformes_Terapontidae_Leiopotherapon_plumbeus|Eupercaria_Centrarchiformes_Terapontidae_Leiopotherapon_unicolor|Eupercaria_Centrarchiformes_Terapontidae_Mesopristes_argenteus|Eupercaria_Centrarchiformes_Terapontidae_Mesopristes_cancellatus|Eupercaria_Centrarchiformes_Terapontidae_Pelates_sexlineatus|Eupercaria_Centrarchiformes_Terapontidae_Pelsartia_humeralis|Eupercaria_Centrarchiformes_Terapontidae_Pingalla_gilberti|Eupercaria_Centrarchiformes_Terapontidae_Pingalla_lorentzi|Eupercaria_Centrarchiformes_Terapontidae_Pingalla_midgleyi|Eupercaria_Centrarchiformes_Terapontidae_Rhynchopelates_oxyrhynchus|Eupercaria_Centrarchiformes_Terapontidae_Scortum_barcoo|Eupercaria_Centrarchiformes_Terapontidae_Scortum_hillii|Eupercaria_Centrarchiformes_Terapontidae_Scortum_ogilbyi|Eupercaria_Centrarchiformes_Terapontidae_Scortum_parviceps|Eupercaria_Centrarchiformes_Terapontidae_Syncomistes_bonapartensis|Eupercaria_Centrarchiformes_Terapontidae_Syncomistes_butleri|Eupercaria_Centrarchiformes_Terapontidae_Syncomistes_carcharus|Eupercaria_Centrarchiformes_Terapontidae_Syncomistes_dilliensis|Eupercaria_Centrarchiformes_Terapontidae_Syncomistes_holsworthi|Eupercaria_Centrarchiformes_Terapontidae_Syncomistes_kimberleyensis|Eupercaria_Centrarchiformes_Terapontidae_Syncomistes_moranensis|Eupercaria_Centrarchiformes_Terapontidae_Syncomistes_rastellus|Eupercaria_Centrarchiformes_Terapontidae_Syncomistes_trigonicus|Eupercaria_Centrarchiformes_Terapontidae_Syncomistes_versicolor|Eupercaria_Centrarchiformes_Terapontidae_Syncomistes_wunambal|Eupercaria_Centrarchiformes_Terapontidae_Variichthys_lacustris|Kuhliidae_Kuhlia_malo|Kuhliidae_Kuhlia_marginata|Kuhliidae_Kuhlia_petiti|Kuhliidae_Kuhlia_xenura|Terapontidae_Bidyanus_bidyanus|Terapontidae_Hephaestus_fuliginosus|Terapontidae_Hephaestus_jenkinsi|Terapontidae_Pelates_quadrilineatus|Terapontidae_Terapon_jarbua|Terapontidae_Terapon_puta|Terapontidae_Terapon_theraps",2.6842325,109,110,0.00272,0.0010133250379764,-6.89451823847312,"chronos_relaxed"
"clade:Eupercaria_Centrarchiformes_Kuhliidae_Kuhlia_caudavittata|Eupercaria_Centrarchiformes_Kuhliidae_Kuhlia_mugil|Eupercaria_Centrarchiformes_Kuhliidae_Kuhlia_munda|Eupercaria_Centrarchiformes_Kuhliidae_Kuhlia_nutabunda|Eupercaria_Centrarchiformes_Kuhliidae_Kuhlia_rupestris|Eupercaria_Centrarchiformes_Kuhliidae_Kuhlia_salelea|Eupercaria_Centrarchiformes_Kuhliidae_Kuhlia_sandvicensis|Eupercaria_Centrarchiformes_Kuhliidae_Kuhlia_sauvagii|Kuhliidae_Kuhlia_malo|Kuhliidae_Kuhlia_marginata|Kuhliidae_Kuhlia_petiti|Kuhliidae_Kuhlia_xenura",4.601541429,110,157,0.017763,0.0038602282026743,-5.5570289773891,"chronos_relaxed"
"clade:Eupercaria_Centrarchiformes_Kuhliidae_Kuhlia_caudavittata|Eupercaria_Centrarchiformes_Kuhliidae_Kuhlia_mugil|Eupercaria_Centrarchiformes_Kuhliidae_Kuhlia_nutabunda|Eupercaria_Centrarchiformes_Kuhliidae_Kuhlia_rupestris|Eupercaria_Centrarchiformes_Kuhliidae_Kuhlia_salelea|Eupercaria_Centrarchiformes_Kuhliidae_Kuhlia_sandvicensis|Eupercaria_Centrarchiformes_Kuhliidae_Kuhlia_sauvagii|Kuhliidae_Kuhlia_malo|Kuhliidae_Kuhlia_marginata|Kuhliidae_Kuhlia_petiti|Kuhliidae_Kuhlia_xenura",4.601541429,157,158,0.006409,0.00139279415363056,-6.57644336708476,"chronos_relaxed"
"clade:Eupercaria_Centrarchiformes_Kuhliidae_Kuhlia_mugil|Eupercaria_Centrarchiformes_Kuhliidae_Kuhlia_nutabunda|Eupercaria_Centrarchiformes_Kuhliidae_Kuhlia_rupestris|Eupercaria_Centrarchiformes_Kuhliidae_Kuhlia_salelea|Eupercaria_Centrarchiformes_Kuhliidae_Kuhlia_sandvicensis|Eupercaria_Centrarchiformes_Kuhliidae_Kuhlia_sauvagii|Kuhliidae_Kuhlia_malo|Kuhliidae_Kuhlia_marginata|Kuhliidae_Kuhlia_petiti|Kuhliidae_Kuhlia_xenura",4.601541429,158,159,0.0028,0.000608491750688962,-7.40452720242569,"chronos_relaxed"
"clade:Eupercaria_Centrarchiformes_Kuhliidae_Kuhlia_mugil|Eupercaria_Centrarchiformes_Kuhliidae_Kuhlia_nutabunda|Eupercaria_Centrarchiformes_Kuhliidae_Kuhlia_sandvicensis|Kuhliidae_Kuhlia_petiti",4.601541429,164,165,0.001172,0.000254697261359809,-8.27543492845203,"chronos_relaxed"
"clade:Eupercaria_Centrarchiformes_Kuhliidae_Kuhlia_mugil|Eupercaria_Centrarchiformes_Kuhliidae_Kuhlia_nutabunda|Eupercaria_Centrarchiformes_Kuhliidae_Kuhlia_sandvicensis|Kuhliidae_Kuhlia_petiti|Kuhliidae_Kuhlia_xenura",4.601541429,159,164,0.003344,0.000726713005108532,-7.22697892438439,"chronos_relaxed"
"clade:Eupercaria_Centrarchiformes_Kuhliidae_Kuhlia_mugil|Kuhliidae_Kuhlia_petiti",4.601541429,165,166,0.006185,0.00134411481357544,-6.6120196137624,"chronos_relaxed"
"clade:Eupercaria_Centrarchiformes_Kuhliidae_Kuhlia_nutabunda|Eupercaria_Centrarchiformes_Kuhliidae_Kuhlia_sandvicensis",4.601541429,165,167,0.009635,0.0020938635778172,-6.16874431774052,"chronos_relaxed"
"clade:Eupercaria_Centrarchiformes_Kuhliidae_Kuhlia_rupestris|Eupercaria_Centrarchiformes_Kuhliidae_Kuhlia_salelea|Eupercaria_Centrarchiformes_Kuhliidae_Kuhlia_sauvagii|Kuhliidae_Kuhlia_malo|Kuhliidae_Kuhlia_marginata",4.601541429,159,160,0.003292,0.000715412444024309,-7.24265133679202,"chronos_relaxed"
"clade:Eupercaria_Centrarchiformes_Kuhliidae_Kuhlia_rupestris|Eupercaria_Centrarchiformes_Kuhliidae_Kuhlia_sauvagii",6.902312143,160,163,0.007163,0.00103776819297638,-6.87068284001026,"chronos_relaxed"
"clade:Eupercaria_Centrarchiformes_Kuhliidae_Kuhlia_salelea|Kuhliidae_Kuhlia_malo",4.601541429,161,162,0.001999,0.000434419646295441,-7.74149956408859,"chronos_relaxed"
"clade:Eupercaria_Centrarchiformes_Kuhliidae_Kuhlia_salelea|Kuhliidae_Kuhlia_malo|Kuhliidae_Kuhlia_marginata",4.601541429,160,161,0.008962,0.00194760823916946,-6.2411532032429,"chronos_relaxed"
"clade:Eupercaria_Centrarchiformes_Kyphosidae_Kyphosus_azureus|Eupercaria_Centrarchiformes_Kyphosidae_Kyphosus_bigibbus|Eupercaria_Centrarchiformes_Kyphosidae_Kyphosus_cornelii|Eupercaria_Centrarchiformes_Kyphosidae_Kyphosus_hawaiiensis|Eupercaria_Centrarchiformes_Kyphosidae_Kyphosus_ocyurus|Eupercaria_Centrarchiformes_Kyphosidae_Kyphosus_sydneyanus|Kyphosidae_Kyphosus_cinerascens|Kyphosidae_Kyphosus_elegans|Kyphosidae_Kyphosus_pacificus|Kyphosidae_Kyphosus_sectatrix|Kyphosidae_Kyphosus_vaigiensis",9.203240833,109,168,0.012077,0.001312255130464,-6.63600814816986,"chronos_relaxed"
"clade:Eupercaria_Centrarchiformes_Kyphosidae_Kyphosus_azureus|Eupercaria_Centrarchiformes_Kyphosidae_Kyphosus_cornelii",12.84589083,168,177,0.008771,0.000682786434671888,-7.28932843444713,"chronos_relaxed"
"clade:Eupercaria_Centrarchiformes_Kyphosidae_Kyphosus_bigibbus|Eupercaria_Centrarchiformes_Kyphosidae_Kyphosus_hawaiiensis|Eupercaria_Centrarchiformes_Kyphosidae_Kyphosus_ocyurus|Eupercaria_Centrarchiformes_Kyphosidae_Kyphosus_sydneyanus|Kyphosidae_Kyphosus_cinerascens|Kyphosidae_Kyphosus_elegans|Kyphosidae_Kyphosus_pacificus|Kyphosidae_Kyphosus_sectatrix|Kyphosidae_Kyphosus_vaigiensis",9.203240833,168,169,0.006293,0.000683780867434788,-7.2878730609183,"chronos_relaxed"
"clade:Eupercaria_Centrarchiformes_Kyphosidae_Kyphosus_bigibbus|Eupercaria_Centrarchiformes_Kyphosidae_Kyphosus_hawaiiensis|Eupercaria_Centrarchiformes_Kyphosidae_Kyphosus_ocyurus|Kyphosidae_Kyphosus_cinerascens|Kyphosidae_Kyphosus_elegans|Kyphosidae_Kyphosus_pacificus|Kyphosidae_Kyphosus_sectatrix|Kyphosidae_Kyphosus_vaigiensis",9.203240833,169,170,0.004978,0.000540896417939039,-7.5222827615177,"chronos_relaxed"
"clade:Eupercaria_Centrarchiformes_Kyphosidae_Kyphosus_bigibbus|Kyphosidae_Kyphosus_cinerascens|Kyphosidae_Kyphosus_elegans|Kyphosidae_Kyphosus_pacificus|Kyphosidae_Kyphosus_sectatrix",1.45706,170,171,0.000772,0.000529834049387122,-7.54294671481257,"chronos_relaxed"
"clade:Eupercaria_Centrarchiformes_Kyphosidae_Kyphosus_bigibbus|Kyphosidae_Kyphosus_cinerascens|Kyphosidae_Kyphosus_pacificus|Kyphosidae_Kyphosus_sectatrix",1.45706,171,172,0.000911,0.000625231630818223,-7.37738836757738,"chronos_relaxed"
"clade:Eupercaria_Centrarchiformes_Kyphosidae_Kyphosus_bigibbus|Kyphosidae_Kyphosus_pacificus|Kyphosidae_Kyphosus_sectatrix",1.45706,172,173,0.001825,0.00125252220224287,-6.68259599882075,"chronos_relaxed"
"clade:Eupercaria_Centrarchiformes_Kyphosidae_Kyphosus_hawaiiensis|Eupercaria_Centrarchiformes_Kyphosidae_Kyphosus_ocyurus|Kyphosidae_Kyphosus_vaigiensis",2.428433333,170,175,0.003392,0.00139678530759156,-6.57358189155428,"chronos_relaxed"
"clade:Eupercaria_Centrarchiformes_Kyphosidae_Kyphosus_ocyurus|Kyphosidae_Kyphosus_vaigiensis",2.428433333,175,176,0.000891,0.000366903216115589,-7.91041246099526,"chronos_relaxed"
"clade:Eupercaria_Centrarchiformes_Microcanthidae_Microcanthus_strigatus|Eupercaria_Centrarchiformes_Microcanthidae_Neatypus_obliquus|Eupercaria_Centrarchiformes_Microcanthidae_Tilodon_sexfasciatus",6.729661333,180,181,0.006625,0.000984447756310295,-6.92342972750921,"chronos_relaxed"
"clade:Eupercaria_Centrarchiformes_Microcanthidae_Microcanthus_strigatus|Eupercaria_Centrarchiformes_Microcanthidae_Neatypus_obliquus|Eupercaria_Centrarchiformes_Microcanthidae_Tilodon_sexfasciatus|Scorpididae_Atypichthys_strigatus",6.729661333,179,180,0.010552,0.00156798380748471,-6.45796468396648,"chronos_relaxed"
"clade:Eupercaria_Centrarchiformes_Microcanthidae_Neatypus_obliquus|Eupercaria_Centrarchiformes_Microcanthidae_Tilodon_sexfasciatus",6.729661333,181,182,0.007395,0.00109886658987391,-6.81347600321873,"chronos_relaxed"
"clade:Eupercaria_Centrarchiformes_Oplegnathidae_Oplegnathus_fasciatus|Eupercaria_Centrarchiformes_Oplegnathidae_Oplegnathus_insignis|Eupercaria_Centrarchiformes_Oplegnathidae_Oplegnathus_peaolopesi|Eupercaria_Centrarchiformes_Oplegnathidae_Oplegnathus_robinsoni|Oplegnathidae_Oplegnathus_punctatus",4.63967,185,186,0.001788,0.000385372235525371,-7.86130084525013,"chronos_relaxed"
"clade:Eupercaria_Centrarchiformes_Oplegnathidae_Oplegnathus_fasciatus|Eupercaria_Centrarchiformes_Oplegnathidae_Oplegnathus_insignis|Eupercaria_Centrarchiformes_Oplegnathidae_Oplegnathus_peaolopesi|Eupercaria_Centrarchiformes_Oplegnathidae_Oplegnathus_robinsoni|Oplegnathidae_Oplegnathus_punctatus|Oplegnathidae_Oplegnathus_woodwardi",10.44995667,178,185,0.00462,0.000442107096315836,-7.72395840587923,"chronos_relaxed"
"clade:Eupercaria_Centrarchiformes_Oplegnathidae_Oplegnathus_fasciatus|Eupercaria_Centrarchiformes_Oplegnathidae_Oplegnathus_peaolopesi|Eupercaria_Centrarchiformes_Oplegnathidae_Oplegnathus_robinsoni",4.63967,187,188,0.001848,0.000398304189737632,-7.82829454878196,"chronos_relaxed"
"clade:Eupercaria_Centrarchiformes_Oplegnathidae_Oplegnathus_fasciatus|Eupercaria_Centrarchiformes_Oplegnathidae_Oplegnathus_peaolopesi|Eupercaria_Centrarchiformes_Oplegnathidae_Oplegnathus_robinsoni|Oplegnathidae_Oplegnathus_punctatus",4.63967,186,187,0.00677,0.00145915550028343,-6.52989743507727,"chronos_relaxed"
"clade:Eupercaria_Centrarchiformes_Oplegnathidae_Oplegnathus_peaolopesi|Eupercaria_Centrarchiformes_Oplegnathidae_Oplegnathus_robinsoni",4.63967,188,189,0.033965,0.00732056374699063,-4.91706793935818,"chronos_relaxed"
"clade:Eupercaria_Centrarchiformes_Scorpididae_Labracoglossa_argenteiventris|Eupercaria_Centrarchiformes_Scorpididae_Medialuna_californiensis|Eupercaria_Centrarchiformes_Scorpididae_Scorpis_georgiana|Eupercaria_Centrarchiformes_Scorpididae_Scorpis_lineolata|Eupercaria_Centrarchiformes_Scorpididae_Scorpis_violacea|Scorpididae_Scorpis_aequipinnis",9.697461333,190,203,0.006245,0.0006439829750853,-7.34783826841231,"chronos_relaxed"
"clade:Eupercaria_Centrarchiformes_Scorpididae_Medialuna_californiensis|Eupercaria_Centrarchiformes_Scorpididae_Scorpis_georgiana",14.546192,204,207,0.009544,0.000656116734881542,-7.32917183533678,"chronos_relaxed"
"clade:Eupercaria_Centrarchiformes_Scorpididae_Medialuna_californiensis|Eupercaria_Centrarchiformes_Scorpididae_Scorpis_georgiana|Eupercaria_Centrarchiformes_Scorpididae_Scorpis_lineolata|Eupercaria_Centrarchiformes_Scorpididae_Scorpis_violacea|Scorpididae_Scorpis_aequipinnis",9.697461333,203,204,0.003618,0.000373087334484966,-7.89369802501675,"chronos_relaxed"
"clade:Eupercaria_Centrarchiformes_Scorpididae_Scorpis_lineolata|Eupercaria_Centrarchiformes_Scorpididae_Scorpis_violacea",9.697461333,205,206,0.002191,0.000225935420081968,-8.39526135137652,"chronos_relaxed"
"clade:Eupercaria_Centrarchiformes_Scorpididae_Scorpis_lineolata|Eupercaria_Centrarchiformes_Scorpididae_Scorpis_violacea|Scorpididae_Scorpis_aequipinnis",9.697461333,204,205,0.007047,0.000726685032093853,-7.22701741764497,"chronos_relaxed"
"clade:Eupercaria_Centrarchiformes_Terapontidae_Amniataba_affinis|Eupercaria_Centrarchiformes_Terapontidae_Amniataba_caudavittata|Eupercaria_Centrarchiformes_Terapontidae_Amniataba_percoides|Eupercaria_Centrarchiformes_Terapontidae_Bidyanus_welchi|Eupercaria_Centrarchiformes_Terapontidae_Hannia_greenwayi|Eupercaria_Centrarchiformes_Terapontidae_Helotes_octolineatus|Eupercaria_Centrarchiformes_Terapontidae_Hephaestus_carbo|Eupercaria_Centrarchiformes_Terapontidae_Hephaestus_epirrhinos|Eupercaria_Centrarchiformes_Terapontidae_Hephaestus_habbemai|Eupercaria_Centrarchiformes_Terapontidae_Hephaestus_transmontanus|Eupercaria_Centrarchiformes_Terapontidae_Hephaestus_tulliensis|Eupercaria_Centrarchiformes_Terapontidae_Lagusia_micracanthus|Eupercaria_Centrarchiformes_Terapontidae_Leiopotherapon_aheneus|Eupercaria_Centrarchiformes_Terapontidae_Leiopotherapon_macrolepis|Eupercaria_Centrarchiformes_Terapontidae_Leiopotherapon_plumbeus|Eupercaria_Centrarchiformes_Terapontidae_Leiopotherapon_unicolor|Eupercaria_Centrarchiformes_Terapontidae_Mesopristes_argenteus|Eupercaria_Centrarchiformes_Terapontidae_Mesopristes_cancellatus|Eupercaria_Centrarchiformes_Terapontidae_Pelates_sexlineatus|Eupercaria_Centrarchiformes_Terapontidae_Pelsartia_humeralis|Eupercaria_Centrarchiformes_Terapontidae_Pingalla_gilberti|Eupercaria_Centrarchiformes_Terapontidae_Pingalla_lorentzi|Eupercaria_Centrarchiformes_Terapontidae_Pingalla_midgleyi|Eupercaria_Centrarchiformes_Terapontidae_Rhynchopelates_oxyrhynchus|Eupercaria_Centrarchiformes_Terapontidae_Scortum_barcoo|Eupercaria_Centrarchiformes_Terapontidae_Scortum_hillii|Eupercaria_Centrarchiformes_Terapontidae_Scortum_ogilbyi|Eupercaria_Centrarchiformes_Terapontidae_Scortum_parviceps|Eupercaria_Centrarchiformes_Terapontidae_Syncomistes_bonapartensis|Eupercaria_Centrarchiformes_Terapontidae_Syncomistes_butleri|Eupercaria_Centrarchiformes_Terapontidae_Syncomistes_carcharus|Eupercaria_Centrarchiformes_Terapontidae_Syncomistes_dilliensis|Eupercaria_Centrarchiformes_Terapontidae_Syncomistes_holsworthi|Eupercaria_Centrarchiformes_Terapontidae_Syncomistes_kimberleyensis|Eupercaria_Centrarchiformes_Terapontidae_Syncomistes_moranensis|Eupercaria_Centrarchiformes_Terapontidae_Syncomistes_rastellus|Eupercaria_Centrarchiformes_Terapontidae_Syncomistes_trigonicus|Eupercaria_Centrarchiformes_Terapontidae_Syncomistes_versicolor|Eupercaria_Centrarchiformes_Terapontidae_Syncomistes_wunambal|Eupercaria_Centrarchiformes_Terapontidae_Variichthys_lacustris|Terapontidae_Bidyanus_bidyanus|Terapontidae_Hephaestus_fuliginosus|Terapontidae_Hephaestus_jenkinsi|Terapontidae_Pelates_quadrilineatus|Terapontidae_Terapon_jarbua|Terapontidae_Terapon_puta|Terapontidae_Terapon_theraps",2.6842325,110,111,0.048347,0.0180114800040608,-4.01674594637656,"chronos_relaxed"
"clade:Eupercaria_Centrarchiformes_Terapontidae_Amniataba_affinis|Eupercaria_Centrarchiformes_Terapontidae_Amniataba_caudavittata|Eupercaria_Centrarchiformes_Terapontidae_Amniataba_percoides|Eupercaria_Centrarchiformes_Terapontidae_Bidyanus_welchi|Eupercaria_Centrarchiformes_Terapontidae_Hannia_greenwayi|Eupercaria_Centrarchiformes_Terapontidae_Helotes_octolineatus|Eupercaria_Centrarchiformes_Terapontidae_Hephaestus_carbo|Eupercaria_Centrarchiformes_Terapontidae_Hephaestus_epirrhinos|Eupercaria_Centrarchiformes_Terapontidae_Hephaestus_habbemai|Eupercaria_Centrarchiformes_Terapontidae_Hephaestus_transmontanus|Eupercaria_Centrarchiformes_Terapontidae_Hephaestus_tulliensis|Eupercaria_Centrarchiformes_Terapontidae_Lagusia_micracanthus|Eupercaria_Centrarchiformes_Terapontidae_Leiopotherapon_aheneus|Eupercaria_Centrarchiformes_Terapontidae_Leiopotherapon_macrolepis|Eupercaria_Centrarchiformes_Terapontidae_Leiopotherapon_plumbeus|Eupercaria_Centrarchiformes_Terapontidae_Leiopotherapon_unicolor|Eupercaria_Centrarchiformes_Terapontidae_Mesopristes_argenteus|Eupercaria_Centrarchiformes_Terapontidae_Mesopristes_cancellatus|Eupercaria_Centrarchiformes_Terapontidae_Pelates_sexlineatus|Eupercaria_Centrarchiformes_Terapontidae_Pelsartia_humeralis|Eupercaria_Centrarchiformes_Terapontidae_Pingalla_gilberti|Eupercaria_Centrarchiformes_Terapontidae_Pingalla_lorentzi|Eupercaria_Centrarchiformes_Terapontidae_Pingalla_midgleyi|Eupercaria_Centrarchiformes_Terapontidae_Rhynchopelates_oxyrhynchus|Eupercaria_Centrarchiformes_Terapontidae_Scortum_barcoo|Eupercaria_Centrarchiformes_Terapontidae_Scortum_hillii|Eupercaria_Centrarchiformes_Terapontidae_Scortum_ogilbyi|Eupercaria_Centrarchiformes_Terapontidae_Scortum_parviceps|Eupercaria_Centrarchiformes_Terapontidae_Syncomistes_bonapartensis|Eupercaria_Centrarchiformes_Terapontidae_Syncomistes_butleri|Eupercaria_Centrarchiformes_Terapontidae_Syncomistes_carcharus|Eupercaria_Centrarchiformes_Terapontidae_Syncomistes_dilliensis|Eupercaria_Centrarchiformes_Terapontidae_Syncomistes_holsworthi|Eupercaria_Centrarchiformes_Terapontidae_Syncomistes_kimberleyensis|Eupercaria_Centrarchiformes_Terapontidae_Syncomistes_moranensis|Eupercaria_Centrarchiformes_Terapontidae_Syncomistes_rastellus|Eupercaria_Centrarchiformes_Terapontidae_Syncomistes_trigonicus|Eupercaria_Centrarchiformes_Terapontidae_Syncomistes_versicolor|Eupercaria_Centrarchiformes_Terapontidae_Syncomistes_wunambal|Eupercaria_Centrarchiformes_Terapontidae_Variichthys_lacustris|Terapontidae_Bidyanus_bidyanus|Terapontidae_Hephaestus_fuliginosus|Terapontidae_Hephaestus_jenkinsi|Terapontidae_Pelates_quadrilineatus|Terapontidae_Terapon_puta|Terapontidae_Terapon_theraps",2.6842325,111,112,0.008026,0.00299005395397008,-5.8124638469363,"chronos_relaxed"
"clade:Eupercaria_Centrarchiformes_Terapontidae_Amniataba_affinis|Eupercaria_Centrarchiformes_Terapontidae_Amniataba_caudavittata|Eupercaria_Centrarchiformes_Terapontidae_Amniataba_percoides|Eupercaria_Centrarchiformes_Terapontidae_Hannia_greenwayi|Eupercaria_Centrarchiformes_Terapontidae_Helotes_octolineatus|Eupercaria_Centrarchiformes_Terapontidae_Hephaestus_carbo|Eupercaria_Centrarchiformes_Terapontidae_Hephaestus_habbemai|Eupercaria_Centrarchiformes_Terapontidae_Hephaestus_transmontanus|Eupercaria_Centrarchiformes_Terapontidae_Lagusia_micracanthus|Eupercaria_Centrarchiformes_Terapontidae_Leiopotherapon_aheneus|Eupercaria_Centrarchiformes_Terapontidae_Leiopotherapon_macrolepis|Eupercaria_Centrarchiformes_Terapontidae_Leiopotherapon_plumbeus|Eupercaria_Centrarchiformes_Terapontidae_Leiopotherapon_unicolor|Eupercaria_Centrarchiformes_Terapontidae_Mesopristes_argenteus|Eupercaria_Centrarchiformes_Terapontidae_Mesopristes_cancellatus|Eupercaria_Centrarchiformes_Terapontidae_Pelates_sexlineatus|Eupercaria_Centrarchiformes_Terapontidae_Pelsartia_humeralis|Eupercaria_Centrarchiformes_Terapontidae_Rhynchopelates_oxyrhynchus|Eupercaria_Centrarchiformes_Terapontidae_Variichthys_lacustris|Terapontidae_Hephaestus_fuliginosus|Terapontidae_Pelates_quadrilineatus|Terapontidae_Terapon_puta|Terapontidae_Terapon_theraps",2.6842325,112,113,0.001557,0.000580054075047523,-7.45238922592916,"chronos_relaxed"
"clade:Eupercaria_Centrarchiformes_Terapontidae_Amniataba_affinis|Eupercaria_Centrarchiformes_Terapontidae_Amniataba_caudavittata|Eupercaria_Centrarchiformes_Terapontidae_Amniataba_percoides|Eupercaria_Centrarchiformes_Terapontidae_Hannia_greenwayi|Eupercaria_Centrarchiformes_Terapontidae_Hephaestus_carbo|Eupercaria_Centrarchiformes_Terapontidae_Hephaestus_habbemai|Eupercaria_Centrarchiformes_Terapontidae_Hephaestus_transmontanus|Eupercaria_Centrarchiformes_Terapontidae_Lagusia_micracanthus|Eupercaria_Centrarchiformes_Terapontidae_Leiopotherapon_aheneus|Eupercaria_Centrarchiformes_Terapontidae_Leiopotherapon_macrolepis|Eupercaria_Centrarchiformes_Terapontidae_Leiopotherapon_plumbeus|Eupercaria_Centrarchiformes_Terapontidae_Leiopotherapon_unicolor|Eupercaria_Centrarchiformes_Terapontidae_Mesopristes_argenteus|Eupercaria_Centrarchiformes_Terapontidae_Mesopristes_cancellatus|Eupercaria_Centrarchiformes_Terapontidae_Pelsartia_humeralis|Eupercaria_Centrarchiformes_Terapontidae_Rhynchopelates_oxyrhynchus|Eupercaria_Centrarchiformes_Terapontidae_Variichthys_lacustris|Terapontidae_Hephaestus_fuliginosus",2.6842325,113,114,0.003079,0.0011470690411505,-6.77054524983866,"chronos_relaxed"
"clade:Eupercaria_Centrarchiformes_Terapontidae_Amniataba_affinis|Eupercaria_Centrarchiformes_Terapontidae_Amniataba_caudavittata|Eupercaria_Centrarchiformes_Terapontidae_Amniataba_percoides|Eupercaria_Centrarchiformes_Terapontidae_Hannia_greenwayi|Eupercaria_Centrarchiformes_Terapontidae_Hephaestus_carbo|Eupercaria_Centrarchiformes_Terapontidae_Hephaestus_habbemai|Eupercaria_Centrarchiformes_Terapontidae_Hephaestus_transmontanus|Eupercaria_Centrarchiformes_Terapontidae_Lagusia_micracanthus|Eupercaria_Centrarchiformes_Terapontidae_Leiopotherapon_aheneus|Eupercaria_Centrarchiformes_Terapontidae_Leiopotherapon_macrolepis|Eupercaria_Centrarchiformes_Terapontidae_Leiopotherapon_plumbeus|Eupercaria_Centrarchiformes_Terapontidae_Leiopotherapon_unicolor|Eupercaria_Centrarchiformes_Terapontidae_Variichthys_lacustris|Terapontidae_Hephaestus_fuliginosus",2.6842325,114,115,0.00977,0.00363977412537848,-5.61583365272633,"chronos_relaxed"
"clade:Eupercaria_Centrarchiformes_Terapontidae_Amniataba_affinis|Eupercaria_Centrarchiformes_Terapontidae_Amniataba_caudavittata|Eupercaria_Centrarchiformes_Terapontidae_Amniataba_percoides|Eupercaria_Centrarchiformes_Terapontidae_Hannia_greenwayi|Eupercaria_Centrarchiformes_Terapontidae_Lagusia_micracanthus|Eupercaria_Centrarchiformes_Terapontidae_Leiopotherapon_aheneus|Eupercaria_Centrarchiformes_Terapontidae_Leiopotherapon_macrolepis|Eupercaria_Centrarchiformes_Terapontidae_Leiopotherapon_plumbeus|Eupercaria_Centrarchiformes_Terapontidae_Leiopotherapon_unicolor|Eupercaria_Centrarchiformes_Terapontidae_Variichthys_lacustris|Terapontidae_Hephaestus_fuliginosus",2.6842325,115,116,0.01336,0.0049772141571194,-5.30288495067253,"chronos_relaxed"
"clade:Eupercaria_Centrarchiformes_Terapontidae_Amniataba_affinis|Eupercaria_Centrarchiformes_Terapontidae_Amniataba_caudavittata|Eupercaria_Centrarchiformes_Terapontidae_Hannia_greenwayi|Eupercaria_Centrarchiformes_Terapontidae_Lagusia_micracanthus|Eupercaria_Centrarchiformes_Terapontidae_Leiopotherapon_aheneus|Eupercaria_Centrarchiformes_Terapontidae_Leiopotherapon_macrolepis|Eupercaria_Centrarchiformes_Terapontidae_Leiopotherapon_plumbeus|Eupercaria_Centrarchiformes_Terapontidae_Leiopotherapon_unicolor|Eupercaria_Centrarchiformes_Terapontidae_Variichthys_lacustris",2.6842325,116,117,0.004725,0.00176027970751416,-6.34228255783532,"chronos_relaxed"
"clade:Eupercaria_Centrarchiformes_Terapontidae_Amniataba_affinis|Eupercaria_Centrarchiformes_Terapontidae_Amniataba_caudavittata|Eupercaria_Centrarchiformes_Terapontidae_Hannia_greenwayi|Eupercaria_Centrarchiformes_Terapontidae_Lagusia_micracanthus|Eupercaria_Centrarchiformes_Terapontidae_Leiopotherapon_aheneus|Eupercaria_Centrarchiformes_Terapontidae_Leiopotherapon_plumbeus",2.6842325,117,118,0.001729,0.000644131981860737,-7.34760691207987,"chronos_relaxed"
"clade:Eupercaria_Centrarchiformes_Terapontidae_Amniataba_affinis|Eupercaria_Centrarchiformes_Terapontidae_Amniataba_caudavittata|Eupercaria_Centrarchiformes_Terapontidae_Lagusia_micracanthus|Eupercaria_Centrarchiformes_Terapontidae_Leiopotherapon_plumbeus",2.6842325,118,119,0.002783,0.00103679543407659,-6.87162063623727,"chronos_relaxed"
"clade:Eupercaria_Centrarchiformes_Terapontidae_Amniataba_affinis|Eupercaria_Centrarchiformes_Terapontidae_Lagusia_micracanthus|Eupercaria_Centrarchiformes_Terapontidae_Leiopotherapon_plumbeus",2.6842325,119,120,0.001468,0.000546897483731383,-7.5112491885887,"chronos_relaxed"
"clade:Eupercaria_Centrarchiformes_Terapontidae_Amniataba_affinis|Eupercaria_Centrarchiformes_Terapontidae_Leiopotherapon_plumbeus",2.6842325,120,121,0.001425,0.00053087800702808,-7.54097830506041,"chronos_relaxed"
"clade:Eupercaria_Centrarchiformes_Terapontidae_Amniataba_percoides|Terapontidae_Hephaestus_fuliginosus",8.0526975,116,125,0.007166,0.000889888139968004,-7.02441478856637,"chronos_relaxed"
"clade:Eupercaria_Centrarchiformes_Terapontidae_Bidyanus_welchi|Eupercaria_Centrarchiformes_Terapontidae_Hephaestus_epirrhinos|Eupercaria_Centrarchiformes_Terapontidae_Hephaestus_tulliensis|Eupercaria_Centrarchiformes_Terapontidae_Pingalla_gilberti|Eupercaria_Centrarchiformes_Terapontidae_Pingalla_lorentzi|Eupercaria_Centrarchiformes_Terapontidae_Pingalla_midgleyi|Eupercaria_Centrarchiformes_Terapontidae_Scortum_barcoo|Eupercaria_Centrarchiformes_Terapontidae_Scortum_hillii|Eupercaria_Centrarchiformes_Terapontidae_Scortum_ogilbyi|Eupercaria_Centrarchiformes_Terapontidae_Scortum_parviceps|Eupercaria_Centrarchiformes_Terapontidae_Syncomistes_bonapartensis|Eupercaria_Centrarchiformes_Terapontidae_Syncomistes_butleri|Eupercaria_Centrarchiformes_Terapontidae_Syncomistes_carcharus|Eupercaria_Centrarchiformes_Terapontidae_Syncomistes_dilliensis|Eupercaria_Centrarchiformes_Terapontidae_Syncomistes_holsworthi|Eupercaria_Centrarchiformes_Terapontidae_Syncomistes_kimberleyensis|Eupercaria_Centrarchiformes_Terapontidae_Syncomistes_moranensis|Eupercaria_Centrarchiformes_Terapontidae_Syncomistes_rastellus|Eupercaria_Centrarchiformes_Terapontidae_Syncomistes_trigonicus|Eupercaria_Centrarchiformes_Terapontidae_Syncomistes_versicolor|Eupercaria_Centrarchiformes_Terapontidae_Syncomistes_wunambal|Terapontidae_Bidyanus_bidyanus|Terapontidae_Hephaestus_jenkinsi",2.440211364,112,135,0.004648,0.00190475303433592,-6.26340291957611,"chronos_relaxed"
"clade:Eupercaria_Centrarchiformes_Terapontidae_Bidyanus_welchi|Eupercaria_Centrarchiformes_Terapontidae_Hephaestus_epirrhinos|Eupercaria_Centrarchiformes_Terapontidae_Hephaestus_tulliensis|Eupercaria_Centrarchiformes_Terapontidae_Scortum_barcoo|Eupercaria_Centrarchiformes_Terapontidae_Scortum_hillii|Eupercaria_Centrarchiformes_Terapontidae_Scortum_ogilbyi|Eupercaria_Centrarchiformes_Terapontidae_Scortum_parviceps|Eupercaria_Centrarchiformes_Terapontidae_Syncomistes_bonapartensis|Eupercaria_Centrarchiformes_Terapontidae_Syncomistes_butleri|Eupercaria_Centrarchiformes_Terapontidae_Syncomistes_carcharus|Eupercaria_Centrarchiformes_Terapontidae_Syncomistes_dilliensis|Eupercaria_Centrarchiformes_Terapontidae_Syncomistes_holsworthi|Eupercaria_Centrarchiformes_Terapontidae_Syncomistes_kimberleyensis|Eupercaria_Centrarchiformes_Terapontidae_Syncomistes_moranensis|Eupercaria_Centrarchiformes_Terapontidae_Syncomistes_rastellus|Eupercaria_Centrarchiformes_Terapontidae_Syncomistes_trigonicus|Eupercaria_Centrarchiformes_Terapontidae_Syncomistes_versicolor|Eupercaria_Centrarchiformes_Terapontidae_Syncomistes_wunambal|Terapontidae_Bidyanus_bidyanus|Terapontidae_Hephaestus_jenkinsi",2.440211364,135,136,0.004095,0.00167813332091343,-6.39007322182069,"chronos_relaxed"
"clade:Eupercaria_Centrarchiformes_Terapontidae_Bidyanus_welchi|Terapontidae_Bidyanus_bidyanus",10.98095114,136,154,0.006982,0.000635828345922319,-7.36058192740128,"chronos_relaxed"
"clade:Eupercaria_Centrarchiformes_Terapontidae_Hannia_greenwayi|Eupercaria_Centrarchiformes_Terapontidae_Leiopotherapon_aheneus",5.368465,118,122,0.005418,0.00100922703230812,-6.89857055567807,"chronos_relaxed"
"clade:Eupercaria_Centrarchiformes_Terapontidae_Helotes_octolineatus|Eupercaria_Centrarchiformes_Terapontidae_Pelates_sexlineatus|Terapontidae_Pelates_quadrilineatus",4.8316185,132,133,0.010426,0.00215786904533129,-6.13863409733723,"chronos_relaxed"
"clade:Eupercaria_Centrarchiformes_Terapontidae_Helotes_octolineatus|Eupercaria_Centrarchiformes_Terapontidae_Pelates_sexlineatus|Terapontidae_Pelates_quadrilineatus|Terapontidae_Terapon_puta|Terapontidae_Terapon_theraps",4.8316185,113,131,0.004353,0.000900940337073384,-7.01207152111298,"chronos_relaxed"
"clade:Eupercaria_Centrarchiformes_Terapontidae_Helotes_octolineatus|Eupercaria_Centrarchiformes_Terapontidae_Pelates_sexlineatus|Terapontidae_Pelates_quadrilineatus|Terapontidae_Terapon_theraps",4.8316185,131,132,0.005295,0.00109590606129188,-6.81617380462977,"chronos_relaxed"
"clade:Eupercaria_Centrarchiformes_Terapontidae_Hephaestus_carbo|Eupercaria_Centrarchiformes_Terapontidae_Hephaestus_habbemai",6.263209167,126,127,0.003908,0.000623961278603104,-7.37942224504091,"chronos_relaxed"
"clade:Eupercaria_Centrarchiformes_Terapontidae_Hephaestus_carbo|Eupercaria_Centrarchiformes_Terapontidae_Hephaestus_habbemai|Eupercaria_Centrarchiformes_Terapontidae_Hephaestus_transmontanus",6.263209167,115,126,0.018362,0.00293172389910701,-5.83216466749994,"chronos_relaxed"
"clade:Eupercaria_Centrarchiformes_Terapontidae_Hephaestus_epirrhinos|Eupercaria_Centrarchiformes_Terapontidae_Hephaestus_tulliensis|Eupercaria_Centrarchiformes_Terapontidae_Scortum_barcoo|Eupercaria_Centrarchiformes_Terapontidae_Scortum_hillii|Eupercaria_Centrarchiformes_Terapontidae_Scortum_ogilbyi|Eupercaria_Centrarchiformes_Terapontidae_Scortum_parviceps|Eupercaria_Centrarchiformes_Terapontidae_Syncomistes_bonapartensis|Eupercaria_Centrarchiformes_Terapontidae_Syncomistes_butleri|Eupercaria_Centrarchiformes_Terapontidae_Syncomistes_carcharus|Eupercaria_Centrarchiformes_Terapontidae_Syncomistes_dilliensis|Eupercaria_Centrarchiformes_Terapontidae_Syncomistes_holsworthi|Eupercaria_Centrarchiformes_Terapontidae_Syncomistes_kimberleyensis|Eupercaria_Centrarchiformes_Terapontidae_Syncomistes_moranensis|Eupercaria_Centrarchiformes_Terapontidae_Syncomistes_rastellus|Eupercaria_Centrarchiformes_Terapontidae_Syncomistes_trigonicus|Eupercaria_Centrarchiformes_Terapontidae_Syncomistes_versicolor|Eupercaria_Centrarchiformes_Terapontidae_Syncomistes_wunambal|Terapontidae_Hephaestus_jenkinsi",2.440211364,136,137,0.003032,0.00124251531843944,-6.69061747134559,"chronos_relaxed"
"clade:Eupercaria_Centrarchiformes_Terapontidae_Hephaestus_epirrhinos|Terapontidae_Hephaestus_jenkinsi",9.760845455,137,153,0.002604,0.000266780168993056,-8.22908557579684,"chronos_relaxed"
"clade:Eupercaria_Centrarchiformes_Terapontidae_Hephaestus_tulliensis|Eupercaria_Centrarchiformes_Terapontidae_Scortum_barcoo|Eupercaria_Centrarchiformes_Terapontidae_Scortum_hillii|Eupercaria_Centrarchiformes_Terapontidae_Scortum_ogilbyi|Eupercaria_Centrarchiformes_Terapontidae_Scortum_parviceps|Eupercaria_Centrarchiformes_Terapontidae_Syncomistes_bonapartensis|Eupercaria_Centrarchiformes_Terapontidae_Syncomistes_butleri|Eupercaria_Centrarchiformes_Terapontidae_Syncomistes_carcharus|Eupercaria_Centrarchiformes_Terapontidae_Syncomistes_dilliensis|Eupercaria_Centrarchiformes_Terapontidae_Syncomistes_holsworthi|Eupercaria_Centrarchiformes_Terapontidae_Syncomistes_kimberleyensis|Eupercaria_Centrarchiformes_Terapontidae_Syncomistes_moranensis|Eupercaria_Centrarchiformes_Terapontidae_Syncomistes_rastellus|Eupercaria_Centrarchiformes_Terapontidae_Syncomistes_trigonicus|Eupercaria_Centrarchiformes_Terapontidae_Syncomistes_versicolor|Eupercaria_Centrarchiformes_Terapontidae_Syncomistes_wunambal",2.440211364,137,138,0.00059,0.000241782334392899,-8.32747268120809,"chronos_relaxed"
"clade:Eupercaria_Centrarchiformes_Terapontidae_Leiopotherapon_macrolepis|Eupercaria_Centrarchiformes_Terapontidae_Leiopotherapon_unicolor|Eupercaria_Centrarchiformes_Terapontidae_Variichthys_lacustris",4.473720833,117,123,0.000428,9.56698050631359e-05,-9.25460782587285,"chronos_relaxed"
"clade:Eupercaria_Centrarchiformes_Terapontidae_Leiopotherapon_macrolepis|Eupercaria_Centrarchiformes_Terapontidae_Variichthys_lacustris",4.473720833,123,124,0.003515,0.0007856994504601,-7.14893621720988,"chronos_relaxed"
"clade:Eupercaria_Centrarchiformes_Terapontidae_Mesopristes_argenteus|Eupercaria_Centrarchiformes_Terapontidae_Mesopristes_cancellatus|Eupercaria_Centrarchiformes_Terapontidae_Pelsartia_humeralis|Eupercaria_Centrarchiformes_Terapontidae_Rhynchopelates_oxyrhynchus",5.368465,114,128,0.001714,0.000319271896156536,-8.04946747916538,"chronos_relaxed"
"clade:Eupercaria_Centrarchiformes_Terapontidae_Mesopristes_argenteus|Eupercaria_Centrarchiformes_Terapontidae_Mesopristes_cancellatus|Eupercaria_Centrarchiformes_Terapontidae_Rhynchopelates_oxyrhynchus",5.368465,128,129,0.006106,0.00113738284593455,-6.77902540502828,"chronos_relaxed"
"clade:Eupercaria_Centrarchiformes_Terapontidae_Mesopristes_argenteus|Eupercaria_Centrarchiformes_Terapontidae_Rhynchopelates_oxyrhynchus",5.368465,129,130,0.002778,0.000517466352113686,-7.56656605500882,"chronos_relaxed"
"clade:Eupercaria_Centrarchiformes_Terapontidae_Pelates_sexlineatus|Terapontidae_Pelates_quadrilineatus",4.8316185,133,134,0.022158,0.00458604088878292,-5.38473817858466,"chronos_relaxed"
"clade:Eupercaria_Centrarchiformes_Terapontidae_Pingalla_gilberti|Eupercaria_Centrarchiformes_Terapontidae_Pingalla_lorentzi|Eupercaria_Centrarchiformes_Terapontidae_Pingalla_midgleyi",8.134037879,135,155,0.008525,0.00104806494963705,-6.86080972015913,"chronos_relaxed"
"clade:Eupercaria_Centrarchiformes_Terapontidae_Pingalla_lorentzi|Eupercaria_Centrarchiformes_Terapontidae_Pingalla_midgleyi",8.134037879,155,156,0.001879,0.00023100457951531,-8.37307302289739,"chronos_relaxed"
"clade:Eupercaria_Centrarchiformes_Terapontidae_Scortum_barcoo|Eupercaria_Centrarchiformes_Terapontidae_Scortum_hillii|Eupercaria_Centrarchiformes_Terapontidae_Scortum_ogilbyi|Eupercaria_Centrarchiformes_Terapontidae_Scortum_parviceps",4.880422727,139,150,0.001066,0.000218423702131899,-8.42907379373711,"chronos_relaxed"
"clade:Eupercaria_Centrarchiformes_Terapontidae_Scortum_barcoo|Eupercaria_Centrarchiformes_Terapontidae_Scortum_hillii|Eupercaria_Centrarchiformes_Terapontidae_Scortum_ogilbyi|Eupercaria_Centrarchiformes_Terapontidae_Scortum_parviceps|Eupercaria_Centrarchiformes_Terapontidae_Syncomistes_bonapartensis|Eupercaria_Centrarchiformes_Terapontidae_Syncomistes_butleri|Eupercaria_Centrarchiformes_Terapontidae_Syncomistes_carcharus|Eupercaria_Centrarchiformes_Terapontidae_Syncomistes_dilliensis|Eupercaria_Centrarchiformes_Terapontidae_Syncomistes_holsworthi|Eupercaria_Centrarchiformes_Terapontidae_Syncomistes_kimberleyensis|Eupercaria_Centrarchiformes_Terapontidae_Syncomistes_moranensis|Eupercaria_Centrarchiformes_Terapontidae_Syncomistes_rastellus|Eupercaria_Centrarchiformes_Terapontidae_Syncomistes_trigonicus|Eupercaria_Centrarchiformes_Terapontidae_Syncomistes_versicolor|Eupercaria_Centrarchiformes_Terapontidae_Syncomistes_wunambal",2.440211364,138,139,0.000182,7.45837031517078e-05,-9.50358853103106,"chronos_relaxed"
"clade:Eupercaria_Centrarchiformes_Terapontidae_Scortum_barcoo|Eupercaria_Centrarchiformes_Terapontidae_Scortum_ogilbyi",4.880422727,150,152,0.005315,0.00108904500640811,-6.82245410768685,"chronos_relaxed"
"clade:Eupercaria_Centrarchiformes_Terapontidae_Scortum_hillii|Eupercaria_Centrarchiformes_Terapontidae_Scortum_parviceps",4.880422727,150,151,0.004157,0.000851770478201037,-7.06819345921026,"chronos_relaxed"
"clade:Eupercaria_Centrarchiformes_Terapontidae_Syncomistes_bonapartensis|Eupercaria_Centrarchiformes_Terapontidae_Syncomistes_butleri",3.660317045,142,146,0.001273,0.000347784081091806,-7.96392872738541,"chronos_relaxed"
"clade:Eupercaria_Centrarchiformes_Terapontidae_Syncomistes_bonapartensis|Eupercaria_Centrarchiformes_Terapontidae_Syncomistes_butleri|Eupercaria_Centrarchiformes_Terapontidae_Syncomistes_carcharus|Eupercaria_Centrarchiformes_Terapontidae_Syncomistes_dilliensis|Eupercaria_Centrarchiformes_Terapontidae_Syncomistes_holsworthi|Eupercaria_Centrarchiformes_Terapontidae_Syncomistes_kimberleyensis|Eupercaria_Centrarchiformes_Terapontidae_Syncomistes_moranensis|Eupercaria_Centrarchiformes_Terapontidae_Syncomistes_rastellus|Eupercaria_Centrarchiformes_Terapontidae_Syncomistes_trigonicus|Eupercaria_Centrarchiformes_Terapontidae_Syncomistes_versicolor|Eupercaria_Centrarchiformes_Terapontidae_Syncomistes_wunambal",2.440211364,139,140,0.001887,0.000773293669490509,-7.1648516727393,"chronos_relaxed"
"clade:Eupercaria_Centrarchiformes_Terapontidae_Syncomistes_bonapartensis|Eupercaria_Centrarchiformes_Terapontidae_Syncomistes_butleri|Eupercaria_Centrarchiformes_Terapontidae_Syncomistes_carcharus|Eupercaria_Centrarchiformes_Terapontidae_Syncomistes_dilliensis|Eupercaria_Centrarchiformes_Terapontidae_Syncomistes_holsworthi|Eupercaria_Centrarchiformes_Terapontidae_Syncomistes_kimberleyensis|Eupercaria_Centrarchiformes_Terapontidae_Syncomistes_rastellus|Eupercaria_Centrarchiformes_Terapontidae_Syncomistes_trigonicus|Eupercaria_Centrarchiformes_Terapontidae_Syncomistes_versicolor|Eupercaria_Centrarchiformes_Terapontidae_Syncomistes_wunambal",2.440211364,140,141,0.00037,0.000151626209704021,-8.79409221246959,"chronos_relaxed"
"clade:Eupercaria_Centrarchiformes_Terapontidae_Syncomistes_bonapartensis|Eupercaria_Centrarchiformes_Terapontidae_Syncomistes_butleri|Eupercaria_Centrarchiformes_Terapontidae_Syncomistes_kimberleyensis|Eupercaria_Centrarchiformes_Terapontidae_Syncomistes_rastellus|Eupercaria_Centrarchiformes_Terapontidae_Syncomistes_trigonicus|Eupercaria_Centrarchiformes_Terapontidae_Syncomistes_wunambal",2.440211364,141,142,1e-06,4.09800566767625e-07,-14.7075952181079,"chronos_relaxed"
"clade:Eupercaria_Centrarchiformes_Terapontidae_Syncomistes_carcharus|Eupercaria_Centrarchiformes_Terapontidae_Syncomistes_dilliensis|Eupercaria_Centrarchiformes_Terapontidae_Syncomistes_holsworthi|Eupercaria_Centrarchiformes_Terapontidae_Syncomistes_versicolor",3.253615152,141,147,0.000876,0.00026923897236633,-8.21991119962325,"chronos_relaxed"
"clade:Eupercaria_Centrarchiformes_Terapontidae_Syncomistes_carcharus|Eupercaria_Centrarchiformes_Terapontidae_Syncomistes_versicolor",3.253615152,147,149,0.001736,0.000533560337931448,-7.53593839533934,"chronos_relaxed"
"clade:Eupercaria_Centrarchiformes_Terapontidae_Syncomistes_dilliensis|Eupercaria_Centrarchiformes_Terapontidae_Syncomistes_holsworthi",3.253615152,147,148,1e-06,3.07350425075719e-07,-14.9952772905596,"chronos_relaxed"
"clade:Eupercaria_Centrarchiformes_Terapontidae_Syncomistes_kimberleyensis|Eupercaria_Centrarchiformes_Terapontidae_Syncomistes_rastellus",2.440211364,143,145,0.00041,0.000168018232374726,-8.6914380584095,"chronos_relaxed"
"clade:Eupercaria_Centrarchiformes_Terapontidae_Syncomistes_kimberleyensis|Eupercaria_Centrarchiformes_Terapontidae_Syncomistes_rastellus|Eupercaria_Centrarchiformes_Terapontidae_Syncomistes_trigonicus|Eupercaria_Centrarchiformes_Terapontidae_Syncomistes_wunambal",2.440211364,142,143,0.000839,0.000343822675518038,-7.97538451164065,"chronos_relaxed"
"clade:Eupercaria_Centrarchiformes_Terapontidae_Syncomistes_trigonicus|Eupercaria_Centrarchiformes_Terapontidae_Syncomistes_wunambal",2.440211364,143,144,0.000768,0.000314726835277536,-8.06380548496018,"chronos_relaxed"
"clade:Kyphosidae_Kyphosus_pacificus|Kyphosidae_Kyphosus_sectatrix",1.45706,173,174,0.000928,0.000636898960921307,-7.35889953205114,"chronos_relaxed"
"tip:Centrarchidae_Lepomis_macrochirus",70.23057333,208,105,0.022586,0.000321597830247985,-8.04220876742356,"chronos_relaxed"
"tip:Centrarchidae_Micropterus_dolomieu",35.11528667,209,103,0.003348,9.53430917840204e-05,-9.25802867968025,"chronos_relaxed"
"tip:Centrarchidae_Micropterus_salmoides",35.11528667,209,104,0.003338,9.50583155242115e-05,-9.26102000706784,"chronos_relaxed"
"tip:Eupercaria_Centrarchiformes_Dichistiidae_Dichistius_capensis",8.972881778,184,76,0.012183,0.00135775777519667,-6.6019206345353,"chronos_relaxed"
"tip:Eupercaria_Centrarchiformes_Dichistiidae_Dichistius_multifasciatus",8.972881778,184,75,0.032336,0.00360374746932278,-5.62578101124631,"chronos_relaxed"
"tip:Eupercaria_Centrarchiformes_Girellidae_Girella_cyanea",12.12182667,196,86,0.000761,6.27793170713602e-05,-9.67588488473388,"chronos_relaxed"
"tip:Eupercaria_Centrarchiformes_Girellidae_Girella_fimbriata",18.18274,202,95,1e-06,5.49972116413698e-08,-16.7159833504287,"chronos_relaxed"
"tip:Eupercaria_Centrarchiformes_Girellidae_Girella_laevifrons",24.24365333,194,89,0.012285,0.000506730558830343,-7.58753113778775,"chronos_relaxed"
"tip:Eupercaria_Centrarchiformes_Girellidae_Girella_leonina",7.576141667,201,91,1e-06,1.3199330793348e-07,-15.8405146131188,"chronos_relaxed"
"tip:Eupercaria_Centrarchiformes_Girellidae_Girella_melanichthys",7.576141667,201,90,0.000549,7.24643260554806e-05,-9.53241617160931,"chronos_relaxed"
"tip:Eupercaria_Centrarchiformes_Girellidae_Girella_mezina",15.15228333,200,92,0.011373,0.000750579945761877,-7.19466438923035,"chronos_relaxed"
"tip:Eupercaria_Centrarchiformes_Girellidae_Girella_nebulosa",18.18274,202,94,0.001414,7.77660572608969e-05,-9.46180550397222,"chronos_relaxed"
"tip:Eupercaria_Centrarchiformes_Girellidae_Girella_nigricans",9.09137,198,88,0.003097,0.000340652728906644,-7.98464698989559,"chronos_relaxed"
"tip:Eupercaria_Centrarchiformes_Girellidae_Girella_punctata",22.728425,199,93,0.006637,0.000292013194931017,-8.13871156859702,"chronos_relaxed"
"tip:Eupercaria_Centrarchiformes_Girellidae_Girella_simplicidens",9.09137,198,87,0.001983,0.000218118941369673,-8.430470041349,"chronos_relaxed"
"tip:Eupercaria_Centrarchiformes_Girellidae_Girella_tricuspidata",6.060913333,197,85,0.007605,0.00125476138366686,-6.68080985701224,"chronos_relaxed"
"tip:Eupercaria_Centrarchiformes_Girellidae_Girella_zebra",6.060913333,197,84,0.013903,0.00229387870047605,-6.07751113853609,"chronos_relaxed"
"tip:Eupercaria_Centrarchiformes_Girellidae_Graus_nigra",42.42639333,191,96,0.039409,0.000928879334462155,-6.98153171514075,"chronos_relaxed"
"tip:Eupercaria_Centrarchiformes_Kuhliidae_Kuhlia_caudavittata",23.00770714,158,58,0.024914,0.00108285453428281,-6.82815463735973,"chronos_relaxed"
"tip:Eupercaria_Centrarchiformes_Kuhliidae_Kuhlia_mugil",4.601541429,166,53,0.001613,0.00035053471209332,-7.95605082046378,"chronos_relaxed"
"tip:Eupercaria_Centrarchiformes_Kuhliidae_Kuhlia_munda",27.60924857,157,59,0.040495,0.00146671865760235,-6.52472757898907,"chronos_relaxed"
"tip:Eupercaria_Centrarchiformes_Kuhliidae_Kuhlia_nutabunda",4.601541429,167,55,0.001507,0.000327498952960095,-8.02402569996249,"chronos_relaxed"
"tip:Eupercaria_Centrarchiformes_Kuhliidae_Kuhlia_rupestris",6.902312143,163,52,0.007721,0.00111861066843091,-6.79566783831589,"chronos_relaxed"
"tip:Eupercaria_Centrarchiformes_Kuhliidae_Kuhlia_salelea",4.601541429,162,48,0.004538,0.000986191273080897,-6.9216602332492,"chronos_relaxed"
"tip:Eupercaria_Centrarchiformes_Kuhliidae_Kuhlia_sandvicensis",4.601541429,167,56,0.001505,0.000327064315995317,-8.02535372140601,"chronos_relaxed"
"tip:Eupercaria_Centrarchiformes_Kuhliidae_Kuhlia_sauvagii",6.902312143,163,51,0.015541,0.00225156435670052,-6.0961300347091,"chronos_relaxed"
"tip:Eupercaria_Centrarchiformes_Kyphosidae_Kyphosus_azureus",12.84589083,177,70,0.017991,0.0014005256807869,-6.57090762656189,"chronos_relaxed"
"tip:Eupercaria_Centrarchiformes_Kyphosidae_Kyphosus_bigibbus",2.91412,173,62,0.002216,0.000760435397306906,-7.18161939753011,"chronos_relaxed"
"tip:Eupercaria_Centrarchiformes_Kyphosidae_Kyphosus_cornelii",12.84589083,177,69,0.015082,0.00117407194250615,-6.74727727963592,"chronos_relaxed"
"tip:Eupercaria_Centrarchiformes_Kyphosidae_Kyphosus_hawaiiensis",4.856866667,175,67,0.001403,0.000288869367061832,-8.14953598912945,"chronos_relaxed"
"tip:Eupercaria_Centrarchiformes_Kyphosidae_Kyphosus_ocyurus",2.428433333,176,65,0.001931,0.000795162862311115,-7.13696360603755,"chronos_relaxed"
"tip:Eupercaria_Centrarchiformes_Kyphosidae_Kyphosus_sydneyanus",16.48854083,169,68,0.006616,0.000401248362011667,-7.82092996574229,"chronos_relaxed"
"tip:Eupercaria_Centrarchiformes_Microcanthidae_Microcanthus_strigatus",13.45932267,181,73,0.041516,0.00308455343689297,-5.78134838513559,"chronos_relaxed"
"tip:Eupercaria_Centrarchiformes_Microcanthidae_Neatypus_obliquus",6.729661333,182,71,0.031782,0.00472267450431001,-5.35538000759105,"chronos_relaxed"
"tip:Eupercaria_Centrarchiformes_Microcanthidae_Tilodon_sexfasciatus",6.729661333,182,72,0.020591,0.00305973792455627,-5.78942601225549,"chronos_relaxed"
"tip:Eupercaria_Centrarchiformes_Oplegnathidae_Oplegnathus_conwayi",17.94576356,183,77,0.04296,0.00239387975085971,-6.0348399024898,"chronos_relaxed"
"tip:Eupercaria_Centrarchiformes_Oplegnathidae_Oplegnathus_fasciatus",9.27934,188,80,0.004583,0.00049389288462326,-7.61319189703441,"chronos_relaxed"
"tip:Eupercaria_Centrarchiformes_Oplegnathidae_Oplegnathus_insignis",18.55868,186,82,0.044127,0.0023777014313518,-6.04162104311602,"chronos_relaxed"
"tip:Eupercaria_Centrarchiformes_Oplegnathidae_Oplegnathus_peaolopesi",4.63967,189,79,0.002902,0.000625475518733013,-7.37699836753945,"chronos_relaxed"
"tip:Eupercaria_Centrarchiformes_Oplegnathidae_Oplegnathus_robinsoni",4.63967,189,78,1e-06,2.15532570204346e-07,-15.3501538009836,"chronos_relaxed"
"tip:Eupercaria_Centrarchiformes_Scorpididae_Labracoglossa_argenteiventris",38.78984533,203,102,0.046588,0.0012010359825789,-6.72457077581778,"chronos_relaxed"
"tip:Eupercaria_Centrarchiformes_Scorpididae_Medialuna_californiensis",14.546192,207,101,0.015051,0.00103470379051782,-6.87364008596217,"chronos_relaxed"
"tip:Eupercaria_Centrarchiformes_Scorpididae_Scorpis_georgiana",14.546192,207,100,0.030009,0.00206301415518233,-6.18358718346124,"chronos_relaxed"
"tip:Eupercaria_Centrarchiformes_Scorpididae_Scorpis_lineolata",9.697461333,206,98,0.002596,0.000267698927673569,-8.22564761314801,"chronos_relaxed"
"tip:Eupercaria_Centrarchiformes_Scorpididae_Scorpis_violacea",9.697461333,206,97,0.002214,0.000228307174834084,-8.38481857770341,"chronos_relaxed"
"tip:Eupercaria_Centrarchiformes_Terapontidae_Amniataba_affinis",2.6842325,121,1,0.004459,0.00166118247953558,-6.40022559313569,"chronos_relaxed"
"tip:Eupercaria_Centrarchiformes_Terapontidae_Amniataba_caudavittata",8.0526975,119,4,0.007469,0.000927515282922275,-6.9830012860742,"chronos_relaxed"
"tip:Eupercaria_Centrarchiformes_Terapontidae_Amniataba_percoides",8.0526975,125,10,0.000531,6.59406366624352e-05,-9.62675566518933,"chronos_relaxed"
"tip:Eupercaria_Centrarchiformes_Terapontidae_Bidyanus_welchi",10.98095114,154,42,0.005346,0.000486843073231268,-7.6275687183674,"chronos_relaxed"
"tip:Eupercaria_Centrarchiformes_Terapontidae_Hannia_greenwayi",5.368465,122,6,0.005887,0.0010965890622366,-6.81555076929485,"chronos_relaxed"
"tip:Eupercaria_Centrarchiformes_Terapontidae_Helotes_octolineatus",9.663237,133,21,0.034201,0.00353929019851216,-5.64382908083592,"chronos_relaxed"
"tip:Eupercaria_Centrarchiformes_Terapontidae_Hephaestus_carbo",6.263209167,127,12,0.000233,3.72013761296119e-05,-10.1991648046379,"chronos_relaxed"
"tip:Eupercaria_Centrarchiformes_Terapontidae_Hephaestus_epirrhinos",9.760845455,153,40,0.000586,6.00357830376078e-05,-9.72056978954828,"chronos_relaxed"
"tip:Eupercaria_Centrarchiformes_Terapontidae_Hephaestus_habbemai",6.263209167,127,13,7e-04,0.000111763790947332,-9.09912292316018,"chronos_relaxed"
"tip:Eupercaria_Centrarchiformes_Terapontidae_Hephaestus_transmontanus",12.52641833,126,14,0.008332,0.000665154218907521,-7.31549163606334,"chronos_relaxed"
"tip:Eupercaria_Centrarchiformes_Terapontidae_Hephaestus_tulliensis",17.08147955,138,39,0.002882,0.000168720747612287,-8.68726559072079,"chronos_relaxed"
"tip:Eupercaria_Centrarchiformes_Terapontidae_Lagusia_micracanthus",5.368465,120,3,0.018915,0.00352335350980215,-5.64834204125598,"chronos_relaxed"
"tip:Eupercaria_Centrarchiformes_Terapontidae_Leiopotherapon_aheneus",5.368465,122,5,0.008311,0.00154811477768785,-6.47071736077008,"chronos_relaxed"
"tip:Eupercaria_Centrarchiformes_Terapontidae_Leiopotherapon_macrolepis",4.473720833,124,7,0.013211,0.00295302288478759,-5.82492592657629,"chronos_relaxed"
"tip:Eupercaria_Centrarchiformes_Terapontidae_Leiopotherapon_plumbeus",2.6842325,121,2,0.007277,0.00271101702255673,-5.91043142941608,"chronos_relaxed"
"tip:Eupercaria_Centrarchiformes_Terapontidae_Leiopotherapon_unicolor",8.947441667,123,9,0.004394,0.000491090097430417,-7.6188829491818,"chronos_relaxed"
"tip:Eupercaria_Centrarchiformes_Terapontidae_Mesopristes_argenteus",5.368465,130,16,0.007666,0.00142796870241307,-6.55150233238261,"chronos_relaxed"
"tip:Eupercaria_Centrarchiformes_Terapontidae_Mesopristes_cancellatus",10.73693,129,17,0.018249,0.001699647850922,-6.37733419589424,"chronos_relaxed"
"tip:Eupercaria_Centrarchiformes_Terapontidae_Pelates_sexlineatus",4.8316185,134,19,0.008957,0.00185383013994172,-6.29050143419009,"chronos_relaxed"
"tip:Eupercaria_Centrarchiformes_Terapontidae_Pelsartia_humeralis",16.105395,128,18,0.021582,0.00134004785352983,-6.61504995406754,"chronos_relaxed"
"tip:Eupercaria_Centrarchiformes_Terapontidae_Pingalla_gilberti",16.26807576,155,46,0.011452,0.000703955413593427,-7.25879553677573,"chronos_relaxed"
"tip:Eupercaria_Centrarchiformes_Terapontidae_Pingalla_lorentzi",8.134037879,156,45,0.006642,0.000816568609441559,-7.11039962037416,"chronos_relaxed"
"tip:Eupercaria_Centrarchiformes_Terapontidae_Pingalla_midgleyi",8.134037879,156,44,0.003993,0.00049090009899129,-7.61926991524763,"chronos_relaxed"
"tip:Eupercaria_Centrarchiformes_Terapontidae_Rhynchopelates_oxyrhynchus",5.368465,130,15,0.02682,0.00499584145561161,-5.29914942148744,"chronos_relaxed"
"tip:Eupercaria_Centrarchiformes_Terapontidae_Scortum_barcoo",4.880422727,152,38,1e-06,2.04900283425797e-07,-15.4007423984629,"chronos_relaxed"
"tip:Eupercaria_Centrarchiformes_Terapontidae_Scortum_hillii",4.880422727,151,35,0.001674,0.000343003074454784,-7.97777114741348,"chronos_relaxed"
"tip:Eupercaria_Centrarchiformes_Terapontidae_Scortum_ogilbyi",4.880422727,152,37,1e-06,2.04900283425797e-07,-15.4007423984629,"chronos_relaxed"
"tip:Eupercaria_Centrarchiformes_Terapontidae_Scortum_parviceps",4.880422727,151,36,0.001147,0.000235020625089389,-8.35583728133353,"chronos_relaxed"
"tip:Eupercaria_Centrarchiformes_Terapontidae_Syncomistes_bonapartensis",3.660317045,146,28,0.001747,0.000477281060225754,-7.64740501580876,"chronos_relaxed"
"tip:Eupercaria_Centrarchiformes_Terapontidae_Syncomistes_butleri",3.660317045,146,29,0.000943,0.000257627956378298,-8.26399404330936,"chronos_relaxed"
"tip:Eupercaria_Centrarchiformes_Terapontidae_Syncomistes_carcharus",3.253615152,149,33,0.00478,0.00146913503186194,-6.52308146507413,"chronos_relaxed"
"tip:Eupercaria_Centrarchiformes_Terapontidae_Syncomistes_dilliensis",3.253615152,148,30,0.004834,0.00148573195481603,-6.51184772929621,"chronos_relaxed"
"tip:Eupercaria_Centrarchiformes_Terapontidae_Syncomistes_holsworthi",3.253615152,148,31,0.000859,0.000264014015140043,-8.23950836857538,"chronos_relaxed"
"tip:Eupercaria_Centrarchiformes_Terapontidae_Syncomistes_kimberleyensis",2.440211364,145,27,1e-06,4.09800566767625e-07,-14.7075952181079,"chronos_relaxed"
"tip:Eupercaria_Centrarchiformes_Terapontidae_Syncomistes_moranensis",12.20105682,140,34,0.002611,0.000213997855966054,-8.44954456184283,"chronos_relaxed"
"tip:Eupercaria_Centrarchiformes_Terapontidae_Syncomistes_rastellus",2.440211364,145,26,0.001262,0.000517168315260743,-7.5671421750067,"chronos_relaxed"
"tip:Eupercaria_Centrarchiformes_Terapontidae_Syncomistes_trigonicus",2.440211364,144,25,0.001135,0.000465123643281255,-7.67320728819235,"chronos_relaxed"
"tip:Eupercaria_Centrarchiformes_Terapontidae_Syncomistes_versicolor",3.253615152,149,32,1e-06,3.07350425075719e-07,-14.9952772905596,"chronos_relaxed"
"tip:Eupercaria_Centrarchiformes_Terapontidae_Syncomistes_wunambal",2.440211364,144,24,0.001737,0.000711823584475365,-7.24768045186675,"chronos_relaxed"
"tip:Eupercaria_Centrarchiformes_Terapontidae_Variichthys_lacustris",4.473720833,124,8,0.005728,0.00128036598925617,-6.66060931281416,"chronos_relaxed"
"tip:Kuhliidae_Kuhlia_malo",4.601541429,162,49,0.003259,0.000708240934105475,-7.25272621975142,"chronos_relaxed"
"tip:Kuhliidae_Kuhlia_marginata",9.203082857,161,50,0.001015,0.000110289129824358,-9.11240518756438,"chronos_relaxed"
"tip:Kuhliidae_Kuhlia_petiti",4.601541429,166,54,0.001621,0.000352273259952431,-7.95110337685331,"chronos_relaxed"
"tip:Kuhliidae_Kuhlia_xenura",13.80462429,164,57,0.005143,0.000372556318227767,-7.8951223416995,"chronos_relaxed"
"tip:Kyphosidae_Kyphosus_cinerascens",4.37118,172,63,0.003823,0.000874592215374338,-7.04175281980904,"chronos_relaxed"
"tip:Kyphosidae_Kyphosus_elegans",5.82824,171,64,0.004243,0.000728007082755686,-7.22519978075491,"chronos_relaxed"
"tip:Kyphosidae_Kyphosus_pacificus",1.45706,174,61,0.001275,0.000875049757731322,-7.04122980724481,"chronos_relaxed"
"tip:Kyphosidae_Kyphosus_sectatrix",1.45706,174,60,0.001341,0.000920346451072708,-6.99076038155566,"chronos_relaxed"
"tip:Kyphosidae_Kyphosus_vaigiensis",2.428433333,176,66,0.000538,0.000221542009281916,-8.41489832830428,"chronos_relaxed"
"tip:Oplegnathidae_Oplegnathus_punctatus",13.91901,187,81,0.008042,0.000577770976527785,-7.45633300219448,"chronos_relaxed"
"tip:Oplegnathidae_Oplegnathus_woodwardi",23.19835,185,83,0.013728,0.000591766224753054,-7.43239889168994,"chronos_relaxed"
"tip:Scorpididae_Atypichthys_strigatus",20.188984,180,74,0.006361,0.00031507281396627,-8.06270679040247,"chronos_relaxed"
"tip:Scorpididae_Scorpis_aequipinnis",19.39492267,205,99,0.004848,0.000249962326867066,-8.29420034398903,"chronos_relaxed"
"tip:Terapontidae_Bidyanus_bidyanus",10.98095114,154,43,1e-06,9.10667925984415e-08,-16.2116726150663,"chronos_relaxed"
"tip:Terapontidae_Hephaestus_fuliginosus",8.0526975,125,11,0.001587,0.000197076818047617,-8.53191696590486,"chronos_relaxed"
"tip:Terapontidae_Hephaestus_jenkinsi",9.760845455,153,41,0.003504,0.000358985296525218,-7.93222912706901,"chronos_relaxed"
"tip:Terapontidae_Pelates_quadrilineatus",4.8316185,134,20,0.012288,0.00254324715413686,-5.97431360727783,"chronos_relaxed"
"tip:Terapontidae_Terapon_jarbua",29.5265575,111,47,0.039468,0.00133669493980123,-6.61755517458448,"chronos_relaxed"
"tip:Terapontidae_Terapon_puta",19.326474,131,23,0.035678,0.00184606876556996,-6.29469689247396,"chronos_relaxed"
"tip:Terapontidae_Terapon_theraps",14.4948555,132,22,0.033478,0.00230964703304562,-6.07066056567083,"chronos_relaxed"
"clade:Centrarchidae_Lepomis_macrochirus|Centrarchidae_Micropterus_dolomieu|Centrarchidae_Micropterus_salmoides",59.399538,106,208,0.027243,0.000458639930835826,-7.68724512016691,"treePL"
"clade:Centrarchidae_Micropterus_dolomieu|Centrarchidae_Micropterus_salmoides",38.201998,208,209,0.014861,0.000389011066908071,-7.85190276511537,"treePL"
"clade:Eupercaria_Centrarchiformes_Dichistiidae_Dichistius_capensis|Eupercaria_Centrarchiformes_Dichistiidae_Dichistius_multifasciatus",21.247053,183,184,0.025626,0.00120609667608962,-6.72036602129495,"treePL"
"clade:Eupercaria_Centrarchiformes_Dichistiidae_Dichistius_capensis|Eupercaria_Centrarchiformes_Dichistiidae_Dichistius_multifasciatus|Eupercaria_Centrarchiformes_Girellidae_Girella_cyanea|Eupercaria_Centrarchiformes_Girellidae_Girella_fimbriata|Eupercaria_Centrarchiformes_Girellidae_Girella_laevifrons|Eupercaria_Centrarchiformes_Girellidae_Girella_leonina|Eupercaria_Centrarchiformes_Girellidae_Girella_melanichthys|Eupercaria_Centrarchiformes_Girellidae_Girella_mezina|Eupercaria_Centrarchiformes_Girellidae_Girella_nebulosa|Eupercaria_Centrarchiformes_Girellidae_Girella_nigricans|Eupercaria_Centrarchiformes_Girellidae_Girella_punctata|Eupercaria_Centrarchiformes_Girellidae_Girella_simplicidens|Eupercaria_Centrarchiformes_Girellidae_Girella_tricuspidata|Eupercaria_Centrarchiformes_Girellidae_Girella_zebra|Eupercaria_Centrarchiformes_Girellidae_Graus_nigra|Eupercaria_Centrarchiformes_Kuhliidae_Kuhlia_caudavittata|Eupercaria_Centrarchiformes_Kuhliidae_Kuhlia_mugil|Eupercaria_Centrarchiformes_Kuhliidae_Kuhlia_munda|Eupercaria_Centrarchiformes_Kuhliidae_Kuhlia_nutabunda|Eupercaria_Centrarchiformes_Kuhliidae_Kuhlia_rupestris|Eupercaria_Centrarchiformes_Kuhliidae_Kuhlia_salelea|Eupercaria_Centrarchiformes_Kuhliidae_Kuhlia_sandvicensis|Eupercaria_Centrarchiformes_Kuhliidae_Kuhlia_sauvagii|Eupercaria_Centrarchiformes_Kyphosidae_Kyphosus_azureus|Eupercaria_Centrarchiformes_Kyphosidae_Kyphosus_bigibbus|Eupercaria_Centrarchiformes_Kyphosidae_Kyphosus_cornelii|Eupercaria_Centrarchiformes_Kyphosidae_Kyphosus_hawaiiensis|Eupercaria_Centrarchiformes_Kyphosidae_Kyphosus_ocyurus|Eupercaria_Centrarchiformes_Kyphosidae_Kyphosus_sydneyanus|Eupercaria_Centrarchiformes_Microcanthidae_Microcanthus_strigatus|Eupercaria_Centrarchiformes_Microcanthidae_Neatypus_obliquus|Eupercaria_Centrarchiformes_Microcanthidae_Tilodon_sexfasciatus|Eupercaria_Centrarchiformes_Oplegnathidae_Oplegnathus_conwayi|Eupercaria_Centrarchiformes_Oplegnathidae_Oplegnathus_fasciatus|Eupercaria_Centrarchiformes_Oplegnathidae_Oplegnathus_insignis|Eupercaria_Centrarchiformes_Oplegnathidae_Oplegnathus_peaolopesi|Eupercaria_Centrarchiformes_Oplegnathidae_Oplegnathus_robinsoni|Eupercaria_Centrarchiformes_Scorpididae_Labracoglossa_argenteiventris|Eupercaria_Centrarchiformes_Scorpididae_Medialuna_californiensis|Eupercaria_Centrarchiformes_Scorpididae_Scorpis_georgiana|Eupercaria_Centrarchiformes_Scorpididae_Scorpis_lineolata|Eupercaria_Centrarchiformes_Scorpididae_Scorpis_violacea|Eupercaria_Centrarchiformes_Terapontidae_Amniataba_affinis|Eupercaria_Centrarchiformes_Terapontidae_Amniataba_caudavittata|Eupercaria_Centrarchiformes_Terapontidae_Amniataba_percoides|Eupercaria_Centrarchiformes_Terapontidae_Bidyanus_welchi|Eupercaria_Centrarchiformes_Terapontidae_Hannia_greenwayi|Eupercaria_Centrarchiformes_Terapontidae_Helotes_octolineatus|Eupercaria_Centrarchiformes_Terapontidae_Hephaestus_carbo|Eupercaria_Centrarchiformes_Terapontidae_Hephaestus_epirrhinos|Eupercaria_Centrarchiformes_Terapontidae_Hephaestus_habbemai|Eupercaria_Centrarchiformes_Terapontidae_Hephaestus_transmontanus|Eupercaria_Centrarchiformes_Terapontidae_Hephaestus_tulliensis|Eupercaria_Centrarchiformes_Terapontidae_Lagusia_micracanthus|Eupercaria_Centrarchiformes_Terapontidae_Leiopotherapon_aheneus|Eupercaria_Centrarchiformes_Terapontidae_Leiopotherapon_macrolepis|Eupercaria_Centrarchiformes_Terapontidae_Leiopotherapon_plumbeus|Eupercaria_Centrarchiformes_Terapontidae_Leiopotherapon_unicolor|Eupercaria_Centrarchiformes_Terapontidae_Mesopristes_argenteus|Eupercaria_Centrarchiformes_Terapontidae_Mesopristes_cancellatus|Eupercaria_Centrarchiformes_Terapontidae_Pelates_sexlineatus|Eupercaria_Centrarchiformes_Terapontidae_Pelsartia_humeralis|Eupercaria_Centrarchiformes_Terapontidae_Pingalla_gilberti|Eupercaria_Centrarchiformes_Terapontidae_Pingalla_lorentzi|Eupercaria_Centrarchiformes_Terapontidae_Pingalla_midgleyi|Eupercaria_Centrarchiformes_Terapontidae_Rhynchopelates_oxyrhynchus|Eupercaria_Centrarchiformes_Terapontidae_Scortum_barcoo|Eupercaria_Centrarchiformes_Terapontidae_Scortum_hillii|Eupercaria_Centrarchiformes_Terapontidae_Scortum_ogilbyi|Eupercaria_Centrarchiformes_Terapontidae_Scortum_parviceps|Eupercaria_Centrarchiformes_Terapontidae_Syncomistes_bonapartensis|Eupercaria_Centrarchiformes_Terapontidae_Syncomistes_butleri|Eupercaria_Centrarchiformes_Terapontidae_Syncomistes_carcharus|Eupercaria_Centrarchiformes_Terapontidae_Syncomistes_dilliensis|Eupercaria_Centrarchiformes_Terapontidae_Syncomistes_holsworthi|Eupercaria_Centrarchiformes_Terapontidae_Syncomistes_kimberleyensis|Eupercaria_Centrarchiformes_Terapontidae_Syncomistes_moranensis|Eupercaria_Centrarchiformes_Terapontidae_Syncomistes_rastellus|Eupercaria_Centrarchiformes_Terapontidae_Syncomistes_trigonicus|Eupercaria_Centrarchiformes_Terapontidae_Syncomistes_versicolor|Eupercaria_Centrarchiformes_Terapontidae_Syncomistes_wunambal|Eupercaria_Centrarchiformes_Terapontidae_Variichthys_lacustris|Kuhliidae_Kuhlia_malo|Kuhliidae_Kuhlia_marginata|Kuhliidae_Kuhlia_petiti|Kuhliidae_Kuhlia_xenura|Kyphosidae_Kyphosus_cinerascens|Kyphosidae_Kyphosus_elegans|Kyphosidae_Kyphosus_pacificus|Kyphosidae_Kyphosus_sectatrix|Kyphosidae_Kyphosus_vaigiensis|Oplegnathidae_Oplegnathus_punctatus|Oplegnathidae_Oplegnathus_woodwardi|Scorpididae_Atypichthys_strigatus|Scorpididae_Scorpis_aequipinnis|Terapontidae_Bidyanus_bidyanus|Terapontidae_Hephaestus_fuliginosus|Terapontidae_Hephaestus_jenkinsi|Terapontidae_Pelates_quadrilineatus|Terapontidae_Terapon_jarbua|Terapontidae_Terapon_puta|Terapontidae_Terapon_theraps",50.79764,106,107,0.027243,0.000536304442489848,-7.53080856841871,"treePL"
"clade:Eupercaria_Centrarchiformes_Dichistiidae_Dichistius_capensis|Eupercaria_Centrarchiformes_Dichistiidae_Dichistius_multifasciatus|Eupercaria_Centrarchiformes_Kuhliidae_Kuhlia_caudavittata|Eupercaria_Centrarchiformes_Kuhliidae_Kuhlia_mugil|Eupercaria_Centrarchiformes_Kuhliidae_Kuhlia_munda|Eupercaria_Centrarchiformes_Kuhliidae_Kuhlia_nutabunda|Eupercaria_Centrarchiformes_Kuhliidae_Kuhlia_rupestris|Eupercaria_Centrarchiformes_Kuhliidae_Kuhlia_salelea|Eupercaria_Centrarchiformes_Kuhliidae_Kuhlia_sandvicensis|Eupercaria_Centrarchiformes_Kuhliidae_Kuhlia_sauvagii|Eupercaria_Centrarchiformes_Kyphosidae_Kyphosus_azureus|Eupercaria_Centrarchiformes_Kyphosidae_Kyphosus_bigibbus|Eupercaria_Centrarchiformes_Kyphosidae_Kyphosus_cornelii|Eupercaria_Centrarchiformes_Kyphosidae_Kyphosus_hawaiiensis|Eupercaria_Centrarchiformes_Kyphosidae_Kyphosus_ocyurus|Eupercaria_Centrarchiformes_Kyphosidae_Kyphosus_sydneyanus|Eupercaria_Centrarchiformes_Microcanthidae_Microcanthus_strigatus|Eupercaria_Centrarchiformes_Microcanthidae_Neatypus_obliquus|Eupercaria_Centrarchiformes_Microcanthidae_Tilodon_sexfasciatus|Eupercaria_Centrarchiformes_Oplegnathidae_Oplegnathus_conwayi|Eupercaria_Centrarchiformes_Oplegnathidae_Oplegnathus_fasciatus|Eupercaria_Centrarchiformes_Oplegnathidae_Oplegnathus_insignis|Eupercaria_Centrarchiformes_Oplegnathidae_Oplegnathus_peaolopesi|Eupercaria_Centrarchiformes_Oplegnathidae_Oplegnathus_robinsoni|Eupercaria_Centrarchiformes_Terapontidae_Amniataba_affinis|Eupercaria_Centrarchiformes_Terapontidae_Amniataba_caudavittata|Eupercaria_Centrarchiformes_Terapontidae_Amniataba_percoides|Eupercaria_Centrarchiformes_Terapontidae_Bidyanus_welchi|Eupercaria_Centrarchiformes_Terapontidae_Hannia_greenwayi|Eupercaria_Centrarchiformes_Terapontidae_Helotes_octolineatus|Eupercaria_Centrarchiformes_Terapontidae_Hephaestus_carbo|Eupercaria_Centrarchiformes_Terapontidae_Hephaestus_epirrhinos|Eupercaria_Centrarchiformes_Terapontidae_Hephaestus_habbemai|Eupercaria_Centrarchiformes_Terapontidae_Hephaestus_transmontanus|Eupercaria_Centrarchiformes_Terapontidae_Hephaestus_tulliensis|Eupercaria_Centrarchiformes_Terapontidae_Lagusia_micracanthus|Eupercaria_Centrarchiformes_Terapontidae_Leiopotherapon_aheneus|Eupercaria_Centrarchiformes_Terapontidae_Leiopotherapon_macrolepis|Eupercaria_Centrarchiformes_Terapontidae_Leiopotherapon_plumbeus|Eupercaria_Centrarchiformes_Terapontidae_Leiopotherapon_unicolor|Eupercaria_Centrarchiformes_Terapontidae_Mesopristes_argenteus|Eupercaria_Centrarchiformes_Terapontidae_Mesopristes_cancellatus|Eupercaria_Centrarchiformes_Terapontidae_Pelates_sexlineatus|Eupercaria_Centrarchiformes_Terapontidae_Pelsartia_humeralis|Eupercaria_Centrarchiformes_Terapontidae_Pingalla_gilberti|Eupercaria_Centrarchiformes_Terapontidae_Pingalla_lorentzi|Eupercaria_Centrarchiformes_Terapontidae_Pingalla_midgleyi|Eupercaria_Centrarchiformes_Terapontidae_Rhynchopelates_oxyrhynchus|Eupercaria_Centrarchiformes_Terapontidae_Scortum_barcoo|Eupercaria_Centrarchiformes_Terapontidae_Scortum_hillii|Eupercaria_Centrarchiformes_Terapontidae_Scortum_ogilbyi|Eupercaria_Centrarchiformes_Terapontidae_Scortum_parviceps|Eupercaria_Centrarchiformes_Terapontidae_Syncomistes_bonapartensis|Eupercaria_Centrarchiformes_Terapontidae_Syncomistes_butleri|Eupercaria_Centrarchiformes_Terapontidae_Syncomistes_carcharus|Eupercaria_Centrarchiformes_Terapontidae_Syncomistes_dilliensis|Eupercaria_Centrarchiformes_Terapontidae_Syncomistes_holsworthi|Eupercaria_Centrarchiformes_Terapontidae_Syncomistes_kimberleyensis|Eupercaria_Centrarchiformes_Terapontidae_Syncomistes_moranensis|Eupercaria_Centrarchiformes_Terapontidae_Syncomistes_rastellus|Eupercaria_Centrarchiformes_Terapontidae_Syncomistes_trigonicus|Eupercaria_Centrarchiformes_Terapontidae_Syncomistes_versicolor|Eupercaria_Centrarchiformes_Terapontidae_Syncomistes_wunambal|Eupercaria_Centrarchiformes_Terapontidae_Variichthys_lacustris|Kuhliidae_Kuhlia_malo|Kuhliidae_Kuhlia_marginata|Kuhliidae_Kuhlia_petiti|Kuhliidae_Kuhlia_xenura|Kyphosidae_Kyphosus_cinerascens|Kyphosidae_Kyphosus_elegans|Kyphosidae_Kyphosus_pacificus|Kyphosidae_Kyphosus_sectatrix|Kyphosidae_Kyphosus_vaigiensis|Oplegnathidae_Oplegnathus_punctatus|Oplegnathidae_Oplegnathus_woodwardi|Scorpididae_Atypichthys_strigatus|Terapontidae_Bidyanus_bidyanus|Terapontidae_Hephaestus_fuliginosus|Terapontidae_Hephaestus_jenkinsi|Terapontidae_Pelates_quadrilineatus|Terapontidae_Terapon_jarbua|Terapontidae_Terapon_puta|Terapontidae_Terapon_theraps",1.943011,107,108,0.002173,0.00111836731752934,-6.79588540943555,"treePL"
"clade:Eupercaria_Centrarchiformes_Dichistiidae_Dichistius_capensis|Eupercaria_Centrarchiformes_Dichistiidae_Dichistius_multifasciatus|Eupercaria_Centrarchiformes_Microcanthidae_Microcanthus_strigatus|Eupercaria_Centrarchiformes_Microcanthidae_Neatypus_obliquus|Eupercaria_Centrarchiformes_Microcanthidae_Tilodon_sexfasciatus|Eupercaria_Centrarchiformes_Oplegnathidae_Oplegnathus_conwayi|Eupercaria_Centrarchiformes_Oplegnathidae_Oplegnathus_fasciatus|Eupercaria_Centrarchiformes_Oplegnathidae_Oplegnathus_insignis|Eupercaria_Centrarchiformes_Oplegnathidae_Oplegnathus_peaolopesi|Eupercaria_Centrarchiformes_Oplegnathidae_Oplegnathus_robinsoni|Oplegnathidae_Oplegnathus_punctatus|Oplegnathidae_Oplegnathus_woodwardi|Scorpididae_Atypichthys_strigatus",1.341425,108,178,0.000894,0.000666455448496934,-7.31353726454526,"treePL"
"clade:Eupercaria_Centrarchiformes_Dichistiidae_Dichistius_capensis|Eupercaria_Centrarchiformes_Dichistiidae_Dichistius_multifasciatus|Eupercaria_Centrarchiformes_Microcanthidae_Microcanthus_strigatus|Eupercaria_Centrarchiformes_Microcanthidae_Neatypus_obliquus|Eupercaria_Centrarchiformes_Microcanthidae_Tilodon_sexfasciatus|Eupercaria_Centrarchiformes_Oplegnathidae_Oplegnathus_conwayi|Scorpididae_Atypichthys_strigatus",7.012067,178,179,0.006695,0.000954782662515917,-6.95402682190083,"treePL"
"clade:Eupercaria_Centrarchiformes_Dichistiidae_Dichistius_capensis|Eupercaria_Centrarchiformes_Dichistiidae_Dichistius_multifasciatus|Eupercaria_Centrarchiformes_Oplegnathidae_Oplegnathus_conwayi",3.603449,179,183,0.00387,0.00107397107604409,-6.83639221431576,"treePL"
"clade:Eupercaria_Centrarchiformes_Girellidae_Girella_cyanea|Eupercaria_Centrarchiformes_Girellidae_Girella_fimbriata|Eupercaria_Centrarchiformes_Girellidae_Girella_laevifrons|Eupercaria_Centrarchiformes_Girellidae_Girella_leonina|Eupercaria_Centrarchiformes_Girellidae_Girella_melanichthys|Eupercaria_Centrarchiformes_Girellidae_Girella_mezina|Eupercaria_Centrarchiformes_Girellidae_Girella_nebulosa|Eupercaria_Centrarchiformes_Girellidae_Girella_nigricans|Eupercaria_Centrarchiformes_Girellidae_Girella_punctata|Eupercaria_Centrarchiformes_Girellidae_Girella_simplicidens|Eupercaria_Centrarchiformes_Girellidae_Girella_tricuspidata|Eupercaria_Centrarchiformes_Girellidae_Girella_zebra",7.924506,191,192,0.01227,0.00154836150038879,-6.47055800369493,"treePL"
"clade:Eupercaria_Centrarchiformes_Girellidae_Girella_cyanea|Eupercaria_Centrarchiformes_Girellidae_Girella_fimbriata|Eupercaria_Centrarchiformes_Girellidae_Girella_laevifrons|Eupercaria_Centrarchiformes_Girellidae_Girella_leonina|Eupercaria_Centrarchiformes_Girellidae_Girella_melanichthys|Eupercaria_Centrarchiformes_Girellidae_Girella_mezina|Eupercaria_Centrarchiformes_Girellidae_Girella_nebulosa|Eupercaria_Centrarchiformes_Girellidae_Girella_nigricans|Eupercaria_Centrarchiformes_Girellidae_Girella_punctata|Eupercaria_Centrarchiformes_Girellidae_Girella_simplicidens|Eupercaria_Centrarchiformes_Girellidae_Girella_tricuspidata|Eupercaria_Centrarchiformes_Girellidae_Girella_zebra|Eupercaria_Centrarchiformes_Girellidae_Graus_nigra",17.900323,190,191,0.027571,0.00154025153624323,-6.47580954067147,"treePL"
"clade:Eupercaria_Centrarchiformes_Girellidae_Girella_cyanea|Eupercaria_Centrarchiformes_Girellidae_Girella_fimbriata|Eupercaria_Centrarchiformes_Girellidae_Girella_laevifrons|Eupercaria_Centrarchiformes_Girellidae_Girella_leonina|Eupercaria_Centrarchiformes_Girellidae_Girella_melanichthys|Eupercaria_Centrarchiformes_Girellidae_Girella_mezina|Eupercaria_Centrarchiformes_Girellidae_Girella_nebulosa|Eupercaria_Centrarchiformes_Girellidae_Girella_nigricans|Eupercaria_Centrarchiformes_Girellidae_Girella_punctata|Eupercaria_Centrarchiformes_Girellidae_Girella_simplicidens|Eupercaria_Centrarchiformes_Girellidae_Girella_tricuspidata|Eupercaria_Centrarchiformes_Girellidae_Girella_zebra|Eupercaria_Centrarchiformes_Girellidae_Graus_nigra|Eupercaria_Centrarchiformes_Scorpididae_Labracoglossa_argenteiventris|Eupercaria_Centrarchiformes_Scorpididae_Medialuna_californiensis|Eupercaria_Centrarchiformes_Scorpididae_Scorpis_georgiana|Eupercaria_Centrarchiformes_Scorpididae_Scorpis_lineolata|Eupercaria_Centrarchiformes_Scorpididae_Scorpis_violacea|Scorpididae_Scorpis_aequipinnis",3.593601,107,190,0.004256,0.00118432736411193,-6.73858029077723,"treePL"
"clade:Eupercaria_Centrarchiformes_Girellidae_Girella_cyanea|Eupercaria_Centrarchiformes_Girellidae_Girella_laevifrons|Eupercaria_Centrarchiformes_Girellidae_Girella_leonina|Eupercaria_Centrarchiformes_Girellidae_Girella_melanichthys|Eupercaria_Centrarchiformes_Girellidae_Girella_mezina|Eupercaria_Centrarchiformes_Girellidae_Girella_nigricans|Eupercaria_Centrarchiformes_Girellidae_Girella_punctata|Eupercaria_Centrarchiformes_Girellidae_Girella_simplicidens|Eupercaria_Centrarchiformes_Girellidae_Girella_tricuspidata|Eupercaria_Centrarchiformes_Girellidae_Girella_zebra",11.416711,192,193,0.019379,0.00169742406547735,-6.37864343268229,"treePL"
"clade:Eupercaria_Centrarchiformes_Girellidae_Girella_cyanea|Eupercaria_Centrarchiformes_Girellidae_Girella_laevifrons|Eupercaria_Centrarchiformes_Girellidae_Girella_nigricans|Eupercaria_Centrarchiformes_Girellidae_Girella_simplicidens|Eupercaria_Centrarchiformes_Girellidae_Girella_tricuspidata|Eupercaria_Centrarchiformes_Girellidae_Girella_zebra",2.173766,193,194,0.00344,0.00158250704077624,-6.44874495480814,"treePL"
"clade:Eupercaria_Centrarchiformes_Girellidae_Girella_cyanea|Eupercaria_Centrarchiformes_Girellidae_Girella_nigricans|Eupercaria_Centrarchiformes_Girellidae_Girella_simplicidens|Eupercaria_Centrarchiformes_Girellidae_Girella_tricuspidata|Eupercaria_Centrarchiformes_Girellidae_Girella_zebra",0.769566,194,195,0.001213,0.00157621308633697,-6.45273008961949,"treePL"
"clade:Eupercaria_Centrarchiformes_Girellidae_Girella_cyanea|Eupercaria_Centrarchiformes_Girellidae_Girella_tricuspidata|Eupercaria_Centrarchiformes_Girellidae_Girella_zebra",1.099641,195,196,1e-06,9.093877001676e-07,-13.910494320864,"treePL"
"clade:Eupercaria_Centrarchiformes_Girellidae_Girella_fimbriata|Eupercaria_Centrarchiformes_Girellidae_Girella_nebulosa",23.910243,192,202,0.02016,0.000843153287902595,-7.07836178030923,"treePL"
"clade:Eupercaria_Centrarchiformes_Girellidae_Girella_leonina|Eupercaria_Centrarchiformes_Girellidae_Girella_melanichthys",8.281344,200,201,0.016586,0.00200281500200934,-6.2132015870186,"treePL"
"clade:Eupercaria_Centrarchiformes_Girellidae_Girella_leonina|Eupercaria_Centrarchiformes_Girellidae_Girella_melanichthys|Eupercaria_Centrarchiformes_Girellidae_Girella_mezina",1.910855,199,200,0.003328,0.00174162874734085,-6.3529345418981,"treePL"
"clade:Eupercaria_Centrarchiformes_Girellidae_Girella_leonina|Eupercaria_Centrarchiformes_Girellidae_Girella_melanichthys|Eupercaria_Centrarchiformes_Girellidae_Girella_mezina|Eupercaria_Centrarchiformes_Girellidae_Girella_punctata",3.036597,193,199,0.003949,0.00130046891306288,-6.64503037719604,"treePL"
"clade:Eupercaria_Centrarchiformes_Girellidae_Girella_nigricans|Eupercaria_Centrarchiformes_Girellidae_Girella_simplicidens",9.109694,195,198,0.014173,0.00155581515690867,-6.46575565404297,"treePL"
"clade:Eupercaria_Centrarchiformes_Girellidae_Girella_tricuspidata|Eupercaria_Centrarchiformes_Girellidae_Girella_zebra",1.606199,196,197,0.00203,0.00126385335814554,-6.673590004113,"treePL"
"clade:Eupercaria_Centrarchiformes_Kuhliidae_Kuhlia_caudavittata|Eupercaria_Centrarchiformes_Kuhliidae_Kuhlia_mugil|Eupercaria_Centrarchiformes_Kuhliidae_Kuhlia_munda|Eupercaria_Centrarchiformes_Kuhliidae_Kuhlia_nutabunda|Eupercaria_Centrarchiformes_Kuhliidae_Kuhlia_rupestris|Eupercaria_Centrarchiformes_Kuhliidae_Kuhlia_salelea|Eupercaria_Centrarchiformes_Kuhliidae_Kuhlia_sandvicensis|Eupercaria_Centrarchiformes_Kuhliidae_Kuhlia_sauvagii|Eupercaria_Centrarchiformes_Kyphosidae_Kyphosus_azureus|Eupercaria_Centrarchiformes_Kyphosidae_Kyphosus_bigibbus|Eupercaria_Centrarchiformes_Kyphosidae_Kyphosus_cornelii|Eupercaria_Centrarchiformes_Kyphosidae_Kyphosus_hawaiiensis|Eupercaria_Centrarchiformes_Kyphosidae_Kyphosus_ocyurus|Eupercaria_Centrarchiformes_Kyphosidae_Kyphosus_sydneyanus|Eupercaria_Centrarchiformes_Terapontidae_Amniataba_affinis|Eupercaria_Centrarchiformes_Terapontidae_Amniataba_caudavittata|Eupercaria_Centrarchiformes_Terapontidae_Amniataba_percoides|Eupercaria_Centrarchiformes_Terapontidae_Bidyanus_welchi|Eupercaria_Centrarchiformes_Terapontidae_Hannia_greenwayi|Eupercaria_Centrarchiformes_Terapontidae_Helotes_octolineatus|Eupercaria_Centrarchiformes_Terapontidae_Hephaestus_carbo|Eupercaria_Centrarchiformes_Terapontidae_Hephaestus_epirrhinos|Eupercaria_Centrarchiformes_Terapontidae_Hephaestus_habbemai|Eupercaria_Centrarchiformes_Terapontidae_Hephaestus_transmontanus|Eupercaria_Centrarchiformes_Terapontidae_Hephaestus_tulliensis|Eupercaria_Centrarchiformes_Terapontidae_Lagusia_micracanthus|Eupercaria_Centrarchiformes_Terapontidae_Leiopotherapon_aheneus|Eupercaria_Centrarchiformes_Terapontidae_Leiopotherapon_macrolepis|Eupercaria_Centrarchiformes_Terapontidae_Leiopotherapon_plumbeus|Eupercaria_Centrarchiformes_Terapontidae_Leiopotherapon_unicolor|Eupercaria_Centrarchiformes_Terapontidae_Mesopristes_argenteus|Eupercaria_Centrarchiformes_Terapontidae_Mesopristes_cancellatus|Eupercaria_Centrarchiformes_Terapontidae_Pelates_sexlineatus|Eupercaria_Centrarchiformes_Terapontidae_Pelsartia_humeralis|Eupercaria_Centrarchiformes_Terapontidae_Pingalla_gilberti|Eupercaria_Centrarchiformes_Terapontidae_Pingalla_lorentzi|Eupercaria_Centrarchiformes_Terapontidae_Pingalla_midgleyi|Eupercaria_Centrarchiformes_Terapontidae_Rhynchopelates_oxyrhynchus|Eupercaria_Centrarchiformes_Terapontidae_Scortum_barcoo|Eupercaria_Centrarchiformes_Terapontidae_Scortum_hillii|Eupercaria_Centrarchiformes_Terapontidae_Scortum_ogilbyi|Eupercaria_Centrarchiformes_Terapontidae_Scortum_parviceps|Eupercaria_Centrarchiformes_Terapontidae_Syncomistes_bonapartensis|Eupercaria_Centrarchiformes_Terapontidae_Syncomistes_butleri|Eupercaria_Centrarchiformes_Terapontidae_Syncomistes_carcharus|Eupercaria_Centrarchiformes_Terapontidae_Syncomistes_dilliensis|Eupercaria_Centrarchiformes_Terapontidae_Syncomistes_holsworthi|Eupercaria_Centrarchiformes_Terapontidae_Syncomistes_kimberleyensis|Eupercaria_Centrarchiformes_Terapontidae_Syncomistes_moranensis|Eupercaria_Centrarchiformes_Terapontidae_Syncomistes_rastellus|Eupercaria_Centrarchiformes_Terapontidae_Syncomistes_trigonicus|Eupercaria_Centrarchiformes_Terapontidae_Syncomistes_versicolor|Eupercaria_Centrarchiformes_Terapontidae_Syncomistes_wunambal|Eupercaria_Centrarchiformes_Terapontidae_Variichthys_lacustris|Kuhliidae_Kuhlia_malo|Kuhliidae_Kuhlia_marginata|Kuhliidae_Kuhlia_petiti|Kuhliidae_Kuhlia_xenura|Kyphosidae_Kyphosus_cinerascens|Kyphosidae_Kyphosus_elegans|Kyphosidae_Kyphosus_pacificus|Kyphosidae_Kyphosus_sectatrix|Kyphosidae_Kyphosus_vaigiensis|Terapontidae_Bidyanus_bidyanus|Terapontidae_Hephaestus_fuliginosus|Terapontidae_Hephaestus_jenkinsi|Terapontidae_Pelates_quadrilineatus|Terapontidae_Terapon_jarbua|Terapontidae_Terapon_puta|Terapontidae_Terapon_theraps",0.815867,108,109,0.000832,0.00101977405631065,-6.88817418964461,"treePL"
"clade:Eupercaria_Centrarchiformes_Kuhliidae_Kuhlia_caudavittata|Eupercaria_Centrarchiformes_Kuhliidae_Kuhlia_mugil|Eupercaria_Centrarchiformes_Kuhliidae_Kuhlia_munda|Eupercaria_Centrarchiformes_Kuhliidae_Kuhlia_nutabunda|Eupercaria_Centrarchiformes_Kuhliidae_Kuhlia_rupestris|Eupercaria_Centrarchiformes_Kuhliidae_Kuhlia_salelea|Eupercaria_Centrarchiformes_Kuhliidae_Kuhlia_sandvicensis|Eupercaria_Centrarchiformes_Kuhliidae_Kuhlia_sauvagii|Eupercaria_Centrarchiformes_Terapontidae_Amniataba_affinis|Eupercaria_Centrarchiformes_Terapontidae_Amniataba_caudavittata|Eupercaria_Centrarchiformes_Terapontidae_Amniataba_percoides|Eupercaria_Centrarchiformes_Terapontidae_Bidyanus_welchi|Eupercaria_Centrarchiformes_Terapontidae_Hannia_greenwayi|Eupercaria_Centrarchiformes_Terapontidae_Helotes_octolineatus|Eupercaria_Centrarchiformes_Terapontidae_Hephaestus_carbo|Eupercaria_Centrarchiformes_Terapontidae_Hephaestus_epirrhinos|Eupercaria_Centrarchiformes_Terapontidae_Hephaestus_habbemai|Eupercaria_Centrarchiformes_Terapontidae_Hephaestus_transmontanus|Eupercaria_Centrarchiformes_Terapontidae_Hephaestus_tulliensis|Eupercaria_Centrarchiformes_Terapontidae_Lagusia_micracanthus|Eupercaria_Centrarchiformes_Terapontidae_Leiopotherapon_aheneus|Eupercaria_Centrarchiformes_Terapontidae_Leiopotherapon_macrolepis|Eupercaria_Centrarchiformes_Terapontidae_Leiopotherapon_plumbeus|Eupercaria_Centrarchiformes_Terapontidae_Leiopotherapon_unicolor|Eupercaria_Centrarchiformes_Terapontidae_Mesopristes_argenteus|Eupercaria_Centrarchiformes_Terapontidae_Mesopristes_cancellatus|Eupercaria_Centrarchiformes_Terapontidae_Pelates_sexlineatus|Eupercaria_Centrarchiformes_Terapontidae_Pelsartia_humeralis|Eupercaria_Centrarchiformes_Terapontidae_Pingalla_gilberti|Eupercaria_Centrarchiformes_Terapontidae_Pingalla_lorentzi|Eupercaria_Centrarchiformes_Terapontidae_Pingalla_midgleyi|Eupercaria_Centrarchiformes_Terapontidae_Rhynchopelates_oxyrhynchus|Eupercaria_Centrarchiformes_Terapontidae_Scortum_barcoo|Eupercaria_Centrarchiformes_Terapontidae_Scortum_hillii|Eupercaria_Centrarchiformes_Terapontidae_Scortum_ogilbyi|Eupercaria_Centrarchiformes_Terapontidae_Scortum_parviceps|Eupercaria_Centrarchiformes_Terapontidae_Syncomistes_bonapartensis|Eupercaria_Centrarchiformes_Terapontidae_Syncomistes_butleri|Eupercaria_Centrarchiformes_Terapontidae_Syncomistes_carcharus|Eupercaria_Centrarchiformes_Terapontidae_Syncomistes_dilliensis|Eupercaria_Centrarchiformes_Terapontidae_Syncomistes_holsworthi|Eupercaria_Centrarchiformes_Terapontidae_Syncomistes_kimberleyensis|Eupercaria_Centrarchiformes_Terapontidae_Syncomistes_moranensis|Eupercaria_Centrarchiformes_Terapontidae_Syncomistes_rastellus|Eupercaria_Centrarchiformes_Terapontidae_Syncomistes_trigonicus|Eupercaria_Centrarchiformes_Terapontidae_Syncomistes_versicolor|Eupercaria_Centrarchiformes_Terapontidae_Syncomistes_wunambal|Eupercaria_Centrarchiformes_Terapontidae_Variichthys_lacustris|Kuhliidae_Kuhlia_malo|Kuhliidae_Kuhlia_marginata|Kuhliidae_Kuhlia_petiti|Kuhliidae_Kuhlia_xenura|Terapontidae_Bidyanus_bidyanus|Terapontidae_Hephaestus_fuliginosus|Terapontidae_Hephaestus_jenkinsi|Terapontidae_Pelates_quadrilineatus|Terapontidae_Terapon_jarbua|Terapontidae_Terapon_puta|Terapontidae_Terapon_theraps",1.699226,109,110,0.00272,0.00160072880240768,-6.43729625194092,"treePL"
"clade:Eupercaria_Centrarchiformes_Kuhliidae_Kuhlia_caudavittata|Eupercaria_Centrarchiformes_Kuhliidae_Kuhlia_mugil|Eupercaria_Centrarchiformes_Kuhliidae_Kuhlia_munda|Eupercaria_Centrarchiformes_Kuhliidae_Kuhlia_nutabunda|Eupercaria_Centrarchiformes_Kuhliidae_Kuhlia_rupestris|Eupercaria_Centrarchiformes_Kuhliidae_Kuhlia_salelea|Eupercaria_Centrarchiformes_Kuhliidae_Kuhlia_sandvicensis|Eupercaria_Centrarchiformes_Kuhliidae_Kuhlia_sauvagii|Kuhliidae_Kuhlia_malo|Kuhliidae_Kuhlia_marginata|Kuhliidae_Kuhlia_petiti|Kuhliidae_Kuhlia_xenura",13.757457,110,157,0.017763,0.001291154317255,-6.65221864114341,"treePL"
"clade:Eupercaria_Centrarchiformes_Kuhliidae_Kuhlia_caudavittata|Eupercaria_Centrarchiformes_Kuhliidae_Kuhlia_mugil|Eupercaria_Centrarchiformes_Kuhliidae_Kuhlia_nutabunda|Eupercaria_Centrarchiformes_Kuhliidae_Kuhlia_rupestris|Eupercaria_Centrarchiformes_Kuhliidae_Kuhlia_salelea|Eupercaria_Centrarchiformes_Kuhliidae_Kuhlia_sandvicensis|Eupercaria_Centrarchiformes_Kuhliidae_Kuhlia_sauvagii|Kuhliidae_Kuhlia_malo|Kuhliidae_Kuhlia_marginata|Kuhliidae_Kuhlia_petiti|Kuhliidae_Kuhlia_xenura",5.999042,157,158,0.006409,0.00106833724451337,-6.84165181627336,"treePL"
"clade:Eupercaria_Centrarchiformes_Kuhliidae_Kuhlia_mugil|Eupercaria_Centrarchiformes_Kuhliidae_Kuhlia_nutabunda|Eupercaria_Centrarchiformes_Kuhliidae_Kuhlia_rupestris|Eupercaria_Centrarchiformes_Kuhliidae_Kuhlia_salelea|Eupercaria_Centrarchiformes_Kuhliidae_Kuhlia_sandvicensis|Eupercaria_Centrarchiformes_Kuhliidae_Kuhlia_sauvagii|Kuhliidae_Kuhlia_malo|Kuhliidae_Kuhlia_marginata|Kuhliidae_Kuhlia_petiti|Kuhliidae_Kuhlia_xenura",3.781666,158,159,0.0028,0.000740414409945246,-7.20830051507554,"treePL"
"clade:Eupercaria_Centrarchiformes_Kuhliidae_Kuhlia_mugil|Eupercaria_Centrarchiformes_Kuhliidae_Kuhlia_nutabunda|Eupercaria_Centrarchiformes_Kuhliidae_Kuhlia_sandvicensis|Kuhliidae_Kuhlia_petiti",1.89428,164,165,0.001172,0.000618704732140972,-7.38788240693392,"treePL"
"clade:Eupercaria_Centrarchiformes_Kuhliidae_Kuhlia_mugil|Eupercaria_Centrarchiformes_Kuhliidae_Kuhlia_nutabunda|Eupercaria_Centrarchiformes_Kuhliidae_Kuhlia_sandvicensis|Kuhliidae_Kuhlia_petiti|Kuhliidae_Kuhlia_xenura",5.835932,159,164,0.003344,0.000573001878705921,-7.46462156253603,"treePL"
"clade:Eupercaria_Centrarchiformes_Kuhliidae_Kuhlia_mugil|Kuhliidae_Kuhlia_petiti",14.006754,165,166,0.006185,0.000441572687005141,-7.72516791499312,"treePL"
"clade:Eupercaria_Centrarchiformes_Kuhliidae_Kuhlia_nutabunda|Eupercaria_Centrarchiformes_Kuhliidae_Kuhlia_sandvicensis",15.720424,165,167,0.009635,0.000612896954942182,-7.39731373576331,"treePL"
"clade:Eupercaria_Centrarchiformes_Kuhliidae_Kuhlia_rupestris|Eupercaria_Centrarchiformes_Kuhliidae_Kuhlia_salelea|Eupercaria_Centrarchiformes_Kuhliidae_Kuhlia_sauvagii|Kuhliidae_Kuhlia_malo|Kuhliidae_Kuhlia_marginata",3.829165,159,160,0.003292,0.00085971745798366,-7.0589067599252,"treePL"
"clade:Eupercaria_Centrarchiformes_Kuhliidae_Kuhlia_rupestris|Eupercaria_Centrarchiformes_Kuhliidae_Kuhlia_sauvagii",8.285503,160,163,0.007163,0.000864522045312155,-7.0533337525158,"treePL"
"clade:Eupercaria_Centrarchiformes_Kuhliidae_Kuhlia_salelea|Kuhliidae_Kuhlia_malo",2.773888,161,162,0.001999,0.000720649139402889,-7.23535816963155,"treePL"
"clade:Eupercaria_Centrarchiformes_Kuhliidae_Kuhlia_salelea|Kuhliidae_Kuhlia_malo|Kuhliidae_Kuhlia_marginata",14.531338,160,161,0.008962,0.00061673605004577,-7.39106942130146,"treePL"
"clade:Eupercaria_Centrarchiformes_Kyphosidae_Kyphosus_azureus|Eupercaria_Centrarchiformes_Kyphosidae_Kyphosus_bigibbus|Eupercaria_Centrarchiformes_Kyphosidae_Kyphosus_cornelii|Eupercaria_Centrarchiformes_Kyphosidae_Kyphosus_hawaiiensis|Eupercaria_Centrarchiformes_Kyphosidae_Kyphosus_ocyurus|Eupercaria_Centrarchiformes_Kyphosidae_Kyphosus_sydneyanus|Kyphosidae_Kyphosus_cinerascens|Kyphosidae_Kyphosus_elegans|Kyphosidae_Kyphosus_pacificus|Kyphosidae_Kyphosus_sectatrix|Kyphosidae_Kyphosus_vaigiensis",17.42863,109,168,0.012077,0.000692940294217044,-7.27456671801693,"treePL"
"clade:Eupercaria_Centrarchiformes_Kyphosidae_Kyphosus_azureus|Eupercaria_Centrarchiformes_Kyphosidae_Kyphosus_cornelii",12.258042,168,177,0.008771,0.000715530261684533,-7.24248666540439,"treePL"
"clade:Eupercaria_Centrarchiformes_Kyphosidae_Kyphosus_bigibbus|Eupercaria_Centrarchiformes_Kyphosidae_Kyphosus_hawaiiensis|Eupercaria_Centrarchiformes_Kyphosidae_Kyphosus_ocyurus|Eupercaria_Centrarchiformes_Kyphosidae_Kyphosus_sydneyanus|Kyphosidae_Kyphosus_cinerascens|Kyphosidae_Kyphosus_elegans|Kyphosidae_Kyphosus_pacificus|Kyphosidae_Kyphosus_sectatrix|Kyphosidae_Kyphosus_vaigiensis",16.912104,168,169,0.006293,0.000372100360783023,-7.89634695302597,"treePL"
"clade:Eupercaria_Centrarchiformes_Kyphosidae_Kyphosus_bigibbus|Eupercaria_Centrarchiformes_Kyphosidae_Kyphosus_hawaiiensis|Eupercaria_Centrarchiformes_Kyphosidae_Kyphosus_ocyurus|Kyphosidae_Kyphosus_cinerascens|Kyphosidae_Kyphosus_elegans|Kyphosidae_Kyphosus_pacificus|Kyphosidae_Kyphosus_sectatrix|Kyphosidae_Kyphosus_vaigiensis",10.163308,169,170,0.004978,0.000489801155293139,-7.62151105474515,"treePL"
"clade:Eupercaria_Centrarchiformes_Kyphosidae_Kyphosus_bigibbus|Kyphosidae_Kyphosus_cinerascens|Kyphosidae_Kyphosus_elegans|Kyphosidae_Kyphosus_pacificus|Kyphosidae_Kyphosus_sectatrix",1.469349,170,171,0.000772,0.000525402746386325,-7.5513454534971,"treePL"
"clade:Eupercaria_Centrarchiformes_Kyphosidae_Kyphosus_bigibbus|Kyphosidae_Kyphosus_cinerascens|Kyphosidae_Kyphosus_pacificus|Kyphosidae_Kyphosus_sectatrix",1.225752,171,172,0.000911,0.000743217225017785,-7.20452219390628,"treePL"
"clade:Eupercaria_Centrarchiformes_Kyphosidae_Kyphosus_bigibbus|Kyphosidae_Kyphosus_pacificus|Kyphosidae_Kyphosus_sectatrix",2.311944,172,173,0.001825,0.000789378981497822,-7.14426402101118,"treePL"
"clade:Eupercaria_Centrarchiformes_Kyphosidae_Kyphosus_hawaiiensis|Eupercaria_Centrarchiformes_Kyphosidae_Kyphosus_ocyurus|Kyphosidae_Kyphosus_vaigiensis",4.355989,170,175,0.003392,0.00077869801783246,-7.15788724086748,"treePL"
"clade:Eupercaria_Centrarchiformes_Kyphosidae_Kyphosus_ocyurus|Kyphosidae_Kyphosus_vaigiensis",1.178667,175,176,0.000891,0.00075593870024358,-7.18755026940614,"treePL"
"clade:Eupercaria_Centrarchiformes_Microcanthidae_Microcanthus_strigatus|Eupercaria_Centrarchiformes_Microcanthidae_Neatypus_obliquus|Eupercaria_Centrarchiformes_Microcanthidae_Tilodon_sexfasciatus",5.458768,180,181,0.006625,0.00121364381120429,-6.71412803038026,"treePL"
"clade:Eupercaria_Centrarchiformes_Microcanthidae_Microcanthus_strigatus|Eupercaria_Centrarchiformes_Microcanthidae_Neatypus_obliquus|Eupercaria_Centrarchiformes_Microcanthidae_Tilodon_sexfasciatus|Scorpididae_Atypichthys_strigatus",12.17824,179,180,0.010552,0.000866463462700686,-7.05109061622888,"treePL"
"clade:Eupercaria_Centrarchiformes_Microcanthidae_Neatypus_obliquus|Eupercaria_Centrarchiformes_Microcanthidae_Tilodon_sexfasciatus",5.507563,181,182,0.007395,0.00134269912119026,-6.6130734213952,"treePL"
"clade:Eupercaria_Centrarchiformes_Oplegnathidae_Oplegnathus_fasciatus|Eupercaria_Centrarchiformes_Oplegnathidae_Oplegnathus_insignis|Eupercaria_Centrarchiformes_Oplegnathidae_Oplegnathus_peaolopesi|Eupercaria_Centrarchiformes_Oplegnathidae_Oplegnathus_robinsoni|Oplegnathidae_Oplegnathus_punctatus",1.517316,185,186,0.001788,0.00117839658976772,-6.7436005867714,"treePL"
"clade:Eupercaria_Centrarchiformes_Oplegnathidae_Oplegnathus_fasciatus|Eupercaria_Centrarchiformes_Oplegnathidae_Oplegnathus_insignis|Eupercaria_Centrarchiformes_Oplegnathidae_Oplegnathus_peaolopesi|Eupercaria_Centrarchiformes_Oplegnathidae_Oplegnathus_robinsoni|Oplegnathidae_Oplegnathus_punctatus|Oplegnathidae_Oplegnathus_woodwardi",28.065435,178,185,0.00462,0.000164615299923197,-8.7118993218953,"treePL"
"clade:Eupercaria_Centrarchiformes_Oplegnathidae_Oplegnathus_fasciatus|Eupercaria_Centrarchiformes_Oplegnathidae_Oplegnathus_peaolopesi|Eupercaria_Centrarchiformes_Oplegnathidae_Oplegnathus_robinsoni",1.377252,187,188,0.001848,0.00134180237167926,-6.61374151530146,"treePL"
"clade:Eupercaria_Centrarchiformes_Oplegnathidae_Oplegnathus_fasciatus|Eupercaria_Centrarchiformes_Oplegnathidae_Oplegnathus_peaolopesi|Eupercaria_Centrarchiformes_Oplegnathidae_Oplegnathus_robinsoni|Oplegnathidae_Oplegnathus_punctatus",5.073364,186,187,0.00677,0.00133442031756444,-6.61925830048317,"treePL"
"clade:Eupercaria_Centrarchiformes_Oplegnathidae_Oplegnathus_peaolopesi|Eupercaria_Centrarchiformes_Oplegnathidae_Oplegnathus_robinsoni",14.226257,188,189,0.033965,0.00238748674370216,-6.03751403800086,"treePL"
"clade:Eupercaria_Centrarchiformes_Scorpididae_Labracoglossa_argenteiventris|Eupercaria_Centrarchiformes_Scorpididae_Medialuna_californiensis|Eupercaria_Centrarchiformes_Scorpididae_Scorpis_georgiana|Eupercaria_Centrarchiformes_Scorpididae_Scorpis_lineolata|Eupercaria_Centrarchiformes_Scorpididae_Scorpis_violacea|Scorpididae_Scorpis_aequipinnis",6.15985,190,203,0.006245,0.00101382338855654,-6.89402656200419,"treePL"
"clade:Eupercaria_Centrarchiformes_Scorpididae_Medialuna_californiensis|Eupercaria_Centrarchiformes_Scorpididae_Scorpis_georgiana",12.137222,204,207,0.009544,0.00078634138849895,-7.14811952331921,"treePL"
"clade:Eupercaria_Centrarchiformes_Scorpididae_Medialuna_californiensis|Eupercaria_Centrarchiformes_Scorpididae_Scorpis_georgiana|Eupercaria_Centrarchiformes_Scorpididae_Scorpis_lineolata|Eupercaria_Centrarchiformes_Scorpididae_Scorpis_violacea|Scorpididae_Scorpis_aequipinnis",5.486495,203,204,0.003618,0.000659437400380389,-7.32412351012953,"treePL"
"clade:Eupercaria_Centrarchiformes_Scorpididae_Scorpis_lineolata|Eupercaria_Centrarchiformes_Scorpididae_Scorpis_violacea",8.06196,205,206,0.002191,0.000271770140263658,-8.21055392150347,"treePL"
"clade:Eupercaria_Centrarchiformes_Scorpididae_Scorpis_lineolata|Eupercaria_Centrarchiformes_Scorpididae_Scorpis_violacea|Scorpididae_Scorpis_aequipinnis",19.223706,204,205,0.007047,0.000366578639935505,-7.9112974895712,"treePL"
"clade:Eupercaria_Centrarchiformes_Terapontidae_Amniataba_affinis|Eupercaria_Centrarchiformes_Terapontidae_Amniataba_caudavittata|Eupercaria_Centrarchiformes_Terapontidae_Amniataba_percoides|Eupercaria_Centrarchiformes_Terapontidae_Bidyanus_welchi|Eupercaria_Centrarchiformes_Terapontidae_Hannia_greenwayi|Eupercaria_Centrarchiformes_Terapontidae_Helotes_octolineatus|Eupercaria_Centrarchiformes_Terapontidae_Hephaestus_carbo|Eupercaria_Centrarchiformes_Terapontidae_Hephaestus_epirrhinos|Eupercaria_Centrarchiformes_Terapontidae_Hephaestus_habbemai|Eupercaria_Centrarchiformes_Terapontidae_Hephaestus_transmontanus|Eupercaria_Centrarchiformes_Terapontidae_Hephaestus_tulliensis|Eupercaria_Centrarchiformes_Terapontidae_Lagusia_micracanthus|Eupercaria_Centrarchiformes_Terapontidae_Leiopotherapon_aheneus|Eupercaria_Centrarchiformes_Terapontidae_Leiopotherapon_macrolepis|Eupercaria_Centrarchiformes_Terapontidae_Leiopotherapon_plumbeus|Eupercaria_Centrarchiformes_Terapontidae_Leiopotherapon_unicolor|Eupercaria_Centrarchiformes_Terapontidae_Mesopristes_argenteus|Eupercaria_Centrarchiformes_Terapontidae_Mesopristes_cancellatus|Eupercaria_Centrarchiformes_Terapontidae_Pelates_sexlineatus|Eupercaria_Centrarchiformes_Terapontidae_Pelsartia_humeralis|Eupercaria_Centrarchiformes_Terapontidae_Pingalla_gilberti|Eupercaria_Centrarchiformes_Terapontidae_Pingalla_lorentzi|Eupercaria_Centrarchiformes_Terapontidae_Pingalla_midgleyi|Eupercaria_Centrarchiformes_Terapontidae_Rhynchopelates_oxyrhynchus|Eupercaria_Centrarchiformes_Terapontidae_Scortum_barcoo|Eupercaria_Centrarchiformes_Terapontidae_Scortum_hillii|Eupercaria_Centrarchiformes_Terapontidae_Scortum_ogilbyi|Eupercaria_Centrarchiformes_Terapontidae_Scortum_parviceps|Eupercaria_Centrarchiformes_Terapontidae_Syncomistes_bonapartensis|Eupercaria_Centrarchiformes_Terapontidae_Syncomistes_butleri|Eupercaria_Centrarchiformes_Terapontidae_Syncomistes_carcharus|Eupercaria_Centrarchiformes_Terapontidae_Syncomistes_dilliensis|Eupercaria_Centrarchiformes_Terapontidae_Syncomistes_holsworthi|Eupercaria_Centrarchiformes_Terapontidae_Syncomistes_kimberleyensis|Eupercaria_Centrarchiformes_Terapontidae_Syncomistes_moranensis|Eupercaria_Centrarchiformes_Terapontidae_Syncomistes_rastellus|Eupercaria_Centrarchiformes_Terapontidae_Syncomistes_trigonicus|Eupercaria_Centrarchiformes_Terapontidae_Syncomistes_versicolor|Eupercaria_Centrarchiformes_Terapontidae_Syncomistes_wunambal|Eupercaria_Centrarchiformes_Terapontidae_Variichthys_lacustris|Terapontidae_Bidyanus_bidyanus|Terapontidae_Hephaestus_fuliginosus|Terapontidae_Hephaestus_jenkinsi|Terapontidae_Pelates_quadrilineatus|Terapontidae_Terapon_jarbua|Terapontidae_Terapon_puta|Terapontidae_Terapon_theraps",19.393914,110,111,0.048347,0.00249289545163498,-5.99431041208905,"treePL"
"clade:Eupercaria_Centrarchiformes_Terapontidae_Amniataba_affinis|Eupercaria_Centrarchiformes_Terapontidae_Amniataba_caudavittata|Eupercaria_Centrarchiformes_Terapontidae_Amniataba_percoides|Eupercaria_Centrarchiformes_Terapontidae_Bidyanus_welchi|Eupercaria_Centrarchiformes_Terapontidae_Hannia_greenwayi|Eupercaria_Centrarchiformes_Terapontidae_Helotes_octolineatus|Eupercaria_Centrarchiformes_Terapontidae_Hephaestus_carbo|Eupercaria_Centrarchiformes_Terapontidae_Hephaestus_epirrhinos|Eupercaria_Centrarchiformes_Terapontidae_Hephaestus_habbemai|Eupercaria_Centrarchiformes_Terapontidae_Hephaestus_transmontanus|Eupercaria_Centrarchiformes_Terapontidae_Hephaestus_tulliensis|Eupercaria_Centrarchiformes_Terapontidae_Lagusia_micracanthus|Eupercaria_Centrarchiformes_Terapontidae_Leiopotherapon_aheneus|Eupercaria_Centrarchiformes_Terapontidae_Leiopotherapon_macrolepis|Eupercaria_Centrarchiformes_Terapontidae_Leiopotherapon_plumbeus|Eupercaria_Centrarchiformes_Terapontidae_Leiopotherapon_unicolor|Eupercaria_Centrarchiformes_Terapontidae_Mesopristes_argenteus|Eupercaria_Centrarchiformes_Terapontidae_Mesopristes_cancellatus|Eupercaria_Centrarchiformes_Terapontidae_Pelates_sexlineatus|Eupercaria_Centrarchiformes_Terapontidae_Pelsartia_humeralis|Eupercaria_Centrarchiformes_Terapontidae_Pingalla_gilberti|Eupercaria_Centrarchiformes_Terapontidae_Pingalla_lorentzi|Eupercaria_Centrarchiformes_Terapontidae_Pingalla_midgleyi|Eupercaria_Centrarchiformes_Terapontidae_Rhynchopelates_oxyrhynchus|Eupercaria_Centrarchiformes_Terapontidae_Scortum_barcoo|Eupercaria_Centrarchiformes_Terapontidae_Scortum_hillii|Eupercaria_Centrarchiformes_Terapontidae_Scortum_ogilbyi|Eupercaria_Centrarchiformes_Terapontidae_Scortum_parviceps|Eupercaria_Centrarchiformes_Terapontidae_Syncomistes_bonapartensis|Eupercaria_Centrarchiformes_Terapontidae_Syncomistes_butleri|Eupercaria_Centrarchiformes_Terapontidae_Syncomistes_carcharus|Eupercaria_Centrarchiformes_Terapontidae_Syncomistes_dilliensis|Eupercaria_Centrarchiformes_Terapontidae_Syncomistes_holsworthi|Eupercaria_Centrarchiformes_Terapontidae_Syncomistes_kimberleyensis|Eupercaria_Centrarchiformes_Terapontidae_Syncomistes_moranensis|Eupercaria_Centrarchiformes_Terapontidae_Syncomistes_rastellus|Eupercaria_Centrarchiformes_Terapontidae_Syncomistes_trigonicus|Eupercaria_Centrarchiformes_Terapontidae_Syncomistes_versicolor|Eupercaria_Centrarchiformes_Terapontidae_Syncomistes_wunambal|Eupercaria_Centrarchiformes_Terapontidae_Variichthys_lacustris|Terapontidae_Bidyanus_bidyanus|Terapontidae_Hephaestus_fuliginosus|Terapontidae_Hephaestus_jenkinsi|Terapontidae_Pelates_quadrilineatus|Terapontidae_Terapon_puta|Terapontidae_Terapon_theraps",3.734344,111,112,0.008026,0.00214923959870864,-6.14264117441957,"treePL"
"clade:Eupercaria_Centrarchiformes_Terapontidae_Amniataba_affinis|Eupercaria_Centrarchiformes_Terapontidae_Amniataba_caudavittata|Eupercaria_Centrarchiformes_Terapontidae_Amniataba_percoides|Eupercaria_Centrarchiformes_Terapontidae_Hannia_greenwayi|Eupercaria_Centrarchiformes_Terapontidae_Helotes_octolineatus|Eupercaria_Centrarchiformes_Terapontidae_Hephaestus_carbo|Eupercaria_Centrarchiformes_Terapontidae_Hephaestus_habbemai|Eupercaria_Centrarchiformes_Terapontidae_Hephaestus_transmontanus|Eupercaria_Centrarchiformes_Terapontidae_Lagusia_micracanthus|Eupercaria_Centrarchiformes_Terapontidae_Leiopotherapon_aheneus|Eupercaria_Centrarchiformes_Terapontidae_Leiopotherapon_macrolepis|Eupercaria_Centrarchiformes_Terapontidae_Leiopotherapon_plumbeus|Eupercaria_Centrarchiformes_Terapontidae_Leiopotherapon_unicolor|Eupercaria_Centrarchiformes_Terapontidae_Mesopristes_argenteus|Eupercaria_Centrarchiformes_Terapontidae_Mesopristes_cancellatus|Eupercaria_Centrarchiformes_Terapontidae_Pelates_sexlineatus|Eupercaria_Centrarchiformes_Terapontidae_Pelsartia_humeralis|Eupercaria_Centrarchiformes_Terapontidae_Rhynchopelates_oxyrhynchus|Eupercaria_Centrarchiformes_Terapontidae_Variichthys_lacustris|Terapontidae_Hephaestus_fuliginosus|Terapontidae_Pelates_quadrilineatus|Terapontidae_Terapon_puta|Terapontidae_Terapon_theraps",1.021538,112,113,0.001557,0.00152417237537909,-6.4863037209097,"treePL"
"clade:Eupercaria_Centrarchiformes_Terapontidae_Amniataba_affinis|Eupercaria_Centrarchiformes_Terapontidae_Amniataba_caudavittata|Eupercaria_Centrarchiformes_Terapontidae_Amniataba_percoides|Eupercaria_Centrarchiformes_Terapontidae_Hannia_greenwayi|Eupercaria_Centrarchiformes_Terapontidae_Hephaestus_carbo|Eupercaria_Centrarchiformes_Terapontidae_Hephaestus_habbemai|Eupercaria_Centrarchiformes_Terapontidae_Hephaestus_transmontanus|Eupercaria_Centrarchiformes_Terapontidae_Lagusia_micracanthus|Eupercaria_Centrarchiformes_Terapontidae_Leiopotherapon_aheneus|Eupercaria_Centrarchiformes_Terapontidae_Leiopotherapon_macrolepis|Eupercaria_Centrarchiformes_Terapontidae_Leiopotherapon_plumbeus|Eupercaria_Centrarchiformes_Terapontidae_Leiopotherapon_unicolor|Eupercaria_Centrarchiformes_Terapontidae_Mesopristes_argenteus|Eupercaria_Centrarchiformes_Terapontidae_Mesopristes_cancellatus|Eupercaria_Centrarchiformes_Terapontidae_Pelsartia_humeralis|Eupercaria_Centrarchiformes_Terapontidae_Rhynchopelates_oxyrhynchus|Eupercaria_Centrarchiformes_Terapontidae_Variichthys_lacustris|Terapontidae_Hephaestus_fuliginosus",1.643964,113,114,0.003079,0.00187291205890153,-6.28026080862378,"treePL"
"clade:Eupercaria_Centrarchiformes_Terapontidae_Amniataba_affinis|Eupercaria_Centrarchiformes_Terapontidae_Amniataba_caudavittata|Eupercaria_Centrarchiformes_Terapontidae_Amniataba_percoides|Eupercaria_Centrarchiformes_Terapontidae_Hannia_greenwayi|Eupercaria_Centrarchiformes_Terapontidae_Hephaestus_carbo|Eupercaria_Centrarchiformes_Terapontidae_Hephaestus_habbemai|Eupercaria_Centrarchiformes_Terapontidae_Hephaestus_transmontanus|Eupercaria_Centrarchiformes_Terapontidae_Lagusia_micracanthus|Eupercaria_Centrarchiformes_Terapontidae_Leiopotherapon_aheneus|Eupercaria_Centrarchiformes_Terapontidae_Leiopotherapon_macrolepis|Eupercaria_Centrarchiformes_Terapontidae_Leiopotherapon_plumbeus|Eupercaria_Centrarchiformes_Terapontidae_Leiopotherapon_unicolor|Eupercaria_Centrarchiformes_Terapontidae_Variichthys_lacustris|Terapontidae_Hephaestus_fuliginosus",5.215288,114,115,0.00977,0.00187333853854284,-6.28003312516692,"treePL"
"clade:Eupercaria_Centrarchiformes_Terapontidae_Amniataba_affinis|Eupercaria_Centrarchiformes_Terapontidae_Amniataba_caudavittata|Eupercaria_Centrarchiformes_Terapontidae_Amniataba_percoides|Eupercaria_Centrarchiformes_Terapontidae_Hannia_greenwayi|Eupercaria_Centrarchiformes_Terapontidae_Lagusia_micracanthus|Eupercaria_Centrarchiformes_Terapontidae_Leiopotherapon_aheneus|Eupercaria_Centrarchiformes_Terapontidae_Leiopotherapon_macrolepis|Eupercaria_Centrarchiformes_Terapontidae_Leiopotherapon_plumbeus|Eupercaria_Centrarchiformes_Terapontidae_Leiopotherapon_unicolor|Eupercaria_Centrarchiformes_Terapontidae_Variichthys_lacustris|Terapontidae_Hephaestus_fuliginosus",6.955213,115,116,0.01336,0.00192086137405138,-6.25498156122941,"treePL"
"clade:Eupercaria_Centrarchiformes_Terapontidae_Amniataba_affinis|Eupercaria_Centrarchiformes_Terapontidae_Amniataba_caudavittata|Eupercaria_Centrarchiformes_Terapontidae_Hannia_greenwayi|Eupercaria_Centrarchiformes_Terapontidae_Lagusia_micracanthus|Eupercaria_Centrarchiformes_Terapontidae_Leiopotherapon_aheneus|Eupercaria_Centrarchiformes_Terapontidae_Leiopotherapon_macrolepis|Eupercaria_Centrarchiformes_Terapontidae_Leiopotherapon_plumbeus|Eupercaria_Centrarchiformes_Terapontidae_Leiopotherapon_unicolor|Eupercaria_Centrarchiformes_Terapontidae_Variichthys_lacustris",2.745484,116,117,0.004725,0.00172100802627151,-6.36484509803816,"treePL"
"clade:Eupercaria_Centrarchiformes_Terapontidae_Amniataba_affinis|Eupercaria_Centrarchiformes_Terapontidae_Amniataba_caudavittata|Eupercaria_Centrarchiformes_Terapontidae_Hannia_greenwayi|Eupercaria_Centrarchiformes_Terapontidae_Lagusia_micracanthus|Eupercaria_Centrarchiformes_Terapontidae_Leiopotherapon_aheneus|Eupercaria_Centrarchiformes_Terapontidae_Leiopotherapon_plumbeus",1.139686,117,118,0.001729,0.00151708453030045,-6.49096485815072,"treePL"
"clade:Eupercaria_Centrarchiformes_Terapontidae_Amniataba_affinis|Eupercaria_Centrarchiformes_Terapontidae_Amniataba_caudavittata|Eupercaria_Centrarchiformes_Terapontidae_Lagusia_micracanthus|Eupercaria_Centrarchiformes_Terapontidae_Leiopotherapon_plumbeus",1.711549,118,119,0.002783,0.00162601246005811,-6.42162460487351,"treePL"
"clade:Eupercaria_Centrarchiformes_Terapontidae_Amniataba_affinis|Eupercaria_Centrarchiformes_Terapontidae_Lagusia_micracanthus|Eupercaria_Centrarchiformes_Terapontidae_Leiopotherapon_plumbeus",0.471234,119,120,0.001468,0.00311522513231218,-5.77145385573886,"treePL"
"clade:Eupercaria_Centrarchiformes_Terapontidae_Amniataba_affinis|Eupercaria_Centrarchiformes_Terapontidae_Leiopotherapon_plumbeus",0.728337,120,121,0.001425,0.00195651188941383,-6.23659203945324,"treePL"
"clade:Eupercaria_Centrarchiformes_Terapontidae_Amniataba_percoides|Terapontidae_Hephaestus_fuliginosus",9.370666,116,125,0.007166,0.000764726861463209,-7.17599183173201,"treePL"
"clade:Eupercaria_Centrarchiformes_Terapontidae_Bidyanus_welchi|Eupercaria_Centrarchiformes_Terapontidae_Hephaestus_epirrhinos|Eupercaria_Centrarchiformes_Terapontidae_Hephaestus_tulliensis|Eupercaria_Centrarchiformes_Terapontidae_Pingalla_gilberti|Eupercaria_Centrarchiformes_Terapontidae_Pingalla_lorentzi|Eupercaria_Centrarchiformes_Terapontidae_Pingalla_midgleyi|Eupercaria_Centrarchiformes_Terapontidae_Scortum_barcoo|Eupercaria_Centrarchiformes_Terapontidae_Scortum_hillii|Eupercaria_Centrarchiformes_Terapontidae_Scortum_ogilbyi|Eupercaria_Centrarchiformes_Terapontidae_Scortum_parviceps|Eupercaria_Centrarchiformes_Terapontidae_Syncomistes_bonapartensis|Eupercaria_Centrarchiformes_Terapontidae_Syncomistes_butleri|Eupercaria_Centrarchiformes_Terapontidae_Syncomistes_carcharus|Eupercaria_Centrarchiformes_Terapontidae_Syncomistes_dilliensis|Eupercaria_Centrarchiformes_Terapontidae_Syncomistes_holsworthi|Eupercaria_Centrarchiformes_Terapontidae_Syncomistes_kimberleyensis|Eupercaria_Centrarchiformes_Terapontidae_Syncomistes_moranensis|Eupercaria_Centrarchiformes_Terapontidae_Syncomistes_rastellus|Eupercaria_Centrarchiformes_Terapontidae_Syncomistes_trigonicus|Eupercaria_Centrarchiformes_Terapontidae_Syncomistes_versicolor|Eupercaria_Centrarchiformes_Terapontidae_Syncomistes_wunambal|Terapontidae_Bidyanus_bidyanus|Terapontidae_Hephaestus_jenkinsi",3.569958,112,135,0.004648,0.00130197610167963,-6.64387209044899,"treePL"
"clade:Eupercaria_Centrarchiformes_Terapontidae_Bidyanus_welchi|Eupercaria_Centrarchiformes_Terapontidae_Hephaestus_epirrhinos|Eupercaria_Centrarchiformes_Terapontidae_Hephaestus_tulliensis|Eupercaria_Centrarchiformes_Terapontidae_Scortum_barcoo|Eupercaria_Centrarchiformes_Terapontidae_Scortum_hillii|Eupercaria_Centrarchiformes_Terapontidae_Scortum_ogilbyi|Eupercaria_Centrarchiformes_Terapontidae_Scortum_parviceps|Eupercaria_Centrarchiformes_Terapontidae_Syncomistes_bonapartensis|Eupercaria_Centrarchiformes_Terapontidae_Syncomistes_butleri|Eupercaria_Centrarchiformes_Terapontidae_Syncomistes_carcharus|Eupercaria_Centrarchiformes_Terapontidae_Syncomistes_dilliensis|Eupercaria_Centrarchiformes_Terapontidae_Syncomistes_holsworthi|Eupercaria_Centrarchiformes_Terapontidae_Syncomistes_kimberleyensis|Eupercaria_Centrarchiformes_Terapontidae_Syncomistes_moranensis|Eupercaria_Centrarchiformes_Terapontidae_Syncomistes_rastellus|Eupercaria_Centrarchiformes_Terapontidae_Syncomistes_trigonicus|Eupercaria_Centrarchiformes_Terapontidae_Syncomistes_versicolor|Eupercaria_Centrarchiformes_Terapontidae_Syncomistes_wunambal|Terapontidae_Bidyanus_bidyanus|Terapontidae_Hephaestus_jenkinsi",3.926825,135,136,0.004095,0.00104282722046437,-6.86581977300015,"treePL"
"clade:Eupercaria_Centrarchiformes_Terapontidae_Bidyanus_welchi|Terapontidae_Bidyanus_bidyanus",11.875166,136,154,0.006982,0.000587949675819269,-7.43886919906966,"treePL"
"clade:Eupercaria_Centrarchiformes_Terapontidae_Hannia_greenwayi|Eupercaria_Centrarchiformes_Terapontidae_Leiopotherapon_aheneus",3.318255,118,122,0.005418,0.00163278590705054,-6.41746757766063,"treePL"
"clade:Eupercaria_Centrarchiformes_Terapontidae_Helotes_octolineatus|Eupercaria_Centrarchiformes_Terapontidae_Pelates_sexlineatus|Terapontidae_Pelates_quadrilineatus",4.955753,132,133,0.010426,0.00210381752278614,-6.16400171658164,"treePL"
"clade:Eupercaria_Centrarchiformes_Terapontidae_Helotes_octolineatus|Eupercaria_Centrarchiformes_Terapontidae_Pelates_sexlineatus|Terapontidae_Pelates_quadrilineatus|Terapontidae_Terapon_puta|Terapontidae_Terapon_theraps",2.279036,113,131,0.004353,0.00191001809537015,-6.26064256295269,"treePL"
"clade:Eupercaria_Centrarchiformes_Terapontidae_Helotes_octolineatus|Eupercaria_Centrarchiformes_Terapontidae_Pelates_sexlineatus|Terapontidae_Pelates_quadrilineatus|Terapontidae_Terapon_theraps",2.789559,131,132,0.005295,0.00189814949244666,-6.2668758187524,"treePL"
"clade:Eupercaria_Centrarchiformes_Terapontidae_Hephaestus_carbo|Eupercaria_Centrarchiformes_Terapontidae_Hephaestus_habbemai",4.343357,126,127,0.003908,0.000899764859301227,-7.01337709621933,"treePL"
"clade:Eupercaria_Centrarchiformes_Terapontidae_Hephaestus_carbo|Eupercaria_Centrarchiformes_Terapontidae_Hephaestus_habbemai|Eupercaria_Centrarchiformes_Terapontidae_Hephaestus_transmontanus",13.599091,115,126,0.018362,0.00135023730630231,-6.60747491953357,"treePL"
"clade:Eupercaria_Centrarchiformes_Terapontidae_Hephaestus_epirrhinos|Eupercaria_Centrarchiformes_Terapontidae_Hephaestus_tulliensis|Eupercaria_Centrarchiformes_Terapontidae_Scortum_barcoo|Eupercaria_Centrarchiformes_Terapontidae_Scortum_hillii|Eupercaria_Centrarchiformes_Terapontidae_Scortum_ogilbyi|Eupercaria_Centrarchiformes_Terapontidae_Scortum_parviceps|Eupercaria_Centrarchiformes_Terapontidae_Syncomistes_bonapartensis|Eupercaria_Centrarchiformes_Terapontidae_Syncomistes_butleri|Eupercaria_Centrarchiformes_Terapontidae_Syncomistes_carcharus|Eupercaria_Centrarchiformes_Terapontidae_Syncomistes_dilliensis|Eupercaria_Centrarchiformes_Terapontidae_Syncomistes_holsworthi|Eupercaria_Centrarchiformes_Terapontidae_Syncomistes_kimberleyensis|Eupercaria_Centrarchiformes_Terapontidae_Syncomistes_moranensis|Eupercaria_Centrarchiformes_Terapontidae_Syncomistes_rastellus|Eupercaria_Centrarchiformes_Terapontidae_Syncomistes_trigonicus|Eupercaria_Centrarchiformes_Terapontidae_Syncomistes_versicolor|Eupercaria_Centrarchiformes_Terapontidae_Syncomistes_wunambal|Terapontidae_Hephaestus_jenkinsi",3.733064,136,137,0.003032,0.000812201451676157,-7.11576215537539,"treePL"
"clade:Eupercaria_Centrarchiformes_Terapontidae_Hephaestus_epirrhinos|Terapontidae_Hephaestus_jenkinsi",6.860842,137,153,0.002604,0.000379545251151389,-7.87653672936639,"treePL"
"clade:Eupercaria_Centrarchiformes_Terapontidae_Hephaestus_tulliensis|Eupercaria_Centrarchiformes_Terapontidae_Scortum_barcoo|Eupercaria_Centrarchiformes_Terapontidae_Scortum_hillii|Eupercaria_Centrarchiformes_Terapontidae_Scortum_ogilbyi|Eupercaria_Centrarchiformes_Terapontidae_Scortum_parviceps|Eupercaria_Centrarchiformes_Terapontidae_Syncomistes_bonapartensis|Eupercaria_Centrarchiformes_Terapontidae_Syncomistes_butleri|Eupercaria_Centrarchiformes_Terapontidae_Syncomistes_carcharus|Eupercaria_Centrarchiformes_Terapontidae_Syncomistes_dilliensis|Eupercaria_Centrarchiformes_Terapontidae_Syncomistes_holsworthi|Eupercaria_Centrarchiformes_Terapontidae_Syncomistes_kimberleyensis|Eupercaria_Centrarchiformes_Terapontidae_Syncomistes_moranensis|Eupercaria_Centrarchiformes_Terapontidae_Syncomistes_rastellus|Eupercaria_Centrarchiformes_Terapontidae_Syncomistes_trigonicus|Eupercaria_Centrarchiformes_Terapontidae_Syncomistes_versicolor|Eupercaria_Centrarchiformes_Terapontidae_Syncomistes_wunambal",1.586551,137,138,0.00059,0.000371875848932685,-7.89695049882279,"treePL"
"clade:Eupercaria_Centrarchiformes_Terapontidae_Leiopotherapon_macrolepis|Eupercaria_Centrarchiformes_Terapontidae_Leiopotherapon_unicolor|Eupercaria_Centrarchiformes_Terapontidae_Variichthys_lacustris",0.773032,117,123,0.000428,0.000553664013908868,-7.49895252828487,"treePL"
"clade:Eupercaria_Centrarchiformes_Terapontidae_Leiopotherapon_macrolepis|Eupercaria_Centrarchiformes_Terapontidae_Variichthys_lacustris",2.578151,123,124,0.003515,0.0013633801899113,-6.59778822905805,"treePL"
"clade:Eupercaria_Centrarchiformes_Terapontidae_Mesopristes_argenteus|Eupercaria_Centrarchiformes_Terapontidae_Mesopristes_cancellatus|Eupercaria_Centrarchiformes_Terapontidae_Pelsartia_humeralis|Eupercaria_Centrarchiformes_Terapontidae_Rhynchopelates_oxyrhynchus",1.492748,114,128,0.001714,0.00114821791755876,-6.76954417544154,"treePL"
"clade:Eupercaria_Centrarchiformes_Terapontidae_Mesopristes_argenteus|Eupercaria_Centrarchiformes_Terapontidae_Mesopristes_cancellatus|Eupercaria_Centrarchiformes_Terapontidae_Rhynchopelates_oxyrhynchus",4.918211,128,129,0.006106,0.00124150834520926,-6.69142823116248,"treePL"
"clade:Eupercaria_Centrarchiformes_Terapontidae_Mesopristes_argenteus|Eupercaria_Centrarchiformes_Terapontidae_Rhynchopelates_oxyrhynchus",2.510992,129,130,0.002778,0.00110633566335536,-6.80670192883868,"treePL"
"clade:Eupercaria_Centrarchiformes_Terapontidae_Pelates_sexlineatus|Terapontidae_Pelates_quadrilineatus",10.735681,133,134,0.022158,0.00206395849504098,-6.18312954055678,"treePL"
"clade:Eupercaria_Centrarchiformes_Terapontidae_Pingalla_gilberti|Eupercaria_Centrarchiformes_Terapontidae_Pingalla_lorentzi|Eupercaria_Centrarchiformes_Terapontidae_Pingalla_midgleyi",9.932333,135,155,0.008525,0.00085830791214914,-7.06054765088676,"treePL"
"clade:Eupercaria_Centrarchiformes_Terapontidae_Pingalla_lorentzi|Eupercaria_Centrarchiformes_Terapontidae_Pingalla_midgleyi",3.10541,155,156,0.001879,0.000605073082137302,-7.41016131030763,"treePL"
"clade:Eupercaria_Centrarchiformes_Terapontidae_Scortum_barcoo|Eupercaria_Centrarchiformes_Terapontidae_Scortum_hillii|Eupercaria_Centrarchiformes_Terapontidae_Scortum_ogilbyi|Eupercaria_Centrarchiformes_Terapontidae_Scortum_parviceps",1.715377,139,150,0.001066,0.000621437736427619,-7.38347483477128,"treePL"
"clade:Eupercaria_Centrarchiformes_Terapontidae_Scortum_barcoo|Eupercaria_Centrarchiformes_Terapontidae_Scortum_hillii|Eupercaria_Centrarchiformes_Terapontidae_Scortum_ogilbyi|Eupercaria_Centrarchiformes_Terapontidae_Scortum_parviceps|Eupercaria_Centrarchiformes_Terapontidae_Syncomistes_bonapartensis|Eupercaria_Centrarchiformes_Terapontidae_Syncomistes_butleri|Eupercaria_Centrarchiformes_Terapontidae_Syncomistes_carcharus|Eupercaria_Centrarchiformes_Terapontidae_Syncomistes_dilliensis|Eupercaria_Centrarchiformes_Terapontidae_Syncomistes_holsworthi|Eupercaria_Centrarchiformes_Terapontidae_Syncomistes_kimberleyensis|Eupercaria_Centrarchiformes_Terapontidae_Syncomistes_moranensis|Eupercaria_Centrarchiformes_Terapontidae_Syncomistes_rastellus|Eupercaria_Centrarchiformes_Terapontidae_Syncomistes_trigonicus|Eupercaria_Centrarchiformes_Terapontidae_Syncomistes_versicolor|Eupercaria_Centrarchiformes_Terapontidae_Syncomistes_wunambal",1.449882,138,139,0.000182,0.000125527456717167,-8.98298604469814,"treePL"
"clade:Eupercaria_Centrarchiformes_Terapontidae_Scortum_barcoo|Eupercaria_Centrarchiformes_Terapontidae_Scortum_ogilbyi",9.141738,150,152,0.005315,0.000581399291907075,-7.45007278775033,"treePL"
"clade:Eupercaria_Centrarchiformes_Terapontidae_Scortum_hillii|Eupercaria_Centrarchiformes_Terapontidae_Scortum_parviceps",7.775768,150,151,0.004157,0.000534609571684752,-7.53397385003374,"treePL"
"clade:Eupercaria_Centrarchiformes_Terapontidae_Syncomistes_bonapartensis|Eupercaria_Centrarchiformes_Terapontidae_Syncomistes_butleri",2.402423,142,146,0.001273,0.000529881706926715,-7.5428567708076,"treePL"
"clade:Eupercaria_Centrarchiformes_Terapontidae_Syncomistes_bonapartensis|Eupercaria_Centrarchiformes_Terapontidae_Syncomistes_butleri|Eupercaria_Centrarchiformes_Terapontidae_Syncomistes_carcharus|Eupercaria_Centrarchiformes_Terapontidae_Syncomistes_dilliensis|Eupercaria_Centrarchiformes_Terapontidae_Syncomistes_holsworthi|Eupercaria_Centrarchiformes_Terapontidae_Syncomistes_kimberleyensis|Eupercaria_Centrarchiformes_Terapontidae_Syncomistes_moranensis|Eupercaria_Centrarchiformes_Terapontidae_Syncomistes_rastellus|Eupercaria_Centrarchiformes_Terapontidae_Syncomistes_trigonicus|Eupercaria_Centrarchiformes_Terapontidae_Syncomistes_versicolor|Eupercaria_Centrarchiformes_Terapontidae_Syncomistes_wunambal",2.909599,139,140,0.001887,0.000648542977915513,-7.34078228359645,"treePL"
"clade:Eupercaria_Centrarchiformes_Terapontidae_Syncomistes_bonapartensis|Eupercaria_Centrarchiformes_Terapontidae_Syncomistes_butleri|Eupercaria_Centrarchiformes_Terapontidae_Syncomistes_carcharus|Eupercaria_Centrarchiformes_Terapontidae_Syncomistes_dilliensis|Eupercaria_Centrarchiformes_Terapontidae_Syncomistes_holsworthi|Eupercaria_Centrarchiformes_Terapontidae_Syncomistes_kimberleyensis|Eupercaria_Centrarchiformes_Terapontidae_Syncomistes_rastellus|Eupercaria_Centrarchiformes_Terapontidae_Syncomistes_trigonicus|Eupercaria_Centrarchiformes_Terapontidae_Syncomistes_versicolor|Eupercaria_Centrarchiformes_Terapontidae_Syncomistes_wunambal",1.374423,140,141,0.00037,0.000269203876826858,-8.22004155900892,"treePL"
"clade:Eupercaria_Centrarchiformes_Terapontidae_Syncomistes_bonapartensis|Eupercaria_Centrarchiformes_Terapontidae_Syncomistes_butleri|Eupercaria_Centrarchiformes_Terapontidae_Syncomistes_kimberleyensis|Eupercaria_Centrarchiformes_Terapontidae_Syncomistes_rastellus|Eupercaria_Centrarchiformes_Terapontidae_Syncomistes_trigonicus|Eupercaria_Centrarchiformes_Terapontidae_Syncomistes_wunambal",1.789315,141,142,1e-06,5.58873088304742e-07,-14.3973434230114,"treePL"
"clade:Eupercaria_Centrarchiformes_Terapontidae_Syncomistes_carcharus|Eupercaria_Centrarchiformes_Terapontidae_Syncomistes_dilliensis|Eupercaria_Centrarchiformes_Terapontidae_Syncomistes_holsworthi|Eupercaria_Centrarchiformes_Terapontidae_Syncomistes_versicolor",1.312978,141,147,0.000876,0.000667185588791282,-7.31244230668646,"treePL"
"clade:Eupercaria_Centrarchiformes_Terapontidae_Syncomistes_carcharus|Eupercaria_Centrarchiformes_Terapontidae_Syncomistes_versicolor",2.609189,147,149,0.001736,0.00066534083962488,-7.31521110782329,"treePL"
"clade:Eupercaria_Centrarchiformes_Terapontidae_Syncomistes_dilliensis|Eupercaria_Centrarchiformes_Terapontidae_Syncomistes_holsworthi",1.566453,147,148,1e-06,6.3838493717973e-07,-14.2643243857325,"treePL"
"clade:Eupercaria_Centrarchiformes_Terapontidae_Syncomistes_kimberleyensis|Eupercaria_Centrarchiformes_Terapontidae_Syncomistes_rastellus",2.291071,143,145,0.00041,0.000178955606351789,-8.62837279209077,"treePL"
"clade:Eupercaria_Centrarchiformes_Terapontidae_Syncomistes_kimberleyensis|Eupercaria_Centrarchiformes_Terapontidae_Syncomistes_rastellus|Eupercaria_Centrarchiformes_Terapontidae_Syncomistes_trigonicus|Eupercaria_Centrarchiformes_Terapontidae_Syncomistes_wunambal",1.91705,142,143,0.000839,0.00043765160011476,-7.73408739764088,"treePL"
"clade:Eupercaria_Centrarchiformes_Terapontidae_Syncomistes_trigonicus|Eupercaria_Centrarchiformes_Terapontidae_Syncomistes_wunambal",1.847303,143,144,0.000768,0.000415741218414088,-7.78544756238951,"treePL"
"clade:Kyphosidae_Kyphosus_pacificus|Kyphosidae_Kyphosus_sectatrix",1.140955,173,174,0.000928,0.000813353725607057,-7.11434445619175,"treePL"
"tip:Centrarchidae_Lepomis_macrochirus",45.946322,208,105,0.022586,0.000491573623673294,-7.61789883575313,"treePL"
"tip:Centrarchidae_Micropterus_dolomieu",7.744324,209,103,0.003348,0.000432316623116491,-7.74635231429694,"treePL"
"tip:Centrarchidae_Micropterus_salmoides",7.744324,209,104,0.003338,0.000431025354827613,-7.74934364168452,"treePL"
"tip:Eupercaria_Centrarchiformes_Dichistiidae_Dichistius_capensis",19.401215,184,76,0.012183,0.00062795036290253,-7.37304943458402,"treePL"
"tip:Eupercaria_Centrarchiformes_Dichistiidae_Dichistius_multifasciatus",19.401215,184,75,0.032336,0.00166669974019668,-6.39690981129503,"treePL"
"tip:Eupercaria_Centrarchiformes_Girellidae_Girella_cyanea",9.670106,196,86,0.000761,7.86961383877281e-05,-9.44991647124504,"treePL"
"tip:Eupercaria_Centrarchiformes_Girellidae_Girella_fimbriata",1.219547,202,95,1e-06,8.19976597867897e-07,-14.0139900362809,"treePL"
"tip:Eupercaria_Centrarchiformes_Girellidae_Girella_laevifrons",11.539313,194,89,0.012285,0.00106462143803535,-6.84513600025445,"treePL"
"tip:Eupercaria_Centrarchiformes_Girellidae_Girella_leonina",0.484282,201,91,1e-06,2.06491259224997e-06,-13.0904226606554,"treePL"
"tip:Eupercaria_Centrarchiformes_Girellidae_Girella_melanichthys",0.484282,201,90,0.000549,0.00113363701314523,-6.78232421914586,"treePL"
"tip:Eupercaria_Centrarchiformes_Girellidae_Girella_mezina",8.765627,200,92,0.011373,0.0012974542494222,-6.64735120410682,"treePL"
"tip:Eupercaria_Centrarchiformes_Girellidae_Girella_nebulosa",1.219547,202,94,0.001414,0.00115944690938521,-6.75981218982434,"treePL"
"tip:Eupercaria_Centrarchiformes_Girellidae_Girella_nigricans",1.660053,198,88,0.003097,0.00186560308616653,-6.28417090756069,"treePL"
"tip:Eupercaria_Centrarchiformes_Girellidae_Girella_punctata",10.676481,199,93,0.006637,0.000621646776686063,-7.38313850967317,"treePL"
"tip:Eupercaria_Centrarchiformes_Girellidae_Girella_simplicidens",1.660053,198,87,0.001983,0.00119454017431974,-6.7299939590141,"treePL"
"tip:Eupercaria_Centrarchiformes_Girellidae_Girella_tricuspidata",8.063907,197,85,0.007605,0.000943091233567054,-6.9663475317953,"treePL"
"tip:Eupercaria_Centrarchiformes_Girellidae_Girella_zebra",8.063907,197,84,0.013903,0.00172410222488925,-6.36304881331915,"treePL"
"tip:Eupercaria_Centrarchiformes_Girellidae_Graus_nigra",33.054296,191,96,0.039409,0.00119225047176924,-6.73191260508945,"treePL"
"tip:Eupercaria_Centrarchiformes_Kuhliidae_Kuhlia_caudavittata",30.333616,158,58,0.024914,0.000821333005600124,-7.10458192100488,"treePL"
"tip:Eupercaria_Centrarchiformes_Kuhliidae_Kuhlia_mugil",4.814984,166,53,0.001613,0.000334995921066404,-8.00139220213452,"treePL"
"tip:Eupercaria_Centrarchiformes_Kuhliidae_Kuhlia_munda",36.332659,157,59,0.040495,0.00111456197026482,-6.79929380303696,"treePL"
"tip:Eupercaria_Centrarchiformes_Kuhliidae_Kuhlia_nutabunda",3.101314,167,55,0.001507,0.000485923063578857,-7.6294602519887,"treePL"
"tip:Eupercaria_Centrarchiformes_Kuhliidae_Kuhlia_rupestris",14.437283,163,52,0.007721,0.00053479591693257,-7.53362534752148,"treePL"
"tip:Eupercaria_Centrarchiformes_Kuhliidae_Kuhlia_salelea",5.41756,162,48,0.004538,0.000837646468151714,-7.08491442221073,"treePL"
"tip:Eupercaria_Centrarchiformes_Kuhliidae_Kuhlia_sandvicensis",3.101314,167,56,0.001505,0.00048527817563781,-7.63078827343222,"treePL"
"tip:Eupercaria_Centrarchiformes_Kuhliidae_Kuhlia_sauvagii",14.437283,163,51,0.015541,0.00107644907978877,-6.83408754391469,"treePL"
"tip:Eupercaria_Centrarchiformes_Kyphosidae_Kyphosus_azureus",22.102671,177,70,0.017991,0.000813974021510794,-7.11358210707692,"treePL"
"tip:Eupercaria_Centrarchiformes_Kyphosidae_Kyphosus_bigibbus",2.278255,173,62,0.002216,0.000972674261660789,-6.93546130915575,"treePL"
"tip:Eupercaria_Centrarchiformes_Kyphosidae_Kyphosus_cornelii",22.102671,177,69,0.015082,0.000682360968952576,-7.28995176015095,"treePL"
"tip:Eupercaria_Centrarchiformes_Kyphosidae_Kyphosus_hawaiiensis",2.929311,175,67,0.001403,0.000478952217774077,-7.64390971965423,"treePL"
"tip:Eupercaria_Centrarchiformes_Kyphosidae_Kyphosus_ocyurus",1.750644,176,65,0.001931,0.00110302265909003,-6.80970099577579,"treePL"
"tip:Eupercaria_Centrarchiformes_Kyphosidae_Kyphosus_sydneyanus",17.448608,169,68,0.006616,0.000379170647882055,-7.87752419595369,"treePL"
"tip:Eupercaria_Centrarchiformes_Microcanthidae_Microcanthus_strigatus",26.61471,181,73,0.041516,0.00155988924921594,-6.46314045433324,"treePL"
"tip:Eupercaria_Centrarchiformes_Microcanthidae_Neatypus_obliquus",21.107147,182,71,0.031782,0.00150574589734937,-6.49846689070006,"treePL"
"tip:Eupercaria_Centrarchiformes_Microcanthidae_Tilodon_sexfasciatus",21.107147,182,72,0.020591,0.000975546339825084,-6.9325128953645,"treePL"
"tip:Eupercaria_Centrarchiformes_Oplegnathidae_Oplegnathus_conwayi",40.648268,183,77,0.04296,0.00105687159905559,-6.85244205624154,"treePL"
"tip:Eupercaria_Centrarchiformes_Oplegnathidae_Oplegnathus_fasciatus",15.230419,188,80,0.004583,0.000300910959836364,-8.10869615147427,"treePL"
"tip:Eupercaria_Centrarchiformes_Oplegnathidae_Oplegnathus_insignis",21.681034,186,82,0.044127,0.00203528115863847,-6.1971213081379,"treePL"
"tip:Eupercaria_Centrarchiformes_Oplegnathidae_Oplegnathus_peaolopesi",1.004161,189,79,0.002902,0.00288997481479564,-5.84650749149935,"treePL"
"tip:Eupercaria_Centrarchiformes_Oplegnathidae_Oplegnathus_robinsoni",1.004161,189,78,1e-06,9.95856242176304e-07,-13.8196629249435,"treePL"
"tip:Eupercaria_Centrarchiformes_Scorpididae_Labracoglossa_argenteiventris",44.794769,203,102,0.046588,0.00104003215196846,-6.86850365095244,"treePL"
"tip:Eupercaria_Centrarchiformes_Scorpididae_Medialuna_californiensis",27.171052,207,101,0.015051,0.000553935121834812,-7.49846298667616,"treePL"
"tip:Eupercaria_Centrarchiformes_Scorpididae_Scorpis_georgiana",27.171052,207,100,0.030009,0.00110444748329951,-6.80841008417523,"treePL"
"tip:Eupercaria_Centrarchiformes_Scorpididae_Scorpis_lineolata",12.022608,206,98,0.002596,0.000215926527755043,-8.44057235742621,"treePL"
"tip:Eupercaria_Centrarchiformes_Scorpididae_Scorpis_violacea",12.022608,206,97,0.002214,0.000184153055643168,-8.59974332198161,"treePL"
"tip:Eupercaria_Centrarchiformes_Terapontidae_Amniataba_affinis",5.329564,121,1,0.004459,0.000836653805076738,-7.08610018704295,"treePL"
"tip:Eupercaria_Centrarchiformes_Terapontidae_Amniataba_caudavittata",6.529134,119,4,0.007469,0.00114394956513375,-6.77326847341791,"treePL"
"tip:Eupercaria_Centrarchiformes_Terapontidae_Amniataba_percoides",2.755188,125,10,0.000531,0.000192727320240942,-8.55423421656343,"treePL"
"tip:Eupercaria_Centrarchiformes_Terapontidae_Bidyanus_welchi",7.589908,154,42,0.005346,0.00070435636373985,-7.25822613138736,"treePL"
"tip:Eupercaria_Centrarchiformes_Terapontidae_Hannia_greenwayi",4.922429,122,6,0.005887,0.0011959542737945,-6.72881085679787,"treePL"
"tip:Eupercaria_Centrarchiformes_Terapontidae_Helotes_octolineatus",15.915971,133,21,0.034201,0.00214884784597811,-6.14282346607215,"treePL"
"tip:Eupercaria_Centrarchiformes_Terapontidae_Hephaestus_carbo",1.138618,127,12,0.000233,0.00020463403880845,-8.49428735069657,"treePL"
"tip:Eupercaria_Centrarchiformes_Terapontidae_Hephaestus_epirrhinos",8.871168,153,40,0.000586,6.60566906184169e-05,-9.62499723585934,"treePL"
"tip:Eupercaria_Centrarchiformes_Terapontidae_Hephaestus_habbemai",1.138618,127,13,7e-04,0.00061478037410264,-7.39424546921886,"treePL"
"tip:Eupercaria_Centrarchiformes_Terapontidae_Hephaestus_transmontanus",5.481976,126,14,0.008332,0.00151988990831043,-6.48911737549018,"treePL"
"tip:Eupercaria_Centrarchiformes_Terapontidae_Hephaestus_tulliensis",14.145459,138,39,0.002882,0.00020374029573731,-8.4986644352607,"treePL"
"tip:Eupercaria_Centrarchiformes_Terapontidae_Lagusia_micracanthus",6.057901,120,3,0.018915,0.00312236862239908,-5.76916339134159,"treePL"
"tip:Eupercaria_Centrarchiformes_Terapontidae_Leiopotherapon_aheneus",4.922429,122,5,0.008311,0.00168839408349008,-6.38397744827311,"treePL"
"tip:Eupercaria_Centrarchiformes_Terapontidae_Leiopotherapon_macrolepis",6.029187,124,7,0.013211,0.00219117436563172,-6.12331763886454,"treePL"
"tip:Eupercaria_Centrarchiformes_Terapontidae_Leiopotherapon_plumbeus",5.329564,121,2,0.007277,0.00136540249821561,-6.59630602332334,"treePL"
"tip:Eupercaria_Centrarchiformes_Terapontidae_Leiopotherapon_unicolor",8.607338,123,9,0.004394,0.000510494650030009,-7.58013040027733,"treePL"
"tip:Eupercaria_Centrarchiformes_Terapontidae_Mesopristes_argenteus",15.374403,130,16,0.007666,0.000498620987104345,-7.60366429569419,"treePL"
"tip:Eupercaria_Centrarchiformes_Terapontidae_Mesopristes_cancellatus",17.885396,129,17,0.018249,0.0010203296589016,-6.88762950890064,"treePL"
"tip:Eupercaria_Centrarchiformes_Terapontidae_Pelates_sexlineatus",5.18029,134,19,0.008957,0.0017290537788425,-6.36018096874938,"treePL"
"tip:Eupercaria_Centrarchiformes_Terapontidae_Pelsartia_humeralis",22.803607,128,18,0.021582,0.000946429220605319,-6.9628143702428,"treePL"
"tip:Eupercaria_Centrarchiformes_Terapontidae_Pingalla_gilberti",13.459566,155,46,0.011452,0.000850844670623109,-7.06928097175802,"treePL"
"tip:Eupercaria_Centrarchiformes_Terapontidae_Pingalla_lorentzi",10.354156,156,45,0.006642,0.000641481546154027,-7.3517301410347,"treePL"
"tip:Eupercaria_Centrarchiformes_Terapontidae_Pingalla_midgleyi",10.354156,156,44,0.003993,0.00038564224838799,-7.86060043590817,"treePL"
"tip:Eupercaria_Centrarchiformes_Terapontidae_Rhynchopelates_oxyrhynchus",15.374403,130,15,0.02682,0.00174445797992937,-6.35131138479902,"treePL"
"tip:Eupercaria_Centrarchiformes_Terapontidae_Scortum_barcoo",1.838461,152,38,1e-06,5.43933213704289e-07,-14.4244393665531,"treePL"
"tip:Eupercaria_Centrarchiformes_Terapontidae_Scortum_hillii",3.204431,151,35,0.001674,0.00052240163698329,-7.55707384642486,"treePL"
"tip:Eupercaria_Centrarchiformes_Terapontidae_Scortum_ogilbyi",1.838461,152,37,1e-06,5.43933213704289e-07,-14.4244393665531,"treePL"
"tip:Eupercaria_Centrarchiformes_Terapontidae_Scortum_parviceps",3.204431,151,36,0.001147,0.000357941862377439,-7.93513998034491,"treePL"
"tip:Eupercaria_Centrarchiformes_Terapontidae_Syncomistes_bonapartensis",4.219816,146,28,0.001747,0.00041399909379935,-7.78964677303181,"treePL"
"tip:Eupercaria_Centrarchiformes_Terapontidae_Syncomistes_butleri",4.219816,146,29,0.000943,0.000223469459331876,-8.40623580053241,"treePL"
"tip:Eupercaria_Centrarchiformes_Terapontidae_Syncomistes_carcharus",4.489387,149,33,0.00478,0.00106473333664485,-6.84503089929999,"treePL"
"tip:Eupercaria_Centrarchiformes_Terapontidae_Syncomistes_dilliensis",5.532123,148,30,0.004834,0.000873805589644337,-7.0426526445295,"treePL"
"tip:Eupercaria_Centrarchiformes_Terapontidae_Syncomistes_holsworthi",5.532123,148,31,0.000859,0.000155274927907424,-8.77031328380867,"treePL"
"tip:Eupercaria_Centrarchiformes_Terapontidae_Syncomistes_kimberleyensis",2.414117,145,27,1e-06,4.14230130519772e-07,-14.6968441467393,"treePL"
"tip:Eupercaria_Centrarchiformes_Terapontidae_Syncomistes_moranensis",9.785977,140,34,0.002611,0.000266810355266521,-8.22897243183297,"treePL"
"tip:Eupercaria_Centrarchiformes_Terapontidae_Syncomistes_rastellus",2.414117,145,26,0.001262,0.000522758424715952,-7.55639110363819,"treePL"
"tip:Eupercaria_Centrarchiformes_Terapontidae_Syncomistes_trigonicus",2.857886,144,25,0.001135,0.000397146702142773,-7.83120481872731,"treePL"
"tip:Eupercaria_Centrarchiformes_Terapontidae_Syncomistes_versicolor",4.489387,149,32,1e-06,2.22747559967541e-07,-15.3172267247855,"treePL"
"tip:Eupercaria_Centrarchiformes_Terapontidae_Syncomistes_wunambal",2.857886,144,24,0.001737,0.000607791913323345,-7.40567798240171,"treePL"
"tip:Eupercaria_Centrarchiformes_Terapontidae_Variichthys_lacustris",6.029187,124,8,0.005728,0.000950045171927824,-6.95900102510242,"treePL"
"tip:Kuhliidae_Kuhlia_malo",5.41756,162,49,0.003259,0.000601562326951617,-7.41598040871296,"treePL"
"tip:Kuhliidae_Kuhlia_marginata",8.191448,161,50,0.001015,0.000123909716572699,-8.99595734970272,"treePL"
"tip:Kuhliidae_Kuhlia_petiti",4.814984,166,54,0.001621,0.000336657401146089,-7.99644475852405,"treePL"
"tip:Kuhliidae_Kuhlia_xenura",20.716018,164,57,0.005143,0.000248261997069128,-8.30102592964423,"treePL"
"tip:Kyphosidae_Kyphosus_cinerascens",4.590198,172,63,0.003823,0.000832861676119418,-7.09064298466483,"treePL"
"tip:Kyphosidae_Kyphosus_elegans",5.815951,171,64,0.004243,0.000729545348645475,-7.22308902792329,"treePL"
"tip:Kyphosidae_Kyphosus_pacificus",1.137299,174,61,0.001275,0.00112107721891956,-6.79346525330415,"treePL"
"tip:Kyphosidae_Kyphosus_sectatrix",1.137299,174,60,0.001341,0.00117910945142834,-6.74299582761499,"treePL"
"tip:Kyphosidae_Kyphosus_vaigiensis",1.750644,176,66,0.000538,0.000307315479332177,-8.08763571804252,"treePL"
"tip:Oplegnathidae_Oplegnathus_punctatus",16.60767,187,81,0.008042,0.000484234091838289,-7.63294210735093,"treePL"
"tip:Oplegnathidae_Oplegnathus_woodwardi",23.19835,185,83,0.013728,0.000591766224753054,-7.43239889168994,"treePL"
"tip:Scorpididae_Atypichthys_strigatus",32.073478,180,74,0.006361,0.00019832585664704,-8.52559913937527,"treePL"
"tip:Scorpididae_Scorpis_aequipinnis",20.084568,205,99,0.004848,0.000241379351549906,-8.32914078920656,"treePL"
"tip:Terapontidae_Bidyanus_bidyanus",7.589908,154,43,1e-06,1.31753902682351e-07,-15.8423300280862,"treePL"
"tip:Terapontidae_Hephaestus_fuliginosus",2.755188,125,11,0.001587,0.000576004250889595,-7.45939551727896,"treePL"
"tip:Terapontidae_Hephaestus_jenkinsi",8.871168,153,41,0.003504,0.000394987446974288,-7.83665657338007,"treePL"
"tip:Terapontidae_Pelates_quadrilineatus",5.18029,134,20,0.012288,0.00237206797302854,-6.04399314183712,"treePL"
"tip:Terapontidae_Terapon_jarbua",30.696201,111,47,0.039468,0.00128576171364007,-6.65640396299487,"treePL"
"tip:Terapontidae_Terapon_puta",23.661283,131,23,0.035678,0.00150786413399476,-6.49706111027578,"treePL"
"tip:Terapontidae_Terapon_theraps",20.871724,132,22,0.033478,0.00160398824744904,-6.43526209659144,"treePL"
"clade:Centrarchidae_Lepomis_macrochirus|Centrarchidae_Micropterus_dolomieu|Centrarchidae_Micropterus_salmoides",61.18269076,106,208,0.027243,0.000445272995705036,-7.71682299040151,"RelTime"
"clade:Centrarchidae_Micropterus_dolomieu|Centrarchidae_Micropterus_salmoides",36.05300253,208,209,0.014861,0.000412198678532642,-7.79400509540184,"RelTime"
"clade:Eupercaria_Centrarchiformes_Dichistiidae_Dichistius_capensis|Eupercaria_Centrarchiformes_Dichistiidae_Dichistius_multifasciatus",27.44761091,183,184,0.025626,0.00093363317062556,-6.97642694781851,"RelTime"
"clade:Eupercaria_Centrarchiformes_Dichistiidae_Dichistius_capensis|Eupercaria_Centrarchiformes_Dichistiidae_Dichistius_multifasciatus|Eupercaria_Centrarchiformes_Girellidae_Girella_cyanea|Eupercaria_Centrarchiformes_Girellidae_Girella_fimbriata|Eupercaria_Centrarchiformes_Girellidae_Girella_laevifrons|Eupercaria_Centrarchiformes_Girellidae_Girella_leonina|Eupercaria_Centrarchiformes_Girellidae_Girella_melanichthys|Eupercaria_Centrarchiformes_Girellidae_Girella_mezina|Eupercaria_Centrarchiformes_Girellidae_Girella_nebulosa|Eupercaria_Centrarchiformes_Girellidae_Girella_nigricans|Eupercaria_Centrarchiformes_Girellidae_Girella_punctata|Eupercaria_Centrarchiformes_Girellidae_Girella_simplicidens|Eupercaria_Centrarchiformes_Girellidae_Girella_tricuspidata|Eupercaria_Centrarchiformes_Girellidae_Girella_zebra|Eupercaria_Centrarchiformes_Girellidae_Graus_nigra|Eupercaria_Centrarchiformes_Kuhliidae_Kuhlia_caudavittata|Eupercaria_Centrarchiformes_Kuhliidae_Kuhlia_mugil|Eupercaria_Centrarchiformes_Kuhliidae_Kuhlia_munda|Eupercaria_Centrarchiformes_Kuhliidae_Kuhlia_nutabunda|Eupercaria_Centrarchiformes_Kuhliidae_Kuhlia_rupestris|Eupercaria_Centrarchiformes_Kuhliidae_Kuhlia_salelea|Eupercaria_Centrarchiformes_Kuhliidae_Kuhlia_sandvicensis|Eupercaria_Centrarchiformes_Kuhliidae_Kuhlia_sauvagii|Eupercaria_Centrarchiformes_Kyphosidae_Kyphosus_azureus|Eupercaria_Centrarchiformes_Kyphosidae_Kyphosus_bigibbus|Eupercaria_Centrarchiformes_Kyphosidae_Kyphosus_cornelii|Eupercaria_Centrarchiformes_Kyphosidae_Kyphosus_hawaiiensis|Eupercaria_Centrarchiformes_Kyphosidae_Kyphosus_ocyurus|Eupercaria_Centrarchiformes_Kyphosidae_Kyphosus_sydneyanus|Eupercaria_Centrarchiformes_Microcanthidae_Microcanthus_strigatus|Eupercaria_Centrarchiformes_Microcanthidae_Neatypus_obliquus|Eupercaria_Centrarchiformes_Microcanthidae_Tilodon_sexfasciatus|Eupercaria_Centrarchiformes_Oplegnathidae_Oplegnathus_conwayi|Eupercaria_Centrarchiformes_Oplegnathidae_Oplegnathus_fasciatus|Eupercaria_Centrarchiformes_Oplegnathidae_Oplegnathus_insignis|Eupercaria_Centrarchiformes_Oplegnathidae_Oplegnathus_peaolopesi|Eupercaria_Centrarchiformes_Oplegnathidae_Oplegnathus_robinsoni|Eupercaria_Centrarchiformes_Scorpididae_Labracoglossa_argenteiventris|Eupercaria_Centrarchiformes_Scorpididae_Medialuna_californiensis|Eupercaria_Centrarchiformes_Scorpididae_Scorpis_georgiana|Eupercaria_Centrarchiformes_Scorpididae_Scorpis_lineolata|Eupercaria_Centrarchiformes_Scorpididae_Scorpis_violacea|Eupercaria_Centrarchiformes_Terapontidae_Amniataba_affinis|Eupercaria_Centrarchiformes_Terapontidae_Amniataba_caudavittata|Eupercaria_Centrarchiformes_Terapontidae_Amniataba_percoides|Eupercaria_Centrarchiformes_Terapontidae_Bidyanus_welchi|Eupercaria_Centrarchiformes_Terapontidae_Hannia_greenwayi|Eupercaria_Centrarchiformes_Terapontidae_Helotes_octolineatus|Eupercaria_Centrarchiformes_Terapontidae_Hephaestus_carbo|Eupercaria_Centrarchiformes_Terapontidae_Hephaestus_epirrhinos|Eupercaria_Centrarchiformes_Terapontidae_Hephaestus_habbemai|Eupercaria_Centrarchiformes_Terapontidae_Hephaestus_transmontanus|Eupercaria_Centrarchiformes_Terapontidae_Hephaestus_tulliensis|Eupercaria_Centrarchiformes_Terapontidae_Lagusia_micracanthus|Eupercaria_Centrarchiformes_Terapontidae_Leiopotherapon_aheneus|Eupercaria_Centrarchiformes_Terapontidae_Leiopotherapon_macrolepis|Eupercaria_Centrarchiformes_Terapontidae_Leiopotherapon_plumbeus|Eupercaria_Centrarchiformes_Terapontidae_Leiopotherapon_unicolor|Eupercaria_Centrarchiformes_Terapontidae_Mesopristes_argenteus|Eupercaria_Centrarchiformes_Terapontidae_Mesopristes_cancellatus|Eupercaria_Centrarchiformes_Terapontidae_Pelates_sexlineatus|Eupercaria_Centrarchiformes_Terapontidae_Pelsartia_humeralis|Eupercaria_Centrarchiformes_Terapontidae_Pingalla_gilberti|Eupercaria_Centrarchiformes_Terapontidae_Pingalla_lorentzi|Eupercaria_Centrarchiformes_Terapontidae_Pingalla_midgleyi|Eupercaria_Centrarchiformes_Terapontidae_Rhynchopelates_oxyrhynchus|Eupercaria_Centrarchiformes_Terapontidae_Scortum_barcoo|Eupercaria_Centrarchiformes_Terapontidae_Scortum_hillii|Eupercaria_Centrarchiformes_Terapontidae_Scortum_ogilbyi|Eupercaria_Centrarchiformes_Terapontidae_Scortum_parviceps|Eupercaria_Centrarchiformes_Terapontidae_Syncomistes_bonapartensis|Eupercaria_Centrarchiformes_Terapontidae_Syncomistes_butleri|Eupercaria_Centrarchiformes_Terapontidae_Syncomistes_carcharus|Eupercaria_Centrarchiformes_Terapontidae_Syncomistes_dilliensis|Eupercaria_Centrarchiformes_Terapontidae_Syncomistes_holsworthi|Eupercaria_Centrarchiformes_Terapontidae_Syncomistes_kimberleyensis|Eupercaria_Centrarchiformes_Terapontidae_Syncomistes_moranensis|Eupercaria_Centrarchiformes_Terapontidae_Syncomistes_rastellus|Eupercaria_Centrarchiformes_Terapontidae_Syncomistes_trigonicus|Eupercaria_Centrarchiformes_Terapontidae_Syncomistes_versicolor|Eupercaria_Centrarchiformes_Terapontidae_Syncomistes_wunambal|Eupercaria_Centrarchiformes_Terapontidae_Variichthys_lacustris|Kuhliidae_Kuhlia_malo|Kuhliidae_Kuhlia_marginata|Kuhliidae_Kuhlia_petiti|Kuhliidae_Kuhlia_xenura|Kyphosidae_Kyphosus_cinerascens|Kyphosidae_Kyphosus_elegans|Kyphosidae_Kyphosus_pacificus|Kyphosidae_Kyphosus_sectatrix|Kyphosidae_Kyphosus_vaigiensis|Oplegnathidae_Oplegnathus_punctatus|Oplegnathidae_Oplegnathus_woodwardi|Scorpididae_Atypichthys_strigatus|Scorpididae_Scorpis_aequipinnis|Terapontidae_Bidyanus_bidyanus|Terapontidae_Hephaestus_fuliginosus|Terapontidae_Hephaestus_jenkinsi|Terapontidae_Pelates_quadrilineatus|Terapontidae_Terapon_jarbua|Terapontidae_Terapon_puta|Terapontidae_Terapon_theraps",50.79764,106,107,0.027243,0.000536304442489848,-7.53080856841871,"RelTime"
"clade:Eupercaria_Centrarchiformes_Dichistiidae_Dichistius_capensis|Eupercaria_Centrarchiformes_Dichistiidae_Dichistius_multifasciatus|Eupercaria_Centrarchiformes_Kuhliidae_Kuhlia_caudavittata|Eupercaria_Centrarchiformes_Kuhliidae_Kuhlia_mugil|Eupercaria_Centrarchiformes_Kuhliidae_Kuhlia_munda|Eupercaria_Centrarchiformes_Kuhliidae_Kuhlia_nutabunda|Eupercaria_Centrarchiformes_Kuhliidae_Kuhlia_rupestris|Eupercaria_Centrarchiformes_Kuhliidae_Kuhlia_salelea|Eupercaria_Centrarchiformes_Kuhliidae_Kuhlia_sandvicensis|Eupercaria_Centrarchiformes_Kuhliidae_Kuhlia_sauvagii|Eupercaria_Centrarchiformes_Kyphosidae_Kyphosus_azureus|Eupercaria_Centrarchiformes_Kyphosidae_Kyphosus_bigibbus|Eupercaria_Centrarchiformes_Kyphosidae_Kyphosus_cornelii|Eupercaria_Centrarchiformes_Kyphosidae_Kyphosus_hawaiiensis|Eupercaria_Centrarchiformes_Kyphosidae_Kyphosus_ocyurus|Eupercaria_Centrarchiformes_Kyphosidae_Kyphosus_sydneyanus|Eupercaria_Centrarchiformes_Microcanthidae_Microcanthus_strigatus|Eupercaria_Centrarchiformes_Microcanthidae_Neatypus_obliquus|Eupercaria_Centrarchiformes_Microcanthidae_Tilodon_sexfasciatus|Eupercaria_Centrarchiformes_Oplegnathidae_Oplegnathus_conwayi|Eupercaria_Centrarchiformes_Oplegnathidae_Oplegnathus_fasciatus|Eupercaria_Centrarchiformes_Oplegnathidae_Oplegnathus_insignis|Eupercaria_Centrarchiformes_Oplegnathidae_Oplegnathus_peaolopesi|Eupercaria_Centrarchiformes_Oplegnathidae_Oplegnathus_robinsoni|Eupercaria_Centrarchiformes_Terapontidae_Amniataba_affinis|Eupercaria_Centrarchiformes_Terapontidae_Amniataba_caudavittata|Eupercaria_Centrarchiformes_Terapontidae_Amniataba_percoides|Eupercaria_Centrarchiformes_Terapontidae_Bidyanus_welchi|Eupercaria_Centrarchiformes_Terapontidae_Hannia_greenwayi|Eupercaria_Centrarchiformes_Terapontidae_Helotes_octolineatus|Eupercaria_Centrarchiformes_Terapontidae_Hephaestus_carbo|Eupercaria_Centrarchiformes_Terapontidae_Hephaestus_epirrhinos|Eupercaria_Centrarchiformes_Terapontidae_Hephaestus_habbemai|Eupercaria_Centrarchiformes_Terapontidae_Hephaestus_transmontanus|Eupercaria_Centrarchiformes_Terapontidae_Hephaestus_tulliensis|Eupercaria_Centrarchiformes_Terapontidae_Lagusia_micracanthus|Eupercaria_Centrarchiformes_Terapontidae_Leiopotherapon_aheneus|Eupercaria_Centrarchiformes_Terapontidae_Leiopotherapon_macrolepis|Eupercaria_Centrarchiformes_Terapontidae_Leiopotherapon_plumbeus|Eupercaria_Centrarchiformes_Terapontidae_Leiopotherapon_unicolor|Eupercaria_Centrarchiformes_Terapontidae_Mesopristes_argenteus|Eupercaria_Centrarchiformes_Terapontidae_Mesopristes_cancellatus|Eupercaria_Centrarchiformes_Terapontidae_Pelates_sexlineatus|Eupercaria_Centrarchiformes_Terapontidae_Pelsartia_humeralis|Eupercaria_Centrarchiformes_Terapontidae_Pingalla_gilberti|Eupercaria_Centrarchiformes_Terapontidae_Pingalla_lorentzi|Eupercaria_Centrarchiformes_Terapontidae_Pingalla_midgleyi|Eupercaria_Centrarchiformes_Terapontidae_Rhynchopelates_oxyrhynchus|Eupercaria_Centrarchiformes_Terapontidae_Scortum_barcoo|Eupercaria_Centrarchiformes_Terapontidae_Scortum_hillii|Eupercaria_Centrarchiformes_Terapontidae_Scortum_ogilbyi|Eupercaria_Centrarchiformes_Terapontidae_Scortum_parviceps|Eupercaria_Centrarchiformes_Terapontidae_Syncomistes_bonapartensis|Eupercaria_Centrarchiformes_Terapontidae_Syncomistes_butleri|Eupercaria_Centrarchiformes_Terapontidae_Syncomistes_carcharus|Eupercaria_Centrarchiformes_Terapontidae_Syncomistes_dilliensis|Eupercaria_Centrarchiformes_Terapontidae_Syncomistes_holsworthi|Eupercaria_Centrarchiformes_Terapontidae_Syncomistes_kimberleyensis|Eupercaria_Centrarchiformes_Terapontidae_Syncomistes_moranensis|Eupercaria_Centrarchiformes_Terapontidae_Syncomistes_rastellus|Eupercaria_Centrarchiformes_Terapontidae_Syncomistes_trigonicus|Eupercaria_Centrarchiformes_Terapontidae_Syncomistes_versicolor|Eupercaria_Centrarchiformes_Terapontidae_Syncomistes_wunambal|Eupercaria_Centrarchiformes_Terapontidae_Variichthys_lacustris|Kuhliidae_Kuhlia_malo|Kuhliidae_Kuhlia_marginata|Kuhliidae_Kuhlia_petiti|Kuhliidae_Kuhlia_xenura|Kyphosidae_Kyphosus_cinerascens|Kyphosidae_Kyphosus_elegans|Kyphosidae_Kyphosus_pacificus|Kyphosidae_Kyphosus_sectatrix|Kyphosidae_Kyphosus_vaigiensis|Oplegnathidae_Oplegnathus_punctatus|Oplegnathidae_Oplegnathus_woodwardi|Scorpididae_Atypichthys_strigatus|Terapontidae_Bidyanus_bidyanus|Terapontidae_Hephaestus_fuliginosus|Terapontidae_Hephaestus_jenkinsi|Terapontidae_Pelates_quadrilineatus|Terapontidae_Terapon_jarbua|Terapontidae_Terapon_puta|Terapontidae_Terapon_theraps",1e-06,107,108,0.002173,2173,7.68386398025643,"RelTime"
"clade:Eupercaria_Centrarchiformes_Dichistiidae_Dichistius_capensis|Eupercaria_Centrarchiformes_Dichistiidae_Dichistius_multifasciatus|Eupercaria_Centrarchiformes_Microcanthidae_Microcanthus_strigatus|Eupercaria_Centrarchiformes_Microcanthidae_Neatypus_obliquus|Eupercaria_Centrarchiformes_Microcanthidae_Tilodon_sexfasciatus|Eupercaria_Centrarchiformes_Oplegnathidae_Oplegnathus_conwayi|Eupercaria_Centrarchiformes_Oplegnathidae_Oplegnathus_fasciatus|Eupercaria_Centrarchiformes_Oplegnathidae_Oplegnathus_insignis|Eupercaria_Centrarchiformes_Oplegnathidae_Oplegnathus_peaolopesi|Eupercaria_Centrarchiformes_Oplegnathidae_Oplegnathus_robinsoni|Oplegnathidae_Oplegnathus_punctatus|Oplegnathidae_Oplegnathus_woodwardi|Scorpididae_Atypichthys_strigatus",1e-06,108,178,0.000894,894,6.79570577517351,"RelTime"
"clade:Eupercaria_Centrarchiformes_Dichistiidae_Dichistius_capensis|Eupercaria_Centrarchiformes_Dichistiidae_Dichistius_multifasciatus|Eupercaria_Centrarchiformes_Microcanthidae_Microcanthus_strigatus|Eupercaria_Centrarchiformes_Microcanthidae_Neatypus_obliquus|Eupercaria_Centrarchiformes_Microcanthidae_Tilodon_sexfasciatus|Eupercaria_Centrarchiformes_Oplegnathidae_Oplegnathus_conwayi|Scorpididae_Atypichthys_strigatus",1e-06,178,179,0.006695,6695,8.80911625812527,"RelTime"
"clade:Eupercaria_Centrarchiformes_Dichistiidae_Dichistius_capensis|Eupercaria_Centrarchiformes_Dichistiidae_Dichistius_multifasciatus|Eupercaria_Centrarchiformes_Oplegnathidae_Oplegnathus_conwayi",1e-06,179,183,0.00387,3870,8.26100978602383,"RelTime"
"clade:Eupercaria_Centrarchiformes_Girellidae_Girella_cyanea|Eupercaria_Centrarchiformes_Girellidae_Girella_fimbriata|Eupercaria_Centrarchiformes_Girellidae_Girella_laevifrons|Eupercaria_Centrarchiformes_Girellidae_Girella_leonina|Eupercaria_Centrarchiformes_Girellidae_Girella_melanichthys|Eupercaria_Centrarchiformes_Girellidae_Girella_mezina|Eupercaria_Centrarchiformes_Girellidae_Girella_nebulosa|Eupercaria_Centrarchiformes_Girellidae_Girella_nigricans|Eupercaria_Centrarchiformes_Girellidae_Girella_punctata|Eupercaria_Centrarchiformes_Girellidae_Girella_simplicidens|Eupercaria_Centrarchiformes_Girellidae_Girella_tricuspidata|Eupercaria_Centrarchiformes_Girellidae_Girella_zebra",11.69620272,191,192,0.01227,0.00104905842466451,-6.85986225553788,"RelTime"
"clade:Eupercaria_Centrarchiformes_Girellidae_Girella_cyanea|Eupercaria_Centrarchiformes_Girellidae_Girella_fimbriata|Eupercaria_Centrarchiformes_Girellidae_Girella_laevifrons|Eupercaria_Centrarchiformes_Girellidae_Girella_leonina|Eupercaria_Centrarchiformes_Girellidae_Girella_melanichthys|Eupercaria_Centrarchiformes_Girellidae_Girella_mezina|Eupercaria_Centrarchiformes_Girellidae_Girella_nebulosa|Eupercaria_Centrarchiformes_Girellidae_Girella_nigricans|Eupercaria_Centrarchiformes_Girellidae_Girella_punctata|Eupercaria_Centrarchiformes_Girellidae_Girella_simplicidens|Eupercaria_Centrarchiformes_Girellidae_Girella_tricuspidata|Eupercaria_Centrarchiformes_Girellidae_Girella_zebra|Eupercaria_Centrarchiformes_Girellidae_Graus_nigra",10.14133414,190,191,0.027571,0.00271867582897727,-5.90761034479514,"RelTime"
"clade:Eupercaria_Centrarchiformes_Girellidae_Girella_cyanea|Eupercaria_Centrarchiformes_Girellidae_Girella_fimbriata|Eupercaria_Centrarchiformes_Girellidae_Girella_laevifrons|Eupercaria_Centrarchiformes_Girellidae_Girella_leonina|Eupercaria_Centrarchiformes_Girellidae_Girella_melanichthys|Eupercaria_Centrarchiformes_Girellidae_Girella_mezina|Eupercaria_Centrarchiformes_Girellidae_Girella_nebulosa|Eupercaria_Centrarchiformes_Girellidae_Girella_nigricans|Eupercaria_Centrarchiformes_Girellidae_Girella_punctata|Eupercaria_Centrarchiformes_Girellidae_Girella_simplicidens|Eupercaria_Centrarchiformes_Girellidae_Girella_tricuspidata|Eupercaria_Centrarchiformes_Girellidae_Girella_zebra|Eupercaria_Centrarchiformes_Girellidae_Graus_nigra|Eupercaria_Centrarchiformes_Scorpididae_Labracoglossa_argenteiventris|Eupercaria_Centrarchiformes_Scorpididae_Medialuna_californiensis|Eupercaria_Centrarchiformes_Scorpididae_Scorpis_georgiana|Eupercaria_Centrarchiformes_Scorpididae_Scorpis_lineolata|Eupercaria_Centrarchiformes_Scorpididae_Scorpis_violacea|Scorpididae_Scorpis_aequipinnis",1e-06,107,190,0.004256,4256,8.35608503102148,"RelTime"
"clade:Eupercaria_Centrarchiformes_Girellidae_Girella_cyanea|Eupercaria_Centrarchiformes_Girellidae_Girella_laevifrons|Eupercaria_Centrarchiformes_Girellidae_Girella_leonina|Eupercaria_Centrarchiformes_Girellidae_Girella_melanichthys|Eupercaria_Centrarchiformes_Girellidae_Girella_mezina|Eupercaria_Centrarchiformes_Girellidae_Girella_nigricans|Eupercaria_Centrarchiformes_Girellidae_Girella_punctata|Eupercaria_Centrarchiformes_Girellidae_Girella_simplicidens|Eupercaria_Centrarchiformes_Girellidae_Girella_tricuspidata|Eupercaria_Centrarchiformes_Girellidae_Girella_zebra",17.13012591,192,193,0.019379,0.00113128181904881,-6.78440393600974,"RelTime"
"clade:Eupercaria_Centrarchiformes_Girellidae_Girella_cyanea|Eupercaria_Centrarchiformes_Girellidae_Girella_laevifrons|Eupercaria_Centrarchiformes_Girellidae_Girella_nigricans|Eupercaria_Centrarchiformes_Girellidae_Girella_simplicidens|Eupercaria_Centrarchiformes_Girellidae_Girella_tricuspidata|Eupercaria_Centrarchiformes_Girellidae_Girella_zebra",3.256599431,193,194,0.00344,0.00105631658817298,-6.8529673392227,"RelTime"
"clade:Eupercaria_Centrarchiformes_Girellidae_Girella_cyanea|Eupercaria_Centrarchiformes_Girellidae_Girella_nigricans|Eupercaria_Centrarchiformes_Girellidae_Girella_simplicidens|Eupercaria_Centrarchiformes_Girellidae_Girella_tricuspidata|Eupercaria_Centrarchiformes_Girellidae_Girella_zebra",1.135542257,194,195,0.001213,0.00106821211850331,-6.84176894533424,"RelTime"
"clade:Eupercaria_Centrarchiformes_Girellidae_Girella_cyanea|Eupercaria_Centrarchiformes_Girellidae_Girella_tricuspidata|Eupercaria_Centrarchiformes_Girellidae_Girella_zebra",0.001274694046,195,196,1e-06,0.000784501977661234,-7.15046146487501,"RelTime"
"clade:Eupercaria_Centrarchiformes_Girellidae_Girella_fimbriata|Eupercaria_Centrarchiformes_Girellidae_Girella_nebulosa",31.60164619,192,202,0.02016,0.00063794145022671,-7.35726404963521,"RelTime"
"clade:Eupercaria_Centrarchiformes_Girellidae_Girella_leonina|Eupercaria_Centrarchiformes_Girellidae_Girella_melanichthys",9.991080605,200,201,0.016586,0.00166008069154197,-6.40088906843245,"RelTime"
"clade:Eupercaria_Centrarchiformes_Girellidae_Girella_leonina|Eupercaria_Centrarchiformes_Girellidae_Girella_melanichthys|Eupercaria_Centrarchiformes_Girellidae_Girella_mezina",2.248693742,199,200,0.003328,0.00147997032136535,-6.5157332445387,"RelTime"
"clade:Eupercaria_Centrarchiformes_Girellidae_Girella_leonina|Eupercaria_Centrarchiformes_Girellidae_Girella_melanichthys|Eupercaria_Centrarchiformes_Girellidae_Girella_mezina|Eupercaria_Centrarchiformes_Girellidae_Girella_punctata",3.175127287,193,199,0.003949,0.00124372966594709,-6.68964061861238,"RelTime"
"clade:Eupercaria_Centrarchiformes_Girellidae_Girella_nigricans|Eupercaria_Centrarchiformes_Girellidae_Girella_simplicidens",9.488027244,195,198,0.014173,0.0014937773296301,-6.50644724646514,"RelTime"
"clade:Eupercaria_Centrarchiformes_Girellidae_Girella_tricuspidata|Eupercaria_Centrarchiformes_Girellidae_Girella_zebra",1.776430999,196,197,0.00203,0.00114274069814293,-6.7743257806736,"RelTime"
"clade:Eupercaria_Centrarchiformes_Kuhliidae_Kuhlia_caudavittata|Eupercaria_Centrarchiformes_Kuhliidae_Kuhlia_mugil|Eupercaria_Centrarchiformes_Kuhliidae_Kuhlia_munda|Eupercaria_Centrarchiformes_Kuhliidae_Kuhlia_nutabunda|Eupercaria_Centrarchiformes_Kuhliidae_Kuhlia_rupestris|Eupercaria_Centrarchiformes_Kuhliidae_Kuhlia_salelea|Eupercaria_Centrarchiformes_Kuhliidae_Kuhlia_sandvicensis|Eupercaria_Centrarchiformes_Kuhliidae_Kuhlia_sauvagii|Eupercaria_Centrarchiformes_Kyphosidae_Kyphosus_azureus|Eupercaria_Centrarchiformes_Kyphosidae_Kyphosus_bigibbus|Eupercaria_Centrarchiformes_Kyphosidae_Kyphosus_cornelii|Eupercaria_Centrarchiformes_Kyphosidae_Kyphosus_hawaiiensis|Eupercaria_Centrarchiformes_Kyphosidae_Kyphosus_ocyurus|Eupercaria_Centrarchiformes_Kyphosidae_Kyphosus_sydneyanus|Eupercaria_Centrarchiformes_Terapontidae_Amniataba_affinis|Eupercaria_Centrarchiformes_Terapontidae_Amniataba_caudavittata|Eupercaria_Centrarchiformes_Terapontidae_Amniataba_percoides|Eupercaria_Centrarchiformes_Terapontidae_Bidyanus_welchi|Eupercaria_Centrarchiformes_Terapontidae_Hannia_greenwayi|Eupercaria_Centrarchiformes_Terapontidae_Helotes_octolineatus|Eupercaria_Centrarchiformes_Terapontidae_Hephaestus_carbo|Eupercaria_Centrarchiformes_Terapontidae_Hephaestus_epirrhinos|Eupercaria_Centrarchiformes_Terapontidae_Hephaestus_habbemai|Eupercaria_Centrarchiformes_Terapontidae_Hephaestus_transmontanus|Eupercaria_Centrarchiformes_Terapontidae_Hephaestus_tulliensis|Eupercaria_Centrarchiformes_Terapontidae_Lagusia_micracanthus|Eupercaria_Centrarchiformes_Terapontidae_Leiopotherapon_aheneus|Eupercaria_Centrarchiformes_Terapontidae_Leiopotherapon_macrolepis|Eupercaria_Centrarchiformes_Terapontidae_Leiopotherapon_plumbeus|Eupercaria_Centrarchiformes_Terapontidae_Leiopotherapon_unicolor|Eupercaria_Centrarchiformes_Terapontidae_Mesopristes_argenteus|Eupercaria_Centrarchiformes_Terapontidae_Mesopristes_cancellatus|Eupercaria_Centrarchiformes_Terapontidae_Pelates_sexlineatus|Eupercaria_Centrarchiformes_Terapontidae_Pelsartia_humeralis|Eupercaria_Centrarchiformes_Terapontidae_Pingalla_gilberti|Eupercaria_Centrarchiformes_Terapontidae_Pingalla_lorentzi|Eupercaria_Centrarchiformes_Terapontidae_Pingalla_midgleyi|Eupercaria_Centrarchiformes_Terapontidae_Rhynchopelates_oxyrhynchus|Eupercaria_Centrarchiformes_Terapontidae_Scortum_barcoo|Eupercaria_Centrarchiformes_Terapontidae_Scortum_hillii|Eupercaria_Centrarchiformes_Terapontidae_Scortum_ogilbyi|Eupercaria_Centrarchiformes_Terapontidae_Scortum_parviceps|Eupercaria_Centrarchiformes_Terapontidae_Syncomistes_bonapartensis|Eupercaria_Centrarchiformes_Terapontidae_Syncomistes_butleri|Eupercaria_Centrarchiformes_Terapontidae_Syncomistes_carcharus|Eupercaria_Centrarchiformes_Terapontidae_Syncomistes_dilliensis|Eupercaria_Centrarchiformes_Terapontidae_Syncomistes_holsworthi|Eupercaria_Centrarchiformes_Terapontidae_Syncomistes_kimberleyensis|Eupercaria_Centrarchiformes_Terapontidae_Syncomistes_moranensis|Eupercaria_Centrarchiformes_Terapontidae_Syncomistes_rastellus|Eupercaria_Centrarchiformes_Terapontidae_Syncomistes_trigonicus|Eupercaria_Centrarchiformes_Terapontidae_Syncomistes_versicolor|Eupercaria_Centrarchiformes_Terapontidae_Syncomistes_wunambal|Eupercaria_Centrarchiformes_Terapontidae_Variichthys_lacustris|Kuhliidae_Kuhlia_malo|Kuhliidae_Kuhlia_marginata|Kuhliidae_Kuhlia_petiti|Kuhliidae_Kuhlia_xenura|Kyphosidae_Kyphosus_cinerascens|Kyphosidae_Kyphosus_elegans|Kyphosidae_Kyphosus_pacificus|Kyphosidae_Kyphosus_sectatrix|Kyphosidae_Kyphosus_vaigiensis|Terapontidae_Bidyanus_bidyanus|Terapontidae_Hephaestus_fuliginosus|Terapontidae_Hephaestus_jenkinsi|Terapontidae_Pelates_quadrilineatus|Terapontidae_Terapon_jarbua|Terapontidae_Terapon_puta|Terapontidae_Terapon_theraps",1e-06,108,109,0.000832,832,6.72383244082121,"RelTime"
"clade:Eupercaria_Centrarchiformes_Kuhliidae_Kuhlia_caudavittata|Eupercaria_Centrarchiformes_Kuhliidae_Kuhlia_mugil|Eupercaria_Centrarchiformes_Kuhliidae_Kuhlia_munda|Eupercaria_Centrarchiformes_Kuhliidae_Kuhlia_nutabunda|Eupercaria_Centrarchiformes_Kuhliidae_Kuhlia_rupestris|Eupercaria_Centrarchiformes_Kuhliidae_Kuhlia_salelea|Eupercaria_Centrarchiformes_Kuhliidae_Kuhlia_sandvicensis|Eupercaria_Centrarchiformes_Kuhliidae_Kuhlia_sauvagii|Eupercaria_Centrarchiformes_Terapontidae_Amniataba_affinis|Eupercaria_Centrarchiformes_Terapontidae_Amniataba_caudavittata|Eupercaria_Centrarchiformes_Terapontidae_Amniataba_percoides|Eupercaria_Centrarchiformes_Terapontidae_Bidyanus_welchi|Eupercaria_Centrarchiformes_Terapontidae_Hannia_greenwayi|Eupercaria_Centrarchiformes_Terapontidae_Helotes_octolineatus|Eupercaria_Centrarchiformes_Terapontidae_Hephaestus_carbo|Eupercaria_Centrarchiformes_Terapontidae_Hephaestus_epirrhinos|Eupercaria_Centrarchiformes_Terapontidae_Hephaestus_habbemai|Eupercaria_Centrarchiformes_Terapontidae_Hephaestus_transmontanus|Eupercaria_Centrarchiformes_Terapontidae_Hephaestus_tulliensis|Eupercaria_Centrarchiformes_Terapontidae_Lagusia_micracanthus|Eupercaria_Centrarchiformes_Terapontidae_Leiopotherapon_aheneus|Eupercaria_Centrarchiformes_Terapontidae_Leiopotherapon_macrolepis|Eupercaria_Centrarchiformes_Terapontidae_Leiopotherapon_plumbeus|Eupercaria_Centrarchiformes_Terapontidae_Leiopotherapon_unicolor|Eupercaria_Centrarchiformes_Terapontidae_Mesopristes_argenteus|Eupercaria_Centrarchiformes_Terapontidae_Mesopristes_cancellatus|Eupercaria_Centrarchiformes_Terapontidae_Pelates_sexlineatus|Eupercaria_Centrarchiformes_Terapontidae_Pelsartia_humeralis|Eupercaria_Centrarchiformes_Terapontidae_Pingalla_gilberti|Eupercaria_Centrarchiformes_Terapontidae_Pingalla_lorentzi|Eupercaria_Centrarchiformes_Terapontidae_Pingalla_midgleyi|Eupercaria_Centrarchiformes_Terapontidae_Rhynchopelates_oxyrhynchus|Eupercaria_Centrarchiformes_Terapontidae_Scortum_barcoo|Eupercaria_Centrarchiformes_Terapontidae_Scortum_hillii|Eupercaria_Centrarchiformes_Terapontidae_Scortum_ogilbyi|Eupercaria_Centrarchiformes_Terapontidae_Scortum_parviceps|Eupercaria_Centrarchiformes_Terapontidae_Syncomistes_bonapartensis|Eupercaria_Centrarchiformes_Terapontidae_Syncomistes_butleri|Eupercaria_Centrarchiformes_Terapontidae_Syncomistes_carcharus|Eupercaria_Centrarchiformes_Terapontidae_Syncomistes_dilliensis|Eupercaria_Centrarchiformes_Terapontidae_Syncomistes_holsworthi|Eupercaria_Centrarchiformes_Terapontidae_Syncomistes_kimberleyensis|Eupercaria_Centrarchiformes_Terapontidae_Syncomistes_moranensis|Eupercaria_Centrarchiformes_Terapontidae_Syncomistes_rastellus|Eupercaria_Centrarchiformes_Terapontidae_Syncomistes_trigonicus|Eupercaria_Centrarchiformes_Terapontidae_Syncomistes_versicolor|Eupercaria_Centrarchiformes_Terapontidae_Syncomistes_wunambal|Eupercaria_Centrarchiformes_Terapontidae_Variichthys_lacustris|Kuhliidae_Kuhlia_malo|Kuhliidae_Kuhlia_marginata|Kuhliidae_Kuhlia_petiti|Kuhliidae_Kuhlia_xenura|Terapontidae_Bidyanus_bidyanus|Terapontidae_Hephaestus_fuliginosus|Terapontidae_Hephaestus_jenkinsi|Terapontidae_Pelates_quadrilineatus|Terapontidae_Terapon_jarbua|Terapontidae_Terapon_puta|Terapontidae_Terapon_theraps",1e-06,109,110,0.00272,2720,7.90838715929004,"RelTime"
"clade:Eupercaria_Centrarchiformes_Kuhliidae_Kuhlia_caudavittata|Eupercaria_Centrarchiformes_Kuhliidae_Kuhlia_mugil|Eupercaria_Centrarchiformes_Kuhliidae_Kuhlia_munda|Eupercaria_Centrarchiformes_Kuhliidae_Kuhlia_nutabunda|Eupercaria_Centrarchiformes_Kuhliidae_Kuhlia_rupestris|Eupercaria_Centrarchiformes_Kuhliidae_Kuhlia_salelea|Eupercaria_Centrarchiformes_Kuhliidae_Kuhlia_sandvicensis|Eupercaria_Centrarchiformes_Kuhliidae_Kuhlia_sauvagii|Kuhliidae_Kuhlia_malo|Kuhliidae_Kuhlia_marginata|Kuhliidae_Kuhlia_petiti|Kuhliidae_Kuhlia_xenura",12.19650617,110,157,0.017763,0.00145640068987068,-6.53178716798096,"RelTime"
"clade:Eupercaria_Centrarchiformes_Kuhliidae_Kuhlia_caudavittata|Eupercaria_Centrarchiformes_Kuhliidae_Kuhlia_mugil|Eupercaria_Centrarchiformes_Kuhliidae_Kuhlia_nutabunda|Eupercaria_Centrarchiformes_Kuhliidae_Kuhlia_rupestris|Eupercaria_Centrarchiformes_Kuhliidae_Kuhlia_salelea|Eupercaria_Centrarchiformes_Kuhliidae_Kuhlia_sandvicensis|Eupercaria_Centrarchiformes_Kuhliidae_Kuhlia_sauvagii|Kuhliidae_Kuhlia_malo|Kuhliidae_Kuhlia_marginata|Kuhliidae_Kuhlia_petiti|Kuhliidae_Kuhlia_xenura",10.6030429,157,158,0.006409,0.000604449124694195,-7.41119305242023,"RelTime"
"clade:Eupercaria_Centrarchiformes_Kuhliidae_Kuhlia_mugil|Eupercaria_Centrarchiformes_Kuhliidae_Kuhlia_nutabunda|Eupercaria_Centrarchiformes_Kuhliidae_Kuhlia_rupestris|Eupercaria_Centrarchiformes_Kuhliidae_Kuhlia_salelea|Eupercaria_Centrarchiformes_Kuhliidae_Kuhlia_sandvicensis|Eupercaria_Centrarchiformes_Kuhliidae_Kuhlia_sauvagii|Kuhliidae_Kuhlia_malo|Kuhliidae_Kuhlia_marginata|Kuhliidae_Kuhlia_petiti|Kuhliidae_Kuhlia_xenura",4.774722995,158,159,0.0028,0.000586421453753884,-7.44147182253261,"RelTime"
"clade:Eupercaria_Centrarchiformes_Kuhliidae_Kuhlia_mugil|Eupercaria_Centrarchiformes_Kuhliidae_Kuhlia_nutabunda|Eupercaria_Centrarchiformes_Kuhliidae_Kuhlia_sandvicensis|Kuhliidae_Kuhlia_petiti",2.199507426,164,165,0.001172,0.000532846575622337,-7.53727702585012,"RelTime"
"clade:Eupercaria_Centrarchiformes_Kuhliidae_Kuhlia_mugil|Eupercaria_Centrarchiformes_Kuhliidae_Kuhlia_nutabunda|Eupercaria_Centrarchiformes_Kuhliidae_Kuhlia_sandvicensis|Kuhliidae_Kuhlia_petiti|Kuhliidae_Kuhlia_xenura",6.999152029,159,164,0.003344,0.000477772162419763,-7.64637658676282,"RelTime"
"clade:Eupercaria_Centrarchiformes_Kuhliidae_Kuhlia_mugil|Kuhliidae_Kuhlia_petiti",14.09127668,165,166,0.006185,0.00043892403367386,-7.73118420388604,"RelTime"
"clade:Eupercaria_Centrarchiformes_Kuhliidae_Kuhlia_nutabunda|Eupercaria_Centrarchiformes_Kuhliidae_Kuhlia_sandvicensis",15.37248681,165,167,0.009635,0.000626769118040961,-7.37493231793523,"RelTime"
"clade:Eupercaria_Centrarchiformes_Kuhliidae_Kuhlia_rupestris|Eupercaria_Centrarchiformes_Kuhliidae_Kuhlia_salelea|Eupercaria_Centrarchiformes_Kuhliidae_Kuhlia_sauvagii|Kuhliidae_Kuhlia_malo|Kuhliidae_Kuhlia_marginata",4.736208542,159,160,0.003292,0.000695070745049976,-7.27149692614107,"RelTime"
"clade:Eupercaria_Centrarchiformes_Kuhliidae_Kuhlia_rupestris|Eupercaria_Centrarchiformes_Kuhliidae_Kuhlia_sauvagii",8.47551909,160,163,0.007163,0.000845139975963407,-7.07600829229818,"RelTime"
"clade:Eupercaria_Centrarchiformes_Kuhliidae_Kuhlia_salelea|Kuhliidae_Kuhlia_malo",2.43241574,161,162,0.001999,0.000821816750782907,-7.10399311868192,"RelTime"
"clade:Eupercaria_Centrarchiformes_Kuhliidae_Kuhlia_salelea|Kuhliidae_Kuhlia_malo|Kuhliidae_Kuhlia_marginata",15.06156239,160,161,0.008962,0.000595024590938205,-7.42690782396477,"RelTime"
"clade:Eupercaria_Centrarchiformes_Kyphosidae_Kyphosus_azureus|Eupercaria_Centrarchiformes_Kyphosidae_Kyphosus_bigibbus|Eupercaria_Centrarchiformes_Kyphosidae_Kyphosus_cornelii|Eupercaria_Centrarchiformes_Kyphosidae_Kyphosus_hawaiiensis|Eupercaria_Centrarchiformes_Kyphosidae_Kyphosus_ocyurus|Eupercaria_Centrarchiformes_Kyphosidae_Kyphosus_sydneyanus|Kyphosidae_Kyphosus_cinerascens|Kyphosidae_Kyphosus_elegans|Kyphosidae_Kyphosus_pacificus|Kyphosidae_Kyphosus_sectatrix|Kyphosidae_Kyphosus_vaigiensis",11.03083047,109,168,0.012077,0.00109484050478749,-6.81714658405111,"RelTime"
"clade:Eupercaria_Centrarchiformes_Kyphosidae_Kyphosus_azureus|Eupercaria_Centrarchiformes_Kyphosidae_Kyphosus_cornelii",15.08213004,168,177,0.008771,0.000581549156302063,-7.44981505595482,"RelTime"
"clade:Eupercaria_Centrarchiformes_Kyphosidae_Kyphosus_bigibbus|Eupercaria_Centrarchiformes_Kyphosidae_Kyphosus_hawaiiensis|Eupercaria_Centrarchiformes_Kyphosidae_Kyphosus_ocyurus|Eupercaria_Centrarchiformes_Kyphosidae_Kyphosus_sydneyanus|Kyphosidae_Kyphosus_cinerascens|Kyphosidae_Kyphosus_elegans|Kyphosidae_Kyphosus_pacificus|Kyphosidae_Kyphosus_sectatrix|Kyphosidae_Kyphosus_vaigiensis",16.80778967,168,169,0.006293,0.000374409730461602,-7.89015982421778,"RelTime"
"clade:Eupercaria_Centrarchiformes_Kyphosidae_Kyphosus_bigibbus|Eupercaria_Centrarchiformes_Kyphosidae_Kyphosus_hawaiiensis|Eupercaria_Centrarchiformes_Kyphosidae_Kyphosus_ocyurus|Kyphosidae_Kyphosus_cinerascens|Kyphosidae_Kyphosus_elegans|Kyphosidae_Kyphosus_pacificus|Kyphosidae_Kyphosus_sectatrix|Kyphosidae_Kyphosus_vaigiensis",19.42429786,169,170,0.004978,0.000256276959706795,-8.26925182443381,"RelTime"
"clade:Eupercaria_Centrarchiformes_Kyphosidae_Kyphosus_bigibbus|Kyphosidae_Kyphosus_cinerascens|Kyphosidae_Kyphosus_elegans|Kyphosidae_Kyphosus_pacificus|Kyphosidae_Kyphosus_sectatrix",1e-06,170,171,0.000772,772,6.64898455002478,"RelTime"
"clade:Eupercaria_Centrarchiformes_Kyphosidae_Kyphosus_bigibbus|Kyphosidae_Kyphosus_cinerascens|Kyphosidae_Kyphosus_pacificus|Kyphosidae_Kyphosus_sectatrix",1e-06,171,172,0.000911,911,6.81454289725996,"RelTime"
"clade:Eupercaria_Centrarchiformes_Kyphosidae_Kyphosus_bigibbus|Kyphosidae_Kyphosus_pacificus|Kyphosidae_Kyphosus_sectatrix",1.906663998,172,173,0.001825,0.000957169171869998,-6.95153040901995,"RelTime"
"clade:Eupercaria_Centrarchiformes_Kyphosidae_Kyphosus_hawaiiensis|Eupercaria_Centrarchiformes_Kyphosidae_Kyphosus_ocyurus|Kyphosidae_Kyphosus_vaigiensis",2.301487797,170,175,0.003392,0.00147382923534137,-6.51989134311936,"RelTime"
"clade:Eupercaria_Centrarchiformes_Kyphosidae_Kyphosus_ocyurus|Kyphosidae_Kyphosus_vaigiensis",2.089191566,175,176,0.000891,0.000426480756719654,-7.75994331111338,"RelTime"
"clade:Eupercaria_Centrarchiformes_Microcanthidae_Microcanthus_strigatus|Eupercaria_Centrarchiformes_Microcanthidae_Neatypus_obliquus|Eupercaria_Centrarchiformes_Microcanthidae_Tilodon_sexfasciatus",7.440092731,180,181,0.006625,0.000890445890868561,-7.02378821972126,"RelTime"
"clade:Eupercaria_Centrarchiformes_Microcanthidae_Microcanthus_strigatus|Eupercaria_Centrarchiformes_Microcanthidae_Neatypus_obliquus|Eupercaria_Centrarchiformes_Microcanthidae_Tilodon_sexfasciatus|Scorpididae_Atypichthys_strigatus",6.424761357,179,180,0.010552,0.00164239563365311,-6.41159935077922,"RelTime"
"clade:Eupercaria_Centrarchiformes_Microcanthidae_Neatypus_obliquus|Eupercaria_Centrarchiformes_Microcanthidae_Tilodon_sexfasciatus",8.958905014,181,182,0.007395,0.000825435696487897,-7.09959919407925,"RelTime"
"clade:Eupercaria_Centrarchiformes_Oplegnathidae_Oplegnathus_fasciatus|Eupercaria_Centrarchiformes_Oplegnathidae_Oplegnathus_insignis|Eupercaria_Centrarchiformes_Oplegnathidae_Oplegnathus_peaolopesi|Eupercaria_Centrarchiformes_Oplegnathidae_Oplegnathus_robinsoni|Oplegnathidae_Oplegnathus_punctatus",1.000000005e-06,185,186,0.001788,1787.99999106,7.48885295073346,"RelTime"
"clade:Eupercaria_Centrarchiformes_Oplegnathidae_Oplegnathus_fasciatus|Eupercaria_Centrarchiformes_Oplegnathidae_Oplegnathus_insignis|Eupercaria_Centrarchiformes_Oplegnathidae_Oplegnathus_peaolopesi|Eupercaria_Centrarchiformes_Oplegnathidae_Oplegnathus_robinsoni|Oplegnathidae_Oplegnathus_punctatus|Oplegnathidae_Oplegnathus_woodwardi",31.349868,178,185,0.00462,0.000147369041553859,-8.82257063043224,"RelTime"
"clade:Eupercaria_Centrarchiformes_Oplegnathidae_Oplegnathus_fasciatus|Eupercaria_Centrarchiformes_Oplegnathidae_Oplegnathus_peaolopesi|Eupercaria_Centrarchiformes_Oplegnathidae_Oplegnathus_robinsoni",1.000000001e-06,187,188,0.001848,1847.999998152,7.52185925120163,"RelTime"
"clade:Eupercaria_Centrarchiformes_Oplegnathidae_Oplegnathus_fasciatus|Eupercaria_Centrarchiformes_Oplegnathidae_Oplegnathus_peaolopesi|Eupercaria_Centrarchiformes_Oplegnathidae_Oplegnathus_robinsoni|Oplegnathidae_Oplegnathus_punctatus",1.000000001e-06,186,187,0.00677,6769.99999323,8.82025636490632,"RelTime"
"clade:Eupercaria_Centrarchiformes_Oplegnathidae_Oplegnathus_peaolopesi|Eupercaria_Centrarchiformes_Oplegnathidae_Oplegnathus_robinsoni",21.45964521,188,189,0.033965,0.00158273818917438,-6.44859890078593,"RelTime"
"clade:Eupercaria_Centrarchiformes_Scorpididae_Labracoglossa_argenteiventris|Eupercaria_Centrarchiformes_Scorpididae_Medialuna_californiensis|Eupercaria_Centrarchiformes_Scorpididae_Scorpis_georgiana|Eupercaria_Centrarchiformes_Scorpididae_Scorpis_lineolata|Eupercaria_Centrarchiformes_Scorpididae_Scorpis_violacea|Scorpididae_Scorpis_aequipinnis",1e-06,190,203,0.006245,6245,8.73953642255968,"RelTime"
"clade:Eupercaria_Centrarchiformes_Scorpididae_Medialuna_californiensis|Eupercaria_Centrarchiformes_Scorpididae_Scorpis_georgiana",14.54899476,204,207,0.009544,0.000655990338675467,-7.3293644967575,"RelTime"
"clade:Eupercaria_Centrarchiformes_Scorpididae_Medialuna_californiensis|Eupercaria_Centrarchiformes_Scorpididae_Scorpis_georgiana|Eupercaria_Centrarchiformes_Scorpididae_Scorpis_lineolata|Eupercaria_Centrarchiformes_Scorpididae_Scorpis_violacea|Scorpididae_Scorpis_aequipinnis",5.654205215,203,204,0.003618,0.000639877730366389,-7.35423344616474,"RelTime"
"clade:Eupercaria_Centrarchiformes_Scorpididae_Scorpis_lineolata|Eupercaria_Centrarchiformes_Scorpididae_Scorpis_violacea",9.302013537,205,206,0.002191,0.000235540401149171,-8.35362810444809,"RelTime"
"clade:Eupercaria_Centrarchiformes_Scorpididae_Scorpis_lineolata|Eupercaria_Centrarchiformes_Scorpididae_Scorpis_violacea|Scorpididae_Scorpis_aequipinnis",29.38143669,204,205,0.007047,0.000239845317107943,-8.3355163544597,"RelTime"
"clade:Eupercaria_Centrarchiformes_Terapontidae_Amniataba_affinis|Eupercaria_Centrarchiformes_Terapontidae_Amniataba_caudavittata|Eupercaria_Centrarchiformes_Terapontidae_Amniataba_percoides|Eupercaria_Centrarchiformes_Terapontidae_Bidyanus_welchi|Eupercaria_Centrarchiformes_Terapontidae_Hannia_greenwayi|Eupercaria_Centrarchiformes_Terapontidae_Helotes_octolineatus|Eupercaria_Centrarchiformes_Terapontidae_Hephaestus_carbo|Eupercaria_Centrarchiformes_Terapontidae_Hephaestus_epirrhinos|Eupercaria_Centrarchiformes_Terapontidae_Hephaestus_habbemai|Eupercaria_Centrarchiformes_Terapontidae_Hephaestus_transmontanus|Eupercaria_Centrarchiformes_Terapontidae_Hephaestus_tulliensis|Eupercaria_Centrarchiformes_Terapontidae_Lagusia_micracanthus|Eupercaria_Centrarchiformes_Terapontidae_Leiopotherapon_aheneus|Eupercaria_Centrarchiformes_Terapontidae_Leiopotherapon_macrolepis|Eupercaria_Centrarchiformes_Terapontidae_Leiopotherapon_plumbeus|Eupercaria_Centrarchiformes_Terapontidae_Leiopotherapon_unicolor|Eupercaria_Centrarchiformes_Terapontidae_Mesopristes_argenteus|Eupercaria_Centrarchiformes_Terapontidae_Mesopristes_cancellatus|Eupercaria_Centrarchiformes_Terapontidae_Pelates_sexlineatus|Eupercaria_Centrarchiformes_Terapontidae_Pelsartia_humeralis|Eupercaria_Centrarchiformes_Terapontidae_Pingalla_gilberti|Eupercaria_Centrarchiformes_Terapontidae_Pingalla_lorentzi|Eupercaria_Centrarchiformes_Terapontidae_Pingalla_midgleyi|Eupercaria_Centrarchiformes_Terapontidae_Rhynchopelates_oxyrhynchus|Eupercaria_Centrarchiformes_Terapontidae_Scortum_barcoo|Eupercaria_Centrarchiformes_Terapontidae_Scortum_hillii|Eupercaria_Centrarchiformes_Terapontidae_Scortum_ogilbyi|Eupercaria_Centrarchiformes_Terapontidae_Scortum_parviceps|Eupercaria_Centrarchiformes_Terapontidae_Syncomistes_bonapartensis|Eupercaria_Centrarchiformes_Terapontidae_Syncomistes_butleri|Eupercaria_Centrarchiformes_Terapontidae_Syncomistes_carcharus|Eupercaria_Centrarchiformes_Terapontidae_Syncomistes_dilliensis|Eupercaria_Centrarchiformes_Terapontidae_Syncomistes_holsworthi|Eupercaria_Centrarchiformes_Terapontidae_Syncomistes_kimberleyensis|Eupercaria_Centrarchiformes_Terapontidae_Syncomistes_moranensis|Eupercaria_Centrarchiformes_Terapontidae_Syncomistes_rastellus|Eupercaria_Centrarchiformes_Terapontidae_Syncomistes_trigonicus|Eupercaria_Centrarchiformes_Terapontidae_Syncomistes_versicolor|Eupercaria_Centrarchiformes_Terapontidae_Syncomistes_wunambal|Eupercaria_Centrarchiformes_Terapontidae_Variichthys_lacustris|Terapontidae_Bidyanus_bidyanus|Terapontidae_Hephaestus_fuliginosus|Terapontidae_Hephaestus_jenkinsi|Terapontidae_Pelates_quadrilineatus|Terapontidae_Terapon_jarbua|Terapontidae_Terapon_puta|Terapontidae_Terapon_theraps",23.33745503,110,111,0.048347,0.00207164834116876,-6.17941068850203,"RelTime"
"clade:Eupercaria_Centrarchiformes_Terapontidae_Amniataba_affinis|Eupercaria_Centrarchiformes_Terapontidae_Amniataba_caudavittata|Eupercaria_Centrarchiformes_Terapontidae_Amniataba_percoides|Eupercaria_Centrarchiformes_Terapontidae_Bidyanus_welchi|Eupercaria_Centrarchiformes_Terapontidae_Hannia_greenwayi|Eupercaria_Centrarchiformes_Terapontidae_Helotes_octolineatus|Eupercaria_Centrarchiformes_Terapontidae_Hephaestus_carbo|Eupercaria_Centrarchiformes_Terapontidae_Hephaestus_epirrhinos|Eupercaria_Centrarchiformes_Terapontidae_Hephaestus_habbemai|Eupercaria_Centrarchiformes_Terapontidae_Hephaestus_transmontanus|Eupercaria_Centrarchiformes_Terapontidae_Hephaestus_tulliensis|Eupercaria_Centrarchiformes_Terapontidae_Lagusia_micracanthus|Eupercaria_Centrarchiformes_Terapontidae_Leiopotherapon_aheneus|Eupercaria_Centrarchiformes_Terapontidae_Leiopotherapon_macrolepis|Eupercaria_Centrarchiformes_Terapontidae_Leiopotherapon_plumbeus|Eupercaria_Centrarchiformes_Terapontidae_Leiopotherapon_unicolor|Eupercaria_Centrarchiformes_Terapontidae_Mesopristes_argenteus|Eupercaria_Centrarchiformes_Terapontidae_Mesopristes_cancellatus|Eupercaria_Centrarchiformes_Terapontidae_Pelates_sexlineatus|Eupercaria_Centrarchiformes_Terapontidae_Pelsartia_humeralis|Eupercaria_Centrarchiformes_Terapontidae_Pingalla_gilberti|Eupercaria_Centrarchiformes_Terapontidae_Pingalla_lorentzi|Eupercaria_Centrarchiformes_Terapontidae_Pingalla_midgleyi|Eupercaria_Centrarchiformes_Terapontidae_Rhynchopelates_oxyrhynchus|Eupercaria_Centrarchiformes_Terapontidae_Scortum_barcoo|Eupercaria_Centrarchiformes_Terapontidae_Scortum_hillii|Eupercaria_Centrarchiformes_Terapontidae_Scortum_ogilbyi|Eupercaria_Centrarchiformes_Terapontidae_Scortum_parviceps|Eupercaria_Centrarchiformes_Terapontidae_Syncomistes_bonapartensis|Eupercaria_Centrarchiformes_Terapontidae_Syncomistes_butleri|Eupercaria_Centrarchiformes_Terapontidae_Syncomistes_carcharus|Eupercaria_Centrarchiformes_Terapontidae_Syncomistes_dilliensis|Eupercaria_Centrarchiformes_Terapontidae_Syncomistes_holsworthi|Eupercaria_Centrarchiformes_Terapontidae_Syncomistes_kimberleyensis|Eupercaria_Centrarchiformes_Terapontidae_Syncomistes_moranensis|Eupercaria_Centrarchiformes_Terapontidae_Syncomistes_rastellus|Eupercaria_Centrarchiformes_Terapontidae_Syncomistes_trigonicus|Eupercaria_Centrarchiformes_Terapontidae_Syncomistes_versicolor|Eupercaria_Centrarchiformes_Terapontidae_Syncomistes_wunambal|Eupercaria_Centrarchiformes_Terapontidae_Variichthys_lacustris|Terapontidae_Bidyanus_bidyanus|Terapontidae_Hephaestus_fuliginosus|Terapontidae_Hephaestus_jenkinsi|Terapontidae_Pelates_quadrilineatus|Terapontidae_Terapon_puta|Terapontidae_Terapon_theraps",6.505839093,111,112,0.008026,0.00123366100594705,-6.69776910278928,"RelTime"
"clade:Eupercaria_Centrarchiformes_Terapontidae_Amniataba_affinis|Eupercaria_Centrarchiformes_Terapontidae_Amniataba_caudavittata|Eupercaria_Centrarchiformes_Terapontidae_Amniataba_percoides|Eupercaria_Centrarchiformes_Terapontidae_Hannia_greenwayi|Eupercaria_Centrarchiformes_Terapontidae_Helotes_octolineatus|Eupercaria_Centrarchiformes_Terapontidae_Hephaestus_carbo|Eupercaria_Centrarchiformes_Terapontidae_Hephaestus_habbemai|Eupercaria_Centrarchiformes_Terapontidae_Hephaestus_transmontanus|Eupercaria_Centrarchiformes_Terapontidae_Lagusia_micracanthus|Eupercaria_Centrarchiformes_Terapontidae_Leiopotherapon_aheneus|Eupercaria_Centrarchiformes_Terapontidae_Leiopotherapon_macrolepis|Eupercaria_Centrarchiformes_Terapontidae_Leiopotherapon_plumbeus|Eupercaria_Centrarchiformes_Terapontidae_Leiopotherapon_unicolor|Eupercaria_Centrarchiformes_Terapontidae_Mesopristes_argenteus|Eupercaria_Centrarchiformes_Terapontidae_Mesopristes_cancellatus|Eupercaria_Centrarchiformes_Terapontidae_Pelates_sexlineatus|Eupercaria_Centrarchiformes_Terapontidae_Pelsartia_humeralis|Eupercaria_Centrarchiformes_Terapontidae_Rhynchopelates_oxyrhynchus|Eupercaria_Centrarchiformes_Terapontidae_Variichthys_lacustris|Terapontidae_Hephaestus_fuliginosus|Terapontidae_Pelates_quadrilineatus|Terapontidae_Terapon_puta|Terapontidae_Terapon_theraps",0.9047352116,112,113,0.001557,0.00172094550984314,-6.36488142416965,"RelTime"
"clade:Eupercaria_Centrarchiformes_Terapontidae_Amniataba_affinis|Eupercaria_Centrarchiformes_Terapontidae_Amniataba_caudavittata|Eupercaria_Centrarchiformes_Terapontidae_Amniataba_percoides|Eupercaria_Centrarchiformes_Terapontidae_Hannia_greenwayi|Eupercaria_Centrarchiformes_Terapontidae_Hephaestus_carbo|Eupercaria_Centrarchiformes_Terapontidae_Hephaestus_habbemai|Eupercaria_Centrarchiformes_Terapontidae_Hephaestus_transmontanus|Eupercaria_Centrarchiformes_Terapontidae_Lagusia_micracanthus|Eupercaria_Centrarchiformes_Terapontidae_Leiopotherapon_aheneus|Eupercaria_Centrarchiformes_Terapontidae_Leiopotherapon_macrolepis|Eupercaria_Centrarchiformes_Terapontidae_Leiopotherapon_plumbeus|Eupercaria_Centrarchiformes_Terapontidae_Leiopotherapon_unicolor|Eupercaria_Centrarchiformes_Terapontidae_Mesopristes_argenteus|Eupercaria_Centrarchiformes_Terapontidae_Mesopristes_cancellatus|Eupercaria_Centrarchiformes_Terapontidae_Pelsartia_humeralis|Eupercaria_Centrarchiformes_Terapontidae_Rhynchopelates_oxyrhynchus|Eupercaria_Centrarchiformes_Terapontidae_Variichthys_lacustris|Terapontidae_Hephaestus_fuliginosus",1.887296255,113,114,0.003079,0.00163143438230369,-6.41829566198354,"RelTime"
"clade:Eupercaria_Centrarchiformes_Terapontidae_Amniataba_affinis|Eupercaria_Centrarchiformes_Terapontidae_Amniataba_caudavittata|Eupercaria_Centrarchiformes_Terapontidae_Amniataba_percoides|Eupercaria_Centrarchiformes_Terapontidae_Hannia_greenwayi|Eupercaria_Centrarchiformes_Terapontidae_Hephaestus_carbo|Eupercaria_Centrarchiformes_Terapontidae_Hephaestus_habbemai|Eupercaria_Centrarchiformes_Terapontidae_Hephaestus_transmontanus|Eupercaria_Centrarchiformes_Terapontidae_Lagusia_micracanthus|Eupercaria_Centrarchiformes_Terapontidae_Leiopotherapon_aheneus|Eupercaria_Centrarchiformes_Terapontidae_Leiopotherapon_macrolepis|Eupercaria_Centrarchiformes_Terapontidae_Leiopotherapon_plumbeus|Eupercaria_Centrarchiformes_Terapontidae_Leiopotherapon_unicolor|Eupercaria_Centrarchiformes_Terapontidae_Variichthys_lacustris|Terapontidae_Hephaestus_fuliginosus",5.566504321,114,115,0.00977,0.00175514100710244,-6.34520607936456,"RelTime"
"clade:Eupercaria_Centrarchiformes_Terapontidae_Amniataba_affinis|Eupercaria_Centrarchiformes_Terapontidae_Amniataba_caudavittata|Eupercaria_Centrarchiformes_Terapontidae_Amniataba_percoides|Eupercaria_Centrarchiformes_Terapontidae_Hannia_greenwayi|Eupercaria_Centrarchiformes_Terapontidae_Lagusia_micracanthus|Eupercaria_Centrarchiformes_Terapontidae_Leiopotherapon_aheneus|Eupercaria_Centrarchiformes_Terapontidae_Leiopotherapon_macrolepis|Eupercaria_Centrarchiformes_Terapontidae_Leiopotherapon_plumbeus|Eupercaria_Centrarchiformes_Terapontidae_Leiopotherapon_unicolor|Eupercaria_Centrarchiformes_Terapontidae_Variichthys_lacustris|Terapontidae_Hephaestus_fuliginosus",7.290725975,115,116,0.01336,0.00183246497616446,-6.30209323698395,"RelTime"
"clade:Eupercaria_Centrarchiformes_Terapontidae_Amniataba_affinis|Eupercaria_Centrarchiformes_Terapontidae_Amniataba_caudavittata|Eupercaria_Centrarchiformes_Terapontidae_Hannia_greenwayi|Eupercaria_Centrarchiformes_Terapontidae_Lagusia_micracanthus|Eupercaria_Centrarchiformes_Terapontidae_Leiopotherapon_aheneus|Eupercaria_Centrarchiformes_Terapontidae_Leiopotherapon_macrolepis|Eupercaria_Centrarchiformes_Terapontidae_Leiopotherapon_plumbeus|Eupercaria_Centrarchiformes_Terapontidae_Leiopotherapon_unicolor|Eupercaria_Centrarchiformes_Terapontidae_Variichthys_lacustris",2.318630039,116,117,0.004725,0.00203784127718704,-6.19586422886957,"RelTime"
"clade:Eupercaria_Centrarchiformes_Terapontidae_Amniataba_affinis|Eupercaria_Centrarchiformes_Terapontidae_Amniataba_caudavittata|Eupercaria_Centrarchiformes_Terapontidae_Hannia_greenwayi|Eupercaria_Centrarchiformes_Terapontidae_Lagusia_micracanthus|Eupercaria_Centrarchiformes_Terapontidae_Leiopotherapon_aheneus|Eupercaria_Centrarchiformes_Terapontidae_Leiopotherapon_plumbeus",0.7603842757,117,118,0.001729,0.00227385028235665,-6.08628072471456,"RelTime"
"clade:Eupercaria_Centrarchiformes_Terapontidae_Amniataba_affinis|Eupercaria_Centrarchiformes_Terapontidae_Amniataba_caudavittata|Eupercaria_Centrarchiformes_Terapontidae_Lagusia_micracanthus|Eupercaria_Centrarchiformes_Terapontidae_Leiopotherapon_plumbeus",1.177433053,118,119,0.002783,0.00236361633717446,-6.0475624865288,"RelTime"
"clade:Eupercaria_Centrarchiformes_Terapontidae_Amniataba_affinis|Eupercaria_Centrarchiformes_Terapontidae_Lagusia_micracanthus|Eupercaria_Centrarchiformes_Terapontidae_Leiopotherapon_plumbeus",0.5575976075,119,120,0.001468,0.0026327229174849,-5.9397366385346,"RelTime"
"clade:Eupercaria_Centrarchiformes_Terapontidae_Amniataba_affinis|Eupercaria_Centrarchiformes_Terapontidae_Leiopotherapon_plumbeus",0.8287814328,120,121,0.001425,0.00171939180054469,-6.36578465502401,"RelTime"
"clade:Eupercaria_Centrarchiformes_Terapontidae_Amniataba_percoides|Terapontidae_Hephaestus_fuliginosus",7.889710335,116,125,0.007166,0.00090827162160954,-7.00396708135546,"RelTime"
"clade:Eupercaria_Centrarchiformes_Terapontidae_Bidyanus_welchi|Eupercaria_Centrarchiformes_Terapontidae_Hephaestus_epirrhinos|Eupercaria_Centrarchiformes_Terapontidae_Hephaestus_tulliensis|Eupercaria_Centrarchiformes_Terapontidae_Pingalla_gilberti|Eupercaria_Centrarchiformes_Terapontidae_Pingalla_lorentzi|Eupercaria_Centrarchiformes_Terapontidae_Pingalla_midgleyi|Eupercaria_Centrarchiformes_Terapontidae_Scortum_barcoo|Eupercaria_Centrarchiformes_Terapontidae_Scortum_hillii|Eupercaria_Centrarchiformes_Terapontidae_Scortum_ogilbyi|Eupercaria_Centrarchiformes_Terapontidae_Scortum_parviceps|Eupercaria_Centrarchiformes_Terapontidae_Syncomistes_bonapartensis|Eupercaria_Centrarchiformes_Terapontidae_Syncomistes_butleri|Eupercaria_Centrarchiformes_Terapontidae_Syncomistes_carcharus|Eupercaria_Centrarchiformes_Terapontidae_Syncomistes_dilliensis|Eupercaria_Centrarchiformes_Terapontidae_Syncomistes_holsworthi|Eupercaria_Centrarchiformes_Terapontidae_Syncomistes_kimberleyensis|Eupercaria_Centrarchiformes_Terapontidae_Syncomistes_moranensis|Eupercaria_Centrarchiformes_Terapontidae_Syncomistes_rastellus|Eupercaria_Centrarchiformes_Terapontidae_Syncomistes_trigonicus|Eupercaria_Centrarchiformes_Terapontidae_Syncomistes_versicolor|Eupercaria_Centrarchiformes_Terapontidae_Syncomistes_wunambal|Terapontidae_Bidyanus_bidyanus|Terapontidae_Hephaestus_jenkinsi",6.22742006,112,135,0.004648,0.000746376501860708,-7.20028039089253,"RelTime"
"clade:Eupercaria_Centrarchiformes_Terapontidae_Bidyanus_welchi|Eupercaria_Centrarchiformes_Terapontidae_Hephaestus_epirrhinos|Eupercaria_Centrarchiformes_Terapontidae_Hephaestus_tulliensis|Eupercaria_Centrarchiformes_Terapontidae_Scortum_barcoo|Eupercaria_Centrarchiformes_Terapontidae_Scortum_hillii|Eupercaria_Centrarchiformes_Terapontidae_Scortum_ogilbyi|Eupercaria_Centrarchiformes_Terapontidae_Scortum_parviceps|Eupercaria_Centrarchiformes_Terapontidae_Syncomistes_bonapartensis|Eupercaria_Centrarchiformes_Terapontidae_Syncomistes_butleri|Eupercaria_Centrarchiformes_Terapontidae_Syncomistes_carcharus|Eupercaria_Centrarchiformes_Terapontidae_Syncomistes_dilliensis|Eupercaria_Centrarchiformes_Terapontidae_Syncomistes_holsworthi|Eupercaria_Centrarchiformes_Terapontidae_Syncomistes_kimberleyensis|Eupercaria_Centrarchiformes_Terapontidae_Syncomistes_moranensis|Eupercaria_Centrarchiformes_Terapontidae_Syncomistes_rastellus|Eupercaria_Centrarchiformes_Terapontidae_Syncomistes_trigonicus|Eupercaria_Centrarchiformes_Terapontidae_Syncomistes_versicolor|Eupercaria_Centrarchiformes_Terapontidae_Syncomistes_wunambal|Terapontidae_Bidyanus_bidyanus|Terapontidae_Hephaestus_jenkinsi",5.693899323,135,136,0.004095,0.000719190798379348,-7.23738386913322,"RelTime"
"clade:Eupercaria_Centrarchiformes_Terapontidae_Bidyanus_welchi|Terapontidae_Bidyanus_bidyanus",9.243966606,136,154,0.006982,0.000755303464150139,-7.18839095019949,"RelTime"
"clade:Eupercaria_Centrarchiformes_Terapontidae_Hannia_greenwayi|Eupercaria_Centrarchiformes_Terapontidae_Leiopotherapon_aheneus",2.586999467,118,122,0.005418,0.00209431817405164,-6.16852723249295,"RelTime"
"clade:Eupercaria_Centrarchiformes_Terapontidae_Helotes_octolineatus|Eupercaria_Centrarchiformes_Terapontidae_Pelates_sexlineatus|Terapontidae_Pelates_quadrilineatus",4.58241064,132,133,0.010426,0.00227522167240778,-6.08567779290504,"RelTime"
"clade:Eupercaria_Centrarchiformes_Terapontidae_Helotes_octolineatus|Eupercaria_Centrarchiformes_Terapontidae_Pelates_sexlineatus|Terapontidae_Pelates_quadrilineatus|Terapontidae_Terapon_puta|Terapontidae_Terapon_theraps",2.130496644,113,131,0.004353,0.00204318557002148,-6.19324513515148,"RelTime"
"clade:Eupercaria_Centrarchiformes_Terapontidae_Helotes_octolineatus|Eupercaria_Centrarchiformes_Terapontidae_Pelates_sexlineatus|Terapontidae_Pelates_quadrilineatus|Terapontidae_Terapon_theraps",2.471561652,131,132,0.005295,0.00214237018757564,-6.14584249855751,"RelTime"
"clade:Eupercaria_Centrarchiformes_Terapontidae_Hephaestus_carbo|Eupercaria_Centrarchiformes_Terapontidae_Hephaestus_habbemai",3.456388518,126,127,0.003908,0.00113065993005362,-6.78495380782771,"RelTime"
"clade:Eupercaria_Centrarchiformes_Terapontidae_Hephaestus_carbo|Eupercaria_Centrarchiformes_Terapontidae_Hephaestus_habbemai|Eupercaria_Centrarchiformes_Terapontidae_Hephaestus_transmontanus",12.47740766,115,126,0.018362,0.00147161978676587,-6.52139158907393,"RelTime"
"clade:Eupercaria_Centrarchiformes_Terapontidae_Hephaestus_epirrhinos|Eupercaria_Centrarchiformes_Terapontidae_Hephaestus_tulliensis|Eupercaria_Centrarchiformes_Terapontidae_Scortum_barcoo|Eupercaria_Centrarchiformes_Terapontidae_Scortum_hillii|Eupercaria_Centrarchiformes_Terapontidae_Scortum_ogilbyi|Eupercaria_Centrarchiformes_Terapontidae_Scortum_parviceps|Eupercaria_Centrarchiformes_Terapontidae_Syncomistes_bonapartensis|Eupercaria_Centrarchiformes_Terapontidae_Syncomistes_butleri|Eupercaria_Centrarchiformes_Terapontidae_Syncomistes_carcharus|Eupercaria_Centrarchiformes_Terapontidae_Syncomistes_dilliensis|Eupercaria_Centrarchiformes_Terapontidae_Syncomistes_holsworthi|Eupercaria_Centrarchiformes_Terapontidae_Syncomistes_kimberleyensis|Eupercaria_Centrarchiformes_Terapontidae_Syncomistes_moranensis|Eupercaria_Centrarchiformes_Terapontidae_Syncomistes_rastellus|Eupercaria_Centrarchiformes_Terapontidae_Syncomistes_trigonicus|Eupercaria_Centrarchiformes_Terapontidae_Syncomistes_versicolor|Eupercaria_Centrarchiformes_Terapontidae_Syncomistes_wunambal|Terapontidae_Hephaestus_jenkinsi",4.239502352,136,137,0.003032,0.000715178279962421,-7.24297870374618,"RelTime"
"clade:Eupercaria_Centrarchiformes_Terapontidae_Hephaestus_epirrhinos|Terapontidae_Hephaestus_jenkinsi",4.785725825,137,153,0.002604,0.000544118091010782,-7.51634425560264,"RelTime"
"clade:Eupercaria_Centrarchiformes_Terapontidae_Hephaestus_tulliensis|Eupercaria_Centrarchiformes_Terapontidae_Scortum_barcoo|Eupercaria_Centrarchiformes_Terapontidae_Scortum_hillii|Eupercaria_Centrarchiformes_Terapontidae_Scortum_ogilbyi|Eupercaria_Centrarchiformes_Terapontidae_Scortum_parviceps|Eupercaria_Centrarchiformes_Terapontidae_Syncomistes_bonapartensis|Eupercaria_Centrarchiformes_Terapontidae_Syncomistes_butleri|Eupercaria_Centrarchiformes_Terapontidae_Syncomistes_carcharus|Eupercaria_Centrarchiformes_Terapontidae_Syncomistes_dilliensis|Eupercaria_Centrarchiformes_Terapontidae_Syncomistes_holsworthi|Eupercaria_Centrarchiformes_Terapontidae_Syncomistes_kimberleyensis|Eupercaria_Centrarchiformes_Terapontidae_Syncomistes_moranensis|Eupercaria_Centrarchiformes_Terapontidae_Syncomistes_rastellus|Eupercaria_Centrarchiformes_Terapontidae_Syncomistes_trigonicus|Eupercaria_Centrarchiformes_Terapontidae_Syncomistes_versicolor|Eupercaria_Centrarchiformes_Terapontidae_Syncomistes_wunambal",0.8010200884,137,138,0.00059,0.00073656080358546,-7.21351876798732,"RelTime"
"clade:Eupercaria_Centrarchiformes_Terapontidae_Leiopotherapon_macrolepis|Eupercaria_Centrarchiformes_Terapontidae_Leiopotherapon_unicolor|Eupercaria_Centrarchiformes_Terapontidae_Variichthys_lacustris",0.2733386385,117,123,0.000428,0.00156582326724365,-6.45934354394852,"RelTime"
"clade:Eupercaria_Centrarchiformes_Terapontidae_Leiopotherapon_macrolepis|Eupercaria_Centrarchiformes_Terapontidae_Variichthys_lacustris",1.749769255,123,124,0.003515,0.00200883630224718,-6.21019967867568,"RelTime"
"clade:Eupercaria_Centrarchiformes_Terapontidae_Mesopristes_argenteus|Eupercaria_Centrarchiformes_Terapontidae_Mesopristes_cancellatus|Eupercaria_Centrarchiformes_Terapontidae_Pelsartia_humeralis|Eupercaria_Centrarchiformes_Terapontidae_Rhynchopelates_oxyrhynchus",1.430167292,114,128,0.001714,0.00119846119372726,-6.72671688364846,"RelTime"
"clade:Eupercaria_Centrarchiformes_Terapontidae_Mesopristes_argenteus|Eupercaria_Centrarchiformes_Terapontidae_Mesopristes_cancellatus|Eupercaria_Centrarchiformes_Terapontidae_Rhynchopelates_oxyrhynchus",4.897630047,128,129,0.006106,0.00124672544504258,-6.68723480890538,"RelTime"
"clade:Eupercaria_Centrarchiformes_Terapontidae_Mesopristes_argenteus|Eupercaria_Centrarchiformes_Terapontidae_Rhynchopelates_oxyrhynchus",2.162498942,129,130,0.002778,0.00128462490595753,-6.65728850522521,"RelTime"
"clade:Eupercaria_Centrarchiformes_Terapontidae_Pelates_sexlineatus|Terapontidae_Pelates_quadrilineatus",9.879504446,133,134,0.022158,0.00224282504462775,-6.10001902709806,"RelTime"
"clade:Eupercaria_Centrarchiformes_Terapontidae_Pingalla_gilberti|Eupercaria_Centrarchiformes_Terapontidae_Pingalla_lorentzi|Eupercaria_Centrarchiformes_Terapontidae_Pingalla_midgleyi",9.190239876,135,155,0.008525,0.000927614525303387,-6.98289429368934,"RelTime"
"clade:Eupercaria_Centrarchiformes_Terapontidae_Pingalla_lorentzi|Eupercaria_Centrarchiformes_Terapontidae_Pingalla_midgleyi",2.424896416,155,156,0.001879,0.000774878459798095,-7.1628043669764,"RelTime"
"clade:Eupercaria_Centrarchiformes_Terapontidae_Scortum_barcoo|Eupercaria_Centrarchiformes_Terapontidae_Scortum_hillii|Eupercaria_Centrarchiformes_Terapontidae_Scortum_ogilbyi|Eupercaria_Centrarchiformes_Terapontidae_Scortum_parviceps",1.229170002,139,150,0.001066,0.000867251884007498,-7.05018109972416,"RelTime"
"clade:Eupercaria_Centrarchiformes_Terapontidae_Scortum_barcoo|Eupercaria_Centrarchiformes_Terapontidae_Scortum_hillii|Eupercaria_Centrarchiformes_Terapontidae_Scortum_ogilbyi|Eupercaria_Centrarchiformes_Terapontidae_Scortum_parviceps|Eupercaria_Centrarchiformes_Terapontidae_Syncomistes_bonapartensis|Eupercaria_Centrarchiformes_Terapontidae_Syncomistes_butleri|Eupercaria_Centrarchiformes_Terapontidae_Syncomistes_carcharus|Eupercaria_Centrarchiformes_Terapontidae_Syncomistes_dilliensis|Eupercaria_Centrarchiformes_Terapontidae_Syncomistes_holsworthi|Eupercaria_Centrarchiformes_Terapontidae_Syncomistes_kimberleyensis|Eupercaria_Centrarchiformes_Terapontidae_Syncomistes_moranensis|Eupercaria_Centrarchiformes_Terapontidae_Syncomistes_rastellus|Eupercaria_Centrarchiformes_Terapontidae_Syncomistes_trigonicus|Eupercaria_Centrarchiformes_Terapontidae_Syncomistes_versicolor|Eupercaria_Centrarchiformes_Terapontidae_Syncomistes_wunambal",0.2392057402,138,139,0.000182,0.000760851306694521,-7.18107261118552,"RelTime"
"clade:Eupercaria_Centrarchiformes_Terapontidae_Scortum_barcoo|Eupercaria_Centrarchiformes_Terapontidae_Scortum_ogilbyi",6.273524964,150,152,0.005315,0.000847211102290913,-7.07356065907584,"RelTime"
"clade:Eupercaria_Centrarchiformes_Terapontidae_Scortum_hillii|Eupercaria_Centrarchiformes_Terapontidae_Scortum_parviceps",4.685038161,150,151,0.004157,0.000887292665960421,-7.02733567972637,"RelTime"
"clade:Eupercaria_Centrarchiformes_Terapontidae_Syncomistes_bonapartensis|Eupercaria_Centrarchiformes_Terapontidae_Syncomistes_butleri",2.134538089,142,146,0.001273,0.00059638195568409,-7.4246292309236,"RelTime"
"clade:Eupercaria_Centrarchiformes_Terapontidae_Syncomistes_bonapartensis|Eupercaria_Centrarchiformes_Terapontidae_Syncomistes_butleri|Eupercaria_Centrarchiformes_Terapontidae_Syncomistes_carcharus|Eupercaria_Centrarchiformes_Terapontidae_Syncomistes_dilliensis|Eupercaria_Centrarchiformes_Terapontidae_Syncomistes_holsworthi|Eupercaria_Centrarchiformes_Terapontidae_Syncomistes_kimberleyensis|Eupercaria_Centrarchiformes_Terapontidae_Syncomistes_moranensis|Eupercaria_Centrarchiformes_Terapontidae_Syncomistes_rastellus|Eupercaria_Centrarchiformes_Terapontidae_Syncomistes_trigonicus|Eupercaria_Centrarchiformes_Terapontidae_Syncomistes_versicolor|Eupercaria_Centrarchiformes_Terapontidae_Syncomistes_wunambal",2.612993672,139,140,0.001887,0.000722160187458732,-7.2332635773938,"RelTime"
"clade:Eupercaria_Centrarchiformes_Terapontidae_Syncomistes_bonapartensis|Eupercaria_Centrarchiformes_Terapontidae_Syncomistes_butleri|Eupercaria_Centrarchiformes_Terapontidae_Syncomistes_carcharus|Eupercaria_Centrarchiformes_Terapontidae_Syncomistes_dilliensis|Eupercaria_Centrarchiformes_Terapontidae_Syncomistes_holsworthi|Eupercaria_Centrarchiformes_Terapontidae_Syncomistes_kimberleyensis|Eupercaria_Centrarchiformes_Terapontidae_Syncomistes_rastellus|Eupercaria_Centrarchiformes_Terapontidae_Syncomistes_trigonicus|Eupercaria_Centrarchiformes_Terapontidae_Syncomistes_versicolor|Eupercaria_Centrarchiformes_Terapontidae_Syncomistes_wunambal",0.499331201,140,141,0.00037,0.000740991148277954,-7.20752187838332,"RelTime"
"clade:Eupercaria_Centrarchiformes_Terapontidae_Syncomistes_bonapartensis|Eupercaria_Centrarchiformes_Terapontidae_Syncomistes_butleri|Eupercaria_Centrarchiformes_Terapontidae_Syncomistes_kimberleyensis|Eupercaria_Centrarchiformes_Terapontidae_Syncomistes_rastellus|Eupercaria_Centrarchiformes_Terapontidae_Syncomistes_trigonicus|Eupercaria_Centrarchiformes_Terapontidae_Syncomistes_wunambal",0.001746259037,141,142,1e-06,0.000572652727236824,-7.46523108564726,"RelTime"
"clade:Eupercaria_Centrarchiformes_Terapontidae_Syncomistes_carcharus|Eupercaria_Centrarchiformes_Terapontidae_Syncomistes_dilliensis|Eupercaria_Centrarchiformes_Terapontidae_Syncomistes_holsworthi|Eupercaria_Centrarchiformes_Terapontidae_Syncomistes_versicolor",0.881732336,141,147,0.000876,0.000993498779883695,-6.9142777240721,"RelTime"
"clade:Eupercaria_Centrarchiformes_Terapontidae_Syncomistes_carcharus|Eupercaria_Centrarchiformes_Terapontidae_Syncomistes_versicolor",1.476564697,147,149,0.001736,0.00117570195435873,-6.74588990179824,"RelTime"
"clade:Eupercaria_Centrarchiformes_Terapontidae_Syncomistes_dilliensis|Eupercaria_Centrarchiformes_Terapontidae_Syncomistes_holsworthi",0.001232596348,147,148,1e-06,0.000811295605104292,-7.11687807568098,"RelTime"
"clade:Eupercaria_Centrarchiformes_Terapontidae_Syncomistes_kimberleyensis|Eupercaria_Centrarchiformes_Terapontidae_Syncomistes_rastellus",1.139140784,143,145,0.00041,0.000359920394176669,-7.92962767825339,"RelTime"
"clade:Eupercaria_Centrarchiformes_Terapontidae_Syncomistes_kimberleyensis|Eupercaria_Centrarchiformes_Terapontidae_Syncomistes_rastellus|Eupercaria_Centrarchiformes_Terapontidae_Syncomistes_trigonicus|Eupercaria_Centrarchiformes_Terapontidae_Syncomistes_wunambal",1.496108746,142,143,0.000839,0.000560788112657688,-7.48616741958395,"RelTime"
"clade:Eupercaria_Centrarchiformes_Terapontidae_Syncomistes_trigonicus|Eupercaria_Centrarchiformes_Terapontidae_Syncomistes_wunambal",1.008329443,143,144,0.000768,0.000761655831168663,-7.18001576944204,"RelTime"
"clade:Kyphosidae_Kyphosus_pacificus|Kyphosidae_Kyphosus_sectatrix",2.232277439,173,174,0.000928,0.000415718935194596,-7.7855011625997,"RelTime"
"tip:Centrarchidae_Lepomis_macrochirus",44.16316924,208,105,0.022586,0.000511421630029738,-7.5783162002845,"RelTime"
"tip:Centrarchidae_Micropterus_dolomieu",8.110166709,209,103,0.003348,0.000412815188655082,-7.79251055025123,"RelTime"
"tip:Centrarchidae_Micropterus_salmoides",8.110166709,209,104,0.003338,0.000411582168378334,-7.79550187763882,"RelTime"
"tip:Eupercaria_Centrarchiformes_Dichistiidae_Dichistius_capensis",27.10060509,184,76,0.012183,0.000449547158063104,-7.70726979729054,"RelTime"
"tip:Eupercaria_Centrarchiformes_Dichistiidae_Dichistius_multifasciatus",27.10060509,184,75,0.032336,0.00119318369064504,-6.73113017400154,"RelTime"
"tip:Eupercaria_Centrarchiformes_Girellidae_Girella_cyanea",11.18713985,196,86,0.000761,6.80245362267461e-05,-9.59564209100661,"RelTime"
"tip:Eupercaria_Centrarchiformes_Girellidae_Girella_fimbriata",1.109035946,202,95,1e-06,9.01684028914244e-07,-13.9190016787919,"RelTime"
"tip:Eupercaria_Centrarchiformes_Girellidae_Girella_laevifrons",12.3239568,194,89,0.012285,0.000996838937312731,-6.91092134838187,"RelTime"
"tip:Eupercaria_Centrarchiformes_Girellidae_Girella_leonina",0.1656545982,201,91,1e-06,6.03665706153637e-06,-12.0176601658698,"RelTime"
"tip:Eupercaria_Centrarchiformes_Girellidae_Girella_melanichthys",0.1656545982,201,90,0.000549,0.00331412472678347,-5.70956172436026,"RelTime"
"tip:Eupercaria_Centrarchiformes_Girellidae_Girella_mezina",10.1567352,200,92,0.011373,0.00111974958252333,-6.79465020570718,"RelTime"
"tip:Eupercaria_Centrarchiformes_Girellidae_Girella_nebulosa",1.109035946,202,94,0.001414,0.00127498121688474,-6.66482383233537,"RelTime"
"tip:Eupercaria_Centrarchiformes_Girellidae_Girella_nigricans",1.7003873,198,88,0.003097,0.00182134975955184,-6.30817742663481,"RelTime"
"tip:Eupercaria_Centrarchiformes_Girellidae_Girella_punctata",12.40542895,199,93,0.006637,0.000535007699189636,-7.53322942016315,"RelTime"
"tip:Eupercaria_Centrarchiformes_Girellidae_Girella_simplicidens",1.7003873,198,87,0.001983,0.00116620489931911,-6.75400047808822,"RelTime"
"tip:Eupercaria_Centrarchiformes_Girellidae_Girella_tricuspidata",9.41070885,197,85,0.007605,0.000808121908903812,-7.12079763346782,"RelTime"
"tip:Eupercaria_Centrarchiformes_Girellidae_Girella_zebra",9.41070885,197,84,0.013903,0.00147735948711239,-6.51749891499167,"RelTime"
"tip:Eupercaria_Centrarchiformes_Girellidae_Graus_nigra",44.40688486,191,96,0.039409,0.000887452477791301,-7.027155584199,"RelTime"
"tip:Eupercaria_Centrarchiformes_Kuhliidae_Kuhlia_caudavittata",31.74866793,158,58,0.024914,0.000784725836527404,-7.15017615401617,"RelTime"
"tip:Eupercaria_Centrarchiformes_Kuhliidae_Kuhlia_mugil",3.684008795,166,53,0.001613,0.00043783825982967,-7.73366098557998,"RelTime"
"tip:Eupercaria_Centrarchiformes_Kuhliidae_Kuhlia_munda",42.35171083,157,59,0.040495,0.000956159720738252,-6.95258558696589,"RelTime"
"tip:Eupercaria_Centrarchiformes_Kuhliidae_Kuhlia_nutabunda",2.402798665,167,55,0.001507,0.000627185299355908,-7.3742685277297,"RelTime"
"tip:Eupercaria_Centrarchiformes_Kuhliidae_Kuhlia_rupestris",13.7622173,163,52,0.007721,0.000561028781314186,-7.48573835016721,"RelTime"
"tip:Eupercaria_Centrarchiformes_Kuhliidae_Kuhlia_salelea",4.743758261,162,48,0.004538,0.000956625475060227,-6.95209859623405,"RelTime"
"tip:Eupercaria_Centrarchiformes_Kuhliidae_Kuhlia_sandvicensis",2.402798665,167,56,0.001505,0.000626352936649397,-7.37559654917322,"RelTime"
"tip:Eupercaria_Centrarchiformes_Kuhliidae_Kuhlia_sauvagii",13.7622173,163,51,0.015541,0.00112925117088509,-6.78620054656042,"RelTime"
"tip:Eupercaria_Centrarchiformes_Kyphosidae_Kyphosus_azureus",28.43525749,177,70,0.017991,0.000632700442622227,-7.3655134822349,"RelTime"
"tip:Eupercaria_Centrarchiformes_Kyphosidae_Kyphosus_bigibbus",5.378634002,173,62,0.002216,0.000412000518937708,-7.794485949058,"RelTime"
"tip:Eupercaria_Centrarchiformes_Kyphosidae_Kyphosus_cornelii",28.43525749,177,69,0.015082,0.000530397869803148,-7.54188313530893,"RelTime"
"tip:Eupercaria_Centrarchiformes_Kyphosidae_Kyphosus_hawaiiensis",4.983812203,175,67,0.001403,0.000281511409911366,-8.17533757866113,"RelTime"
"tip:Eupercaria_Centrarchiformes_Kyphosidae_Kyphosus_ocyurus",2.894620638,176,65,0.001931,0.000667099506805907,-7.31257133755966,"RelTime"
"tip:Eupercaria_Centrarchiformes_Kyphosidae_Kyphosus_sydneyanus",26.70959786,169,68,0.006616,0.000247701220912354,-8.30328729248493,"RelTime"
"tip:Eupercaria_Centrarchiformes_Microcanthidae_Microcanthus_strigatus",40.68336291,181,73,0.041516,0.00102046627983635,-6.88749561904682,"RelTime"
"tip:Eupercaria_Centrarchiformes_Microcanthidae_Neatypus_obliquus",31.7244579,182,71,0.031782,0.00100181380877118,-6.9059431131757,"RelTime"
"tip:Eupercaria_Centrarchiformes_Microcanthidae_Tilodon_sexfasciatus",31.7244579,182,72,0.020591,0.0006490575840541,-7.33998911784014,"RelTime"
"tip:Eupercaria_Centrarchiformes_Oplegnathidae_Oplegnathus_conwayi",54.548216,183,77,0.04296,0.000787560128455897,-7.14657083658448,"RelTime"
"tip:Eupercaria_Centrarchiformes_Oplegnathidae_Oplegnathus_fasciatus",23.198347,188,80,0.004583,0.000197557179397308,-8.52948249958901,"RelTime"
"tip:Eupercaria_Centrarchiformes_Oplegnathidae_Oplegnathus_insignis",23.198349,186,82,0.044127,0.00190216122707698,-6.26476455132372,"RelTime"
"tip:Eupercaria_Centrarchiformes_Oplegnathidae_Oplegnathus_peaolopesi",1.738701788,189,79,0.002902,0.00166906137672874,-6.39549386042574,"RelTime"
"tip:Eupercaria_Centrarchiformes_Oplegnathidae_Oplegnathus_robinsoni",1.738701788,189,78,1e-06,5.7514175628144e-07,-14.3686492938699,"RelTime"
"tip:Eupercaria_Centrarchiformes_Scorpididae_Labracoglossa_argenteiventris",54.548218,203,102,0.046588,0.000854070063297026,-7.0654973262095,"RelTime"
"tip:Eupercaria_Centrarchiformes_Scorpididae_Medialuna_californiensis",34.34501802,207,101,0.015051,0.000438229497833875,-7.7327678171537,"RelTime"
"tip:Eupercaria_Centrarchiformes_Scorpididae_Scorpis_georgiana",34.34501802,207,100,0.030009,0.000873751179356639,-7.04271491465277,"RelTime"
"tip:Eupercaria_Centrarchiformes_Scorpididae_Scorpis_lineolata",10.21056255,206,98,0.002596,0.000254246520432902,-8.27720620874222,"RelTime"
"tip:Eupercaria_Centrarchiformes_Scorpididae_Scorpis_violacea",10.21056255,206,97,0.002214,0.000216834282064116,-8.43637717329762,"RelTime"
"tip:Eupercaria_Centrarchiformes_Terapontidae_Amniataba_affinis",3.4128347,121,1,0.004459,0.00130653852060283,-6.64037398962437,"RelTime"
"tip:Eupercaria_Centrarchiformes_Terapontidae_Amniataba_caudavittata",4.799213741,119,4,0.007469,0.00155629659420914,-6.46544625814539,"RelTime"
"tip:Eupercaria_Centrarchiformes_Terapontidae_Amniataba_percoides",1.165950774,125,10,0.000531,0.0004554223144244,-7.69428540592067,"RelTime"
"tip:Eupercaria_Centrarchiformes_Terapontidae_Bidyanus_welchi",3.539636884,154,42,0.005346,0.00151032441326544,-6.49543080800866,"RelTime"
"tip:Eupercaria_Centrarchiformes_Terapontidae_Hannia_greenwayi",3.389647327,122,6,0.005887,0.00173675885190401,-6.3557346315832,"RelTime"
"tip:Eupercaria_Centrarchiformes_Terapontidae_Helotes_octolineatus",14.61571872,133,21,0.034201,0.00234001492880399,-6.05759796980211,"RelTime"
"tip:Eupercaria_Centrarchiformes_Terapontidae_Hephaestus_carbo",0.4125909016,127,12,0.000233,0.000564724038015481,-7.47917337442897,"RelTime"
"tip:Eupercaria_Centrarchiformes_Terapontidae_Hephaestus_epirrhinos",3.758375312,153,40,0.000586,0.000155918435854178,-8.76617753453554,"RelTime"
"tip:Eupercaria_Centrarchiformes_Terapontidae_Hephaestus_habbemai",0.4125909016,127,13,7e-04,0.00169659582236411,-6.37913149295127,"RelTime"
"tip:Eupercaria_Centrarchiformes_Terapontidae_Hephaestus_transmontanus",3.86897942,126,14,0.008332,0.00215353949853783,-6.14064251208371,"RelTime"
"tip:Eupercaria_Centrarchiformes_Terapontidae_Hephaestus_tulliensis",7.743081049,138,39,0.002882,0.000372203258852909,-7.89607045814451,"RelTime"
"tip:Eupercaria_Centrarchiformes_Terapontidae_Lagusia_micracanthus",4.241616133,120,3,0.018915,0.00445938515106077,-5.41274438096008,"RelTime"
"tip:Eupercaria_Centrarchiformes_Terapontidae_Leiopotherapon_aheneus",3.389647327,122,5,0.008311,0.00245187749586788,-6.01090122305843,"RelTime"
"tip:Eupercaria_Centrarchiformes_Terapontidae_Leiopotherapon_macrolepis",4.713923176,124,7,0.013211,0.00280254885511524,-5.87722597047937,"RelTime"
"tip:Eupercaria_Centrarchiformes_Terapontidae_Leiopotherapon_plumbeus",3.4128347,121,2,0.007277,0.00213224508060704,-6.15057982590476,"RelTime"
"tip:Eupercaria_Centrarchiformes_Terapontidae_Leiopotherapon_unicolor",6.463692431,123,9,0.004394,0.000679797197485185,-7.29371604326859,"RelTime"
"tip:Eupercaria_Centrarchiformes_Terapontidae_Mesopristes_argenteus",13.42259512,130,16,0.007666,0.000571126517000984,-7.46789980192156,"RelTime"
"tip:Eupercaria_Centrarchiformes_Terapontidae_Mesopristes_cancellatus",15.58509407,129,17,0.018249,0.00117092652235753,-6.74995994410853,"RelTime"
"tip:Eupercaria_Centrarchiformes_Terapontidae_Pelates_sexlineatus",4.736214278,134,19,0.008957,0.00189117288075538,-6.27055807055742,"RelTime"
"tip:Eupercaria_Centrarchiformes_Terapontidae_Pelsartia_humeralis",20.48272411,128,18,0.021582,0.00105366844195608,-6.85547744955003,"RelTime"
"tip:Eupercaria_Centrarchiformes_Terapontidae_Pingalla_gilberti",9.287262936,155,46,0.011452,0.00123308665630741,-6.69823477640381,"RelTime"
"tip:Eupercaria_Centrarchiformes_Terapontidae_Pingalla_lorentzi",6.86236652,156,45,0.006642,0.000967887678491414,-6.94039451203654,"RelTime"
"tip:Eupercaria_Centrarchiformes_Terapontidae_Pingalla_midgleyi",6.86236652,156,44,0.003993,0.000581869241224964,-7.44926480691001,"RelTime"
"tip:Eupercaria_Centrarchiformes_Terapontidae_Rhynchopelates_oxyrhynchus",13.42259512,130,15,0.02682,0.00199812329584743,-6.21554689102639,"RelTime"
"tip:Eupercaria_Centrarchiformes_Terapontidae_Scortum_barcoo",0.001180343361,152,38,1e-06,0.000847211102329401,-7.07356065903041,"RelTime"
"tip:Eupercaria_Centrarchiformes_Terapontidae_Scortum_hillii",1.589667146,151,35,0.001674,0.00105305063655131,-6.8560639590935,"RelTime"
"tip:Eupercaria_Centrarchiformes_Terapontidae_Scortum_ogilbyi",0.001180343361,152,37,1e-06,0.000847211102329401,-7.07356065903041,"RelTime"
"tip:Eupercaria_Centrarchiformes_Terapontidae_Scortum_parviceps",1.589667146,151,36,0.001147,0.000721534695414785,-7.23413009301355,"RelTime"
"tip:Eupercaria_Centrarchiformes_Terapontidae_Syncomistes_bonapartensis",2.255266088,146,28,0.001747,0.000774631432315494,-7.16312321293659,"RelTime"
"tip:Eupercaria_Centrarchiformes_Terapontidae_Syncomistes_butleri",2.255266088,146,29,0.000943,0.000418132478920155,-7.77971224043719,"RelTime"
"tip:Eupercaria_Centrarchiformes_Terapontidae_Syncomistes_carcharus",2.033253403,149,33,0.00478,0.00235091208648527,-6.05295190421727,"RelTime"
"tip:Eupercaria_Centrarchiformes_Terapontidae_Syncomistes_dilliensis",3.508585504,148,30,0.004834,0.0013777632024327,-6.58729396264281,"RelTime"
"tip:Eupercaria_Centrarchiformes_Terapontidae_Syncomistes_holsworthi",3.508585504,148,31,0.000859,0.000244828008045033,-8.31495460192198,"RelTime"
"tip:Eupercaria_Centrarchiformes_Terapontidae_Syncomistes_kimberleyensis",1.754554647,145,27,1e-06,5.6994520045861e-07,-14.3777256202858,"RelTime"
"tip:Eupercaria_Centrarchiformes_Terapontidae_Syncomistes_moranensis",4.890881637,140,34,0.002611,0.000533850580281381,-7.53539457036597,"RelTime"
"tip:Eupercaria_Centrarchiformes_Terapontidae_Syncomistes_rastellus",1.754554647,145,26,0.001262,0.000719270842978765,-7.23727257718466,"RelTime"
"tip:Eupercaria_Centrarchiformes_Terapontidae_Syncomistes_trigonicus",1.885365989,144,25,0.001135,0.000602005131429153,-7.41524458872309,"RelTime"
"tip:Eupercaria_Centrarchiformes_Terapontidae_Syncomistes_versicolor",2.033253403,149,32,1e-06,4.91822612235412e-07,-14.5251477297028,"RelTime"
"tip:Eupercaria_Centrarchiformes_Terapontidae_Syncomistes_wunambal",1.885365989,144,24,0.001737,0.000921306531535188,-6.98971775239749,"RelTime"
"tip:Eupercaria_Centrarchiformes_Terapontidae_Variichthys_lacustris",4.713923176,124,8,0.005728,0.00121512374855046,-6.71290935671724,"RelTime"
"tip:Kuhliidae_Kuhlia_malo",4.743758261,162,49,0.003259,0.000687008026271767,-7.28316458273627,"RelTime"
"tip:Kuhliidae_Kuhlia_marginata",7.176174002,161,50,0.001015,0.000141440271615086,-8.86363303872125,"RelTime"
"tip:Kuhliidae_Kuhlia_petiti",3.684008795,166,54,0.001621,0.000440009807305577,-7.72871354196951,"RelTime"
"tip:Kuhliidae_Kuhlia_xenura",19.9747929,164,57,0.005143,0.00025747450928515,-8.264589835828,"RelTime"
"tip:Kyphosidae_Kyphosus_cinerascens",7.285298,172,63,0.003823,0.000524755473283317,-7.55257816904958,"RelTime"
"tip:Kyphosidae_Kyphosus_elegans",7.285299,171,64,0.004243,0.000582405746147138,-7.4483431948064,"RelTime"
"tip:Kyphosidae_Kyphosus_pacificus",3.146356563,174,61,0.001275,0.000405230613400125,-7.81105423711062,"RelTime"
"tip:Kyphosidae_Kyphosus_sectatrix",3.146356563,174,60,0.001341,0.000426207256917308,-7.76058481142147,"RelTime"
"tip:Kyphosidae_Kyphosus_vaigiensis",2.894620638,176,66,0.000538,0.000185862006557006,-8.5905060598264,"RelTime"
"tip:Oplegnathidae_Oplegnathus_punctatus",23.198348,187,81,0.008042,0.000346662615803505,-7.96715853974744,"RelTime"
"tip:Oplegnathidae_Oplegnathus_woodwardi",23.19835,185,83,0.013728,0.000591766224753054,-7.43239889168994,"RelTime"
"tip:Scorpididae_Atypichthys_strigatus",48.12345564,180,74,0.006361,0.000132180865139551,-8.9313393827811,"RelTime"
"tip:Scorpididae_Scorpis_aequipinnis",19.51257609,205,99,0.004848,0.000248455149009492,-8.30024821560064,"RelTime"
"tip:Terapontidae_Bidyanus_bidyanus",3.539636884,154,43,1e-06,2.8251485470734e-07,-15.0795347047075,"RelTime"
"tip:Terapontidae_Hephaestus_fuliginosus",1.165950774,125,11,0.001587,0.00136112092842095,-6.5994467066362,"RelTime"
"tip:Terapontidae_Hephaestus_jenkinsi",3.758375312,153,41,0.003504,0.00093231774613147,-6.97783687205627,"RelTime"
"tip:Terapontidae_Pelates_quadrilineatus",4.736214278,134,20,0.012288,0.00259447720874423,-5.95437024364516,"RelTime"
"tip:Terapontidae_Terapon_jarbua",31.21076197,111,47,0.039468,0.00126456380776403,-6.67302803226217,"RelTime"
"tip:Terapontidae_Terapon_puta",21.66969102,131,23,0.035678,0.00164644710287152,-6.4091355836779,"RelTime"
"tip:Terapontidae_Terapon_theraps",19.19812936,132,22,0.033478,0.00174381573184691,-6.35167961742225,"RelTime"
