"node","age_min","age_max","n_merged"
106,105.34586,105.34586,1
107,54.54822,54.54822,1
170,7.2853,7.2853,1
185,23.19835,23.19835,1
